timestamp,F_alimentacao_L_min,u_step,CA_mol_L
2026-08-01 00:00:00,11.096,11.096,0.5123
2026-08-01 00:01:00,11.096,11.096,-0.0822
2026-08-01 00:02:00,11.096,11.096,-0.6514
2026-08-01 00:03:00,11.096,11.096,-1.1558
2026-08-01 00:04:00,11.096,11.096,-1.5964
2026-08-01 00:05:00,11.096,11.096,-1.9637
2026-08-01 00:06:00,11.096,11.096,-2.3189
2026-08-01 00:07:00,11.096,11.096,-2.6444
2026-08-01 00:08:00,11.096,11.096,-2.9578
2026-08-01 00:09:00,11.096,11.096,-3.2002
2026-08-01 00:10:00,11.096,11.096,-3.4368
2026-08-01 00:11:00,11.096,11.096,-3.6456
2026-08-01 00:12:00,11.096,11.096,-3.8224
2026-08-01 00:13:00,11.096,11.096,-4.0061
2026-08-01 00:14:00,11.096,11.096,-4.1508
2026-08-01 00:15:00,11.096,11.096,-4.3013
2026-08-01 00:16:00,11.096,11.096,-4.4214
2026-08-01 00:17:00,11.096,11.096,-4.5267
2026-08-01 00:18:00,11.096,11.096,-4.6693
2026-08-01 00:19:00,11.096,11.096,-4.7373
2026-08-01 00:20:00,11.096,11.096,-4.8220
2026-08-01 00:21:00,11.096,11.096,-4.8989
2026-08-01 00:22:00,11.096,11.096,-4.9578
2026-08-01 00:23:00,11.096,11.096,-4.9820
2026-08-01 00:24:00,11.096,11.096,-5.0828
2026-08-01 00:25:00,11.096,11.096,-5.0944
2026-08-01 00:26:00,11.096,11.096,-5.1908
2026-08-01 00:27:00,11.096,11.096,-5.2029
2026-08-01 00:28:00,11.096,11.096,-5.2281
2026-08-01 00:29:00,11.096,11.096,-5.2513
2026-08-01 00:30:00,10.851,10.851,-5.2773
2026-08-01 00:31:00,10.851,10.851,-5.3013
2026-08-01 00:32:00,10.851,10.851,-5.3472
2026-08-01 00:33:00,10.851,10.851,-5.3703
2026-08-01 00:34:00,10.851,10.851,-5.3625
2026-08-01 00:35:00,10.851,10.851,-5.3881
2026-08-01 00:36:00,10.851,10.851,-5.4139
2026-08-01 00:37:00,10.851,10.851,-5.4148
2026-08-01 00:38:00,10.851,10.851,-5.4139
2026-08-01 00:39:00,10.851,10.851,-5.3886
2026-08-01 00:40:00,10.851,10.851,-5.3984
2026-08-01 00:41:00,10.851,10.851,-5.3899
2026-08-01 00:42:00,10.851,10.851,-5.4144
2026-08-01 00:43:00,10.851,10.851,-5.4047
2026-08-01 00:44:00,10.851,10.851,-5.3971
2026-08-01 00:45:00,10.851,10.851,-5.4174
2026-08-01 00:46:00,10.851,10.851,-5.4036
2026-08-01 00:47:00,10.851,10.851,-5.4272
2026-08-01 00:48:00,10.851,10.851,-5.4224
2026-08-01 00:49:00,10.851,10.851,-5.4238
2026-08-01 00:50:00,10.851,10.851,-5.4411
2026-08-01 00:51:00,10.851,10.851,-5.4083
2026-08-01 00:52:00,10.851,10.851,-5.4282
2026-08-01 00:53:00,10.851,10.851,-5.4192
2026-08-01 00:54:00,10.851,10.851,-5.4105
2026-08-01 00:55:00,10.851,10.851,-5.4117
2026-08-01 00:56:00,10.851,10.851,-5.4078
2026-08-01 00:57:00,10.851,10.851,-5.4236
2026-08-01 00:58:00,10.851,10.851,-5.4305
2026-08-01 00:59:00,10.851,10.851,-5.4240
2026-08-01 01:00:00,12.286,12.286,-5.4564
2026-08-01 01:01:00,12.286,12.286,-5.4519
2026-08-01 01:02:00,12.286,12.286,-5.4497
2026-08-01 01:03:00,12.286,12.286,-5.4434
2026-08-01 01:04:00,12.286,12.286,-5.4157
2026-08-01 01:05:00,12.286,12.286,-5.5137
2026-08-01 01:06:00,12.286,12.286,-5.5679
2026-08-01 01:07:00,12.286,12.286,-5.5926
2026-08-01 01:08:00,12.286,12.286,-5.6782
2026-08-01 01:09:00,12.286,12.286,-5.7035
2026-08-01 01:10:00,12.286,12.286,-5.7794
2026-08-01 01:11:00,12.286,12.286,-5.8030
2026-08-01 01:12:00,12.286,12.286,-5.8523
2026-08-01 01:13:00,12.286,12.286,-5.8710
2026-08-01 01:14:00,12.286,12.286,-5.8753
2026-08-01 01:15:00,12.286,12.286,-5.9517
2026-08-01 01:16:00,12.286,12.286,-5.9311
2026-08-01 01:17:00,12.286,12.286,-5.9553
2026-08-01 01:18:00,12.286,12.286,-5.9902
2026-08-01 01:19:00,12.286,12.286,-6.0237
2026-08-01 01:20:00,12.286,12.286,-6.0082
2026-08-01 01:21:00,12.286,12.286,-6.0335
2026-08-01 01:22:00,12.286,12.286,-6.0303
2026-08-01 01:23:00,12.286,12.286,-6.0453
2026-08-01 01:24:00,12.286,12.286,-6.0234
2026-08-01 01:25:00,12.286,12.286,-6.0690
2026-08-01 01:26:00,12.286,12.286,-6.0925
2026-08-01 01:27:00,12.286,12.286,-6.0755
2026-08-01 01:28:00,12.286,12.286,-6.0811
2026-08-01 01:29:00,12.286,12.286,-6.0641
2026-08-01 01:30:00,13.075,13.075,-6.0797
2026-08-01 01:31:00,13.075,13.075,-6.0939
2026-08-01 01:32:00,13.075,13.075,-6.0760
2026-08-01 01:33:00,13.075,13.075,-6.1328
2026-08-01 01:34:00,13.075,13.075,-6.1252
2026-08-01 01:35:00,13.075,13.075,-6.1734
2026-08-01 01:36:00,13.075,13.075,-6.2010
2026-08-01 01:37:00,13.075,13.075,-6.2551
2026-08-01 01:38:00,13.075,13.075,-6.2459
2026-08-01 01:39:00,13.075,13.075,-6.2910
2026-08-01 01:40:00,13.075,13.075,-6.3410
2026-08-01 01:41:00,13.075,13.075,-6.3545
2026-08-01 01:42:00,13.075,13.075,-6.3483
2026-08-01 01:43:00,13.075,13.075,-6.3561
2026-08-01 01:44:00,13.075,13.075,-6.3494
2026-08-01 01:45:00,13.075,13.075,-6.3459
2026-08-01 01:46:00,13.075,13.075,-6.4092
2026-08-01 01:47:00,13.075,13.075,-6.4493
2026-08-01 01:48:00,13.075,13.075,-6.4830
2026-08-01 01:49:00,13.075,13.075,-6.4447
2026-08-01 01:50:00,13.075,13.075,-6.4751
2026-08-01 01:51:00,13.075,13.075,-6.4750
2026-08-01 01:52:00,13.075,13.075,-6.4860
2026-08-01 01:53:00,13.075,13.075,-6.4830
2026-08-01 01:54:00,13.075,13.075,-6.4646
2026-08-01 01:55:00,13.075,13.075,-6.4879
2026-08-01 01:56:00,13.075,13.075,-6.4989
2026-08-01 01:57:00,13.075,13.075,-6.5206
2026-08-01 01:58:00,13.075,13.075,-6.5372
2026-08-01 01:59:00,13.075,13.075,-6.5168
2026-08-01 02:00:00,11.452,11.452,-6.5112
2026-08-01 02:01:00,11.452,11.452,-6.4775
2026-08-01 02:02:00,11.452,11.452,-6.5127
2026-08-01 02:03:00,11.452,11.452,-6.4979
2026-08-01 02:04:00,11.452,11.452,-6.5296
2026-08-01 02:05:00,11.452,11.452,-6.4639
2026-08-01 02:06:00,11.452,11.452,-6.3881
2026-08-01 02:07:00,11.452,11.452,-6.3190
2026-08-01 02:08:00,11.452,11.452,-6.2041
2026-08-01 02:09:00,11.452,11.452,-6.2110
2026-08-01 02:10:00,11.452,11.452,-6.1309
2026-08-01 02:11:00,11.452,11.452,-6.1236
2026-08-01 02:12:00,11.452,11.452,-6.0490
2026-08-01 02:13:00,11.452,11.452,-6.0257
2026-08-01 02:14:00,11.452,11.452,-6.0058
2026-08-01 02:15:00,11.452,11.452,-5.9758
2026-08-01 02:16:00,11.452,11.452,-5.9632
2026-08-01 02:17:00,11.452,11.452,-5.9188
2026-08-01 02:18:00,11.452,11.452,-5.9166
2026-08-01 02:19:00,11.452,11.452,-5.9139
2026-08-01 02:20:00,11.452,11.452,-5.8986
2026-08-01 02:21:00,11.452,11.452,-5.8549
2026-08-01 02:22:00,11.452,11.452,-5.8135
2026-08-01 02:23:00,11.452,11.452,-5.8300
2026-08-01 02:24:00,11.452,11.452,-5.8248
2026-08-01 02:25:00,11.452,11.452,-5.8071
2026-08-01 02:26:00,11.452,11.452,-5.7780
2026-08-01 02:27:00,11.452,11.452,-5.7919
2026-08-01 02:28:00,11.452,11.452,-5.7975
2026-08-01 02:29:00,11.452,11.452,-5.7608
2026-08-01 02:30:00,13.354,13.354,-5.7687
2026-08-01 02:31:00,13.354,13.354,-5.7414
2026-08-01 02:32:00,13.354,13.354,-5.7638
2026-08-01 02:33:00,13.354,13.354,-5.7878
2026-08-01 02:34:00,13.354,13.354,-5.7870
2026-08-01 02:35:00,13.354,13.354,-5.8183
2026-08-01 02:36:00,13.354,13.354,-5.8995
2026-08-01 02:37:00,13.354,13.354,-6.0119
2026-08-01 02:38:00,13.354,13.354,-6.0828
2026-08-01 02:39:00,13.354,13.354,-6.1061
2026-08-01 02:40:00,13.354,13.354,-6.2117
2026-08-01 02:41:00,13.354,13.354,-6.2562
2026-08-01 02:42:00,13.354,13.354,-6.2693
2026-08-01 02:43:00,13.354,13.354,-6.3296
2026-08-01 02:44:00,13.354,13.354,-6.3574
2026-08-01 02:45:00,13.354,13.354,-6.3925
2026-08-01 02:46:00,13.354,13.354,-6.4113
2026-08-01 02:47:00,13.354,13.354,-6.4158
2026-08-01 02:48:00,13.354,13.354,-6.4655
2026-08-01 02:49:00,13.354,13.354,-6.4754
2026-08-01 02:50:00,13.354,13.354,-6.5482
2026-08-01 02:51:00,13.354,13.354,-6.5251
2026-08-01 02:52:00,13.354,13.354,-6.5563
2026-08-01 02:53:00,13.354,13.354,-6.5776
2026-08-01 02:54:00,13.354,13.354,-6.5832
2026-08-01 02:55:00,13.354,13.354,-6.5835
2026-08-01 02:56:00,13.354,13.354,-6.5685
2026-08-01 02:57:00,13.354,13.354,-6.6224
2026-08-01 02:58:00,13.354,13.354,-6.6034
2026-08-01 02:59:00,13.354,13.354,-6.6210
2026-08-01 03:00:00,14.399,14.399,-6.6245
2026-08-01 03:01:00,14.399,14.399,-6.6038
2026-08-01 03:02:00,14.399,14.399,-6.6184
2026-08-01 03:03:00,14.399,14.399,-6.6072
2026-08-01 03:04:00,14.399,14.399,-6.6414
2026-08-01 03:05:00,14.399,14.399,-6.7083
2026-08-01 03:06:00,14.399,14.399,-6.7494
2026-08-01 03:07:00,14.399,14.399,-6.7855
2026-08-01 03:08:00,14.399,14.399,-6.8278
2026-08-01 03:09:00,14.399,14.399,-6.8898
2026-08-01 03:10:00,14.399,14.399,-6.8994
2026-08-01 03:11:00,14.399,14.399,-6.9265
2026-08-01 03:12:00,14.399,14.399,-6.9076
2026-08-01 03:13:00,14.399,14.399,-6.9445
2026-08-01 03:14:00,14.399,14.399,-7.0209
2026-08-01 03:15:00,14.399,14.399,-7.0291
2026-08-01 03:16:00,14.399,14.399,-7.0703
2026-08-01 03:17:00,14.399,14.399,-7.0686
2026-08-01 03:18:00,14.399,14.399,-7.0648
2026-08-01 03:19:00,14.399,14.399,-7.0598
2026-08-01 03:20:00,14.399,14.399,-7.1101
2026-08-01 03:21:00,14.399,14.399,-7.1190
2026-08-01 03:22:00,14.399,14.399,-7.1582
2026-08-01 03:23:00,14.399,14.399,-7.1269
2026-08-01 03:24:00,14.399,14.399,-7.1525
2026-08-01 03:25:00,14.399,14.399,-7.1487
2026-08-01 03:26:00,14.399,14.399,-7.1618
2026-08-01 03:27:00,14.399,14.399,-7.1516
2026-08-01 03:28:00,14.399,14.399,-7.1899
2026-08-01 03:29:00,14.399,14.399,-7.1885
2026-08-01 03:30:00,15.543,15.543,-7.1206
2026-08-01 03:31:00,15.543,15.543,-7.1926
2026-08-01 03:32:00,15.543,15.543,-7.1920
2026-08-01 03:33:00,15.543,15.543,-7.1363
2026-08-01 03:34:00,15.543,15.543,-7.1176
2026-08-01 03:35:00,15.543,15.543,-7.2587
2026-08-01 03:36:00,15.543,15.543,-7.2963
2026-08-01 03:37:00,15.543,15.543,-7.3304
2026-08-01 03:38:00,15.543,15.543,-7.3461
2026-08-01 03:39:00,15.543,15.543,-7.4395
2026-08-01 03:40:00,15.543,15.543,-7.4598
2026-08-01 03:41:00,15.543,15.543,-7.4710
2026-08-01 03:42:00,15.543,15.543,-7.5064
2026-08-01 03:43:00,15.543,15.543,-7.5483
2026-08-01 03:44:00,15.543,15.543,-7.5665
2026-08-01 03:45:00,15.543,15.543,-7.6121
2026-08-01 03:46:00,15.543,15.543,-7.6081
2026-08-01 03:47:00,15.543,15.543,-7.6255
2026-08-01 03:48:00,15.543,15.543,-7.6306
2026-08-01 03:49:00,15.543,15.543,-7.6600
2026-08-01 03:50:00,15.543,15.543,-7.6518
2026-08-01 03:51:00,15.543,15.543,-7.6520
2026-08-01 03:52:00,15.543,15.543,-7.6791
2026-08-01 03:53:00,15.543,15.543,-7.6841
2026-08-01 03:54:00,15.543,15.543,-7.6981
2026-08-01 03:55:00,15.543,15.543,-7.7064
2026-08-01 03:56:00,15.543,15.543,-7.7274
2026-08-01 03:57:00,15.543,15.543,-7.7125
2026-08-01 03:58:00,15.543,15.543,-7.7260
2026-08-01 03:59:00,15.543,15.543,-7.6870
2026-08-01 04:00:00,14.056,14.056,-7.7016
2026-08-01 04:01:00,14.056,14.056,-7.7292
2026-08-01 04:02:00,14.056,14.056,-7.7557
2026-08-01 04:03:00,14.056,14.056,-7.7658
2026-08-01 04:04:00,14.056,14.056,-7.7225
2026-08-01 04:05:00,14.056,14.056,-7.6692
2026-08-01 04:06:00,14.056,14.056,-7.6002
2026-08-01 04:07:00,14.056,14.056,-7.5865
2026-08-01 04:08:00,14.056,14.056,-7.4807
2026-08-01 04:09:00,14.056,14.056,-7.4430
2026-08-01 04:10:00,14.056,14.056,-7.4319
2026-08-01 04:11:00,14.056,14.056,-7.3809
2026-08-01 04:12:00,14.056,14.056,-7.3319
2026-08-01 04:13:00,14.056,14.056,-7.3052
2026-08-01 04:14:00,14.056,14.056,-7.2842
2026-08-01 04:15:00,14.056,14.056,-7.2554
2026-08-01 04:16:00,14.056,14.056,-7.2358
2026-08-01 04:17:00,14.056,14.056,-7.2074
2026-08-01 04:18:00,14.056,14.056,-7.1628
2026-08-01 04:19:00,14.056,14.056,-7.2271
2026-08-01 04:20:00,14.056,14.056,-7.1657
2026-08-01 04:21:00,14.056,14.056,-7.1441
2026-08-01 04:22:00,14.056,14.056,-7.1298
2026-08-01 04:23:00,14.056,14.056,-7.1323
2026-08-01 04:24:00,14.056,14.056,-7.1503
2026-08-01 04:25:00,14.056,14.056,-7.0999
2026-08-01 04:26:00,14.056,14.056,-7.0640
2026-08-01 04:27:00,14.056,14.056,-7.1222
2026-08-01 04:28:00,14.056,14.056,-7.0679
2026-08-01 04:29:00,14.056,14.056,-7.0860
2026-08-01 04:30:00,13.857,13.857,-7.0755
2026-08-01 04:31:00,13.857,13.857,-7.0907
2026-08-01 04:32:00,13.857,13.857,-7.0721
2026-08-01 04:33:00,13.857,13.857,-7.0357
2026-08-01 04:34:00,13.857,13.857,-7.0466
2026-08-01 04:35:00,13.857,13.857,-7.0107
2026-08-01 04:36:00,13.857,13.857,-7.0101
2026-08-01 04:37:00,13.857,13.857,-7.0144
2026-08-01 04:38:00,13.857,13.857,-6.9788
2026-08-01 04:39:00,13.857,13.857,-6.9964
2026-08-01 04:40:00,13.857,13.857,-6.9810
2026-08-01 04:41:00,13.857,13.857,-6.9966
2026-08-01 04:42:00,13.857,13.857,-6.9831
2026-08-01 04:43:00,13.857,13.857,-6.9928
2026-08-01 04:44:00,13.857,13.857,-6.9540
2026-08-01 04:45:00,13.857,13.857,-6.9929
2026-08-01 04:46:00,13.857,13.857,-6.9496
2026-08-01 04:47:00,13.857,13.857,-6.9654
2026-08-01 04:48:00,13.857,13.857,-6.9349
2026-08-01 04:49:00,13.857,13.857,-6.9403
2026-08-01 04:50:00,13.857,13.857,-6.9162
2026-08-01 04:51:00,13.857,13.857,-6.9356
2026-08-01 04:52:00,13.857,13.857,-6.9795
2026-08-01 04:53:00,13.857,13.857,-6.9475
2026-08-01 04:54:00,13.857,13.857,-6.9678
2026-08-01 04:55:00,13.857,13.857,-6.9532
2026-08-01 04:56:00,13.857,13.857,-6.9112
2026-08-01 04:57:00,13.857,13.857,-6.9274
2026-08-01 04:58:00,13.857,13.857,-6.9529
2026-08-01 04:59:00,13.857,13.857,-6.9582
2026-08-01 05:00:00,13.340,13.340,-6.9363
2026-08-01 05:01:00,13.340,13.340,-6.9605
2026-08-01 05:02:00,13.340,13.340,-6.9488
2026-08-01 05:03:00,13.340,13.340,-6.9285
2026-08-01 05:04:00,13.340,13.340,-6.9110
2026-08-01 05:05:00,13.340,13.340,-6.8955
2026-08-01 05:06:00,13.340,13.340,-6.9298
2026-08-01 05:07:00,13.340,13.340,-6.8565
2026-08-01 05:08:00,13.340,13.340,-6.8419
2026-08-01 05:09:00,13.340,13.340,-6.8178
2026-08-01 05:10:00,13.340,13.340,-6.7781
2026-08-01 05:11:00,13.340,13.340,-6.8377
2026-08-01 05:12:00,13.340,13.340,-6.7956
2026-08-01 05:13:00,13.340,13.340,-6.7606
2026-08-01 05:14:00,13.340,13.340,-6.7939
2026-08-01 05:15:00,13.340,13.340,-6.7235
2026-08-01 05:16:00,13.340,13.340,-6.7374
2026-08-01 05:17:00,13.340,13.340,-6.7204
2026-08-01 05:18:00,13.340,13.340,-6.7420
2026-08-01 05:19:00,13.340,13.340,-6.7083
2026-08-01 05:20:00,13.340,13.340,-6.6977
2026-08-01 05:21:00,13.340,13.340,-6.7096
2026-08-01 05:22:00,13.340,13.340,-6.7051
2026-08-01 05:23:00,13.340,13.340,-6.7004
2026-08-01 05:24:00,13.340,13.340,-6.7196
2026-08-01 05:25:00,13.340,13.340,-6.7020
2026-08-01 05:26:00,13.340,13.340,-6.6992
2026-08-01 05:27:00,13.340,13.340,-6.6859
2026-08-01 05:28:00,13.340,13.340,-6.6713
2026-08-01 05:29:00,13.340,13.340,-6.7103
2026-08-01 05:30:00,15.047,15.047,-6.6898
2026-08-01 05:31:00,15.047,15.047,-6.6559
2026-08-01 05:32:00,15.047,15.047,-6.6989
2026-08-01 05:33:00,15.047,15.047,-6.6991
2026-08-01 05:34:00,15.047,15.047,-6.6773
2026-08-01 05:35:00,15.047,15.047,-6.7487
2026-08-01 05:36:00,15.047,15.047,-6.8412
2026-08-01 05:37:00,15.047,15.047,-6.8831
2026-08-01 05:38:00,15.047,15.047,-6.9539
2026-08-01 05:39:00,15.047,15.047,-7.0095
2026-08-01 05:40:00,15.047,15.047,-7.0650
2026-08-01 05:41:00,15.047,15.047,-7.0743
2026-08-01 05:42:00,15.047,15.047,-7.1652
2026-08-01 05:43:00,15.047,15.047,-7.2375
2026-08-01 05:44:00,15.047,15.047,-7.1979
2026-08-01 05:45:00,15.047,15.047,-7.2686
2026-08-01 05:46:00,15.047,15.047,-7.2837
2026-08-01 05:47:00,15.047,15.047,-7.2834
2026-08-01 05:48:00,15.047,15.047,-7.3631
2026-08-01 05:49:00,15.047,15.047,-7.3753
2026-08-01 05:50:00,15.047,15.047,-7.3997
2026-08-01 05:51:00,15.047,15.047,-7.3991
2026-08-01 05:52:00,15.047,15.047,-7.3885
2026-08-01 05:53:00,15.047,15.047,-7.3995
2026-08-01 05:54:00,15.047,15.047,-7.4158
2026-08-01 05:55:00,15.047,15.047,-7.4598
2026-08-01 05:56:00,15.047,15.047,-7.4870
2026-08-01 05:57:00,15.047,15.047,-7.4480
2026-08-01 05:58:00,15.047,15.047,-7.4660
2026-08-01 05:59:00,15.047,15.047,-7.4541
2026-08-01 06:00:00,15.623,15.623,-7.4553
2026-08-01 06:01:00,15.623,15.623,-7.4720
2026-08-01 06:02:00,15.623,15.623,-7.4644
2026-08-01 06:03:00,15.623,15.623,-7.4795
2026-08-01 06:04:00,15.623,15.623,-7.4774
2026-08-01 06:05:00,15.623,15.623,-7.5345
2026-08-01 06:06:00,15.623,15.623,-7.5531
2026-08-01 06:07:00,15.623,15.623,-7.5717
2026-08-01 06:08:00,15.623,15.623,-7.5828
2026-08-01 06:09:00,15.623,15.623,-7.6284
2026-08-01 06:10:00,15.623,15.623,-7.6292
2026-08-01 06:11:00,15.623,15.623,-7.6621
2026-08-01 06:12:00,15.623,15.623,-7.6746
2026-08-01 06:13:00,15.623,15.623,-7.6696
2026-08-01 06:14:00,15.623,15.623,-7.7385
2026-08-01 06:15:00,15.623,15.623,-7.7359
2026-08-01 06:16:00,15.623,15.623,-7.7498
2026-08-01 06:17:00,15.623,15.623,-7.7759
2026-08-01 06:18:00,15.623,15.623,-7.7510
2026-08-01 06:19:00,15.623,15.623,-7.7299
2026-08-01 06:20:00,15.623,15.623,-7.7572
2026-08-01 06:21:00,15.623,15.623,-7.7536
2026-08-01 06:22:00,15.623,15.623,-7.7411
2026-08-01 06:23:00,15.623,15.623,-7.7412
2026-08-01 06:24:00,15.623,15.623,-7.7735
2026-08-01 06:25:00,15.623,15.623,-7.7490
2026-08-01 06:26:00,15.623,15.623,-7.7778
2026-08-01 06:27:00,15.623,15.623,-7.7995
2026-08-01 06:28:00,15.623,15.623,-7.7976
2026-08-01 06:29:00,15.623,15.623,-7.8179
2026-08-01 06:30:00,16.914,16.914,-7.8083
2026-08-01 06:31:00,16.914,16.914,-7.7998
2026-08-01 06:32:00,16.914,16.914,-7.7785
2026-08-01 06:33:00,16.914,16.914,-7.7618
2026-08-01 06:34:00,16.914,16.914,-7.8254
2026-08-01 06:35:00,16.914,16.914,-7.8558
2026-08-01 06:36:00,16.914,16.914,-7.9438
2026-08-01 06:37:00,16.914,16.914,-7.9669
2026-08-01 06:38:00,16.914,16.914,-8.0271
2026-08-01 06:39:00,16.914,16.914,-8.1043
2026-08-01 06:40:00,16.914,16.914,-8.0881
2026-08-01 06:41:00,16.914,16.914,-8.1538
2026-08-01 06:42:00,16.914,16.914,-8.1839
2026-08-01 06:43:00,16.914,16.914,-8.2230
2026-08-01 06:44:00,16.914,16.914,-8.2402
2026-08-01 06:45:00,16.914,16.914,-8.2416
2026-08-01 06:46:00,16.914,16.914,-8.2746
2026-08-01 06:47:00,16.914,16.914,-8.2828
2026-08-01 06:48:00,16.914,16.914,-8.2989
2026-08-01 06:49:00,16.914,16.914,-8.2948
2026-08-01 06:50:00,16.914,16.914,-8.3417
2026-08-01 06:51:00,16.914,16.914,-8.3766
2026-08-01 06:52:00,16.914,16.914,-8.3367
2026-08-01 06:53:00,16.914,16.914,-8.3746
2026-08-01 06:54:00,16.914,16.914,-8.3545
2026-08-01 06:55:00,16.914,16.914,-8.3772
2026-08-01 06:56:00,16.914,16.914,-8.3947
2026-08-01 06:57:00,16.914,16.914,-8.3916
2026-08-01 06:58:00,16.914,16.914,-8.3654
2026-08-01 06:59:00,16.914,16.914,-8.3681
2026-08-01 07:00:00,16.688,16.688,-8.4130
2026-08-01 07:01:00,16.688,16.688,-8.4154
2026-08-01 07:02:00,16.688,16.688,-8.4010
2026-08-01 07:03:00,16.688,16.688,-8.4428
2026-08-01 07:04:00,16.688,16.688,-8.4224
2026-08-01 07:05:00,16.688,16.688,-8.4210
2026-08-01 07:06:00,16.688,16.688,-8.4066
2026-08-01 07:07:00,16.688,16.688,-8.4226
2026-08-01 07:08:00,16.688,16.688,-8.4315
2026-08-01 07:09:00,16.688,16.688,-8.4356
2026-08-01 07:10:00,16.688,16.688,-8.4115
2026-08-01 07:11:00,16.688,16.688,-8.3938
2026-08-01 07:12:00,16.688,16.688,-8.3864
2026-08-01 07:13:00,16.688,16.688,-8.3381
2026-08-01 07:14:00,16.688,16.688,-8.3514
2026-08-01 07:15:00,16.688,16.688,-8.3898
2026-08-01 07:16:00,16.688,16.688,-8.3609
2026-08-01 07:17:00,16.688,16.688,-8.3736
2026-08-01 07:18:00,16.688,16.688,-8.3690
2026-08-01 07:19:00,16.688,16.688,-8.3577
2026-08-01 07:20:00,16.688,16.688,-8.3472
2026-08-01 07:21:00,16.688,16.688,-8.3648
2026-08-01 07:22:00,16.688,16.688,-8.3353
2026-08-01 07:23:00,16.688,16.688,-8.3782
2026-08-01 07:24:00,16.688,16.688,-8.3541
2026-08-01 07:25:00,16.688,16.688,-8.3012
2026-08-01 07:26:00,16.688,16.688,-8.3477
2026-08-01 07:27:00,16.688,16.688,-8.3227
2026-08-01 07:28:00,16.688,16.688,-8.3488
2026-08-01 07:29:00,16.688,16.688,-8.3383
2026-08-01 07:30:00,15.597,15.597,-8.3505
2026-08-01 07:31:00,15.597,15.597,-8.3522
2026-08-01 07:32:00,15.597,15.597,-8.3639
2026-08-01 07:33:00,15.597,15.597,-8.3392
2026-08-01 07:34:00,15.597,15.597,-8.3645
2026-08-01 07:35:00,15.597,15.597,-8.2792
2026-08-01 07:36:00,15.597,15.597,-8.2214
2026-08-01 07:37:00,15.597,15.597,-8.1913
2026-08-01 07:38:00,15.597,15.597,-8.1643
2026-08-01 07:39:00,15.597,15.597,-8.1135
2026-08-01 07:40:00,15.597,15.597,-8.0963
2026-08-01 07:41:00,15.597,15.597,-8.0422
2026-08-01 07:42:00,15.597,15.597,-8.0713
2026-08-01 07:43:00,15.597,15.597,-8.0178
2026-08-01 07:44:00,15.597,15.597,-8.0296
2026-08-01 07:45:00,15.597,15.597,-8.0005
2026-08-01 07:46:00,15.597,15.597,-7.9261
2026-08-01 07:47:00,15.597,15.597,-7.9200
2026-08-01 07:48:00,15.597,15.597,-7.9383
2026-08-01 07:49:00,15.597,15.597,-7.9414
2026-08-01 07:50:00,15.597,15.597,-7.9593
2026-08-01 07:51:00,15.597,15.597,-7.9007
2026-08-01 07:52:00,15.597,15.597,-7.8323
2026-08-01 07:53:00,15.597,15.597,-7.8638
2026-08-01 07:54:00,15.597,15.597,-7.8762
2026-08-01 07:55:00,15.597,15.597,-7.8491
2026-08-01 07:56:00,15.597,15.597,-7.8836
2026-08-01 07:57:00,15.597,15.597,-7.8529
2026-08-01 07:58:00,15.597,15.597,-7.8401
2026-08-01 07:59:00,15.597,15.597,-7.8394
2026-08-01 08:00:00,15.815,15.815,-7.8180
2026-08-01 08:01:00,15.815,15.815,-7.8233
2026-08-01 08:02:00,15.815,15.815,-7.8137
2026-08-01 08:03:00,15.815,15.815,-7.8379
2026-08-01 08:04:00,15.815,15.815,-7.8036
2026-08-01 08:05:00,15.815,15.815,-7.7976
2026-08-01 08:06:00,15.815,15.815,-7.8573
2026-08-01 08:07:00,15.815,15.815,-7.8626
2026-08-01 08:08:00,15.815,15.815,-7.8244
2026-08-01 08:09:00,15.815,15.815,-7.8606
2026-08-01 08:10:00,15.815,15.815,-7.8337
2026-08-01 08:11:00,15.815,15.815,-7.8752
2026-08-01 08:12:00,15.815,15.815,-7.8414
2026-08-01 08:13:00,15.815,15.815,-7.8716
2026-08-01 08:14:00,15.815,15.815,-7.8723
2026-08-01 08:15:00,15.815,15.815,-7.8492
2026-08-01 08:16:00,15.815,15.815,-7.8904
2026-08-01 08:17:00,15.815,15.815,-7.9045
2026-08-01 08:18:00,15.815,15.815,-7.8968
2026-08-01 08:19:00,15.815,15.815,-7.8807
2026-08-01 08:20:00,15.815,15.815,-7.9229
2026-08-01 08:21:00,15.815,15.815,-7.8804
2026-08-01 08:22:00,15.815,15.815,-7.9053
2026-08-01 08:23:00,15.815,15.815,-7.8729
2026-08-01 08:24:00,15.815,15.815,-7.9449
2026-08-01 08:25:00,15.815,15.815,-7.9138
2026-08-01 08:26:00,15.815,15.815,-7.9327
2026-08-01 08:27:00,15.815,15.815,-7.9164
2026-08-01 08:28:00,15.815,15.815,-7.8957
2026-08-01 08:29:00,15.815,15.815,-7.9049
2026-08-01 08:30:00,14.070,14.070,-7.9070
2026-08-01 08:31:00,14.070,14.070,-7.9057
2026-08-01 08:32:00,14.070,14.070,-7.8989
2026-08-01 08:33:00,14.070,14.070,-7.9236
2026-08-01 08:34:00,14.070,14.070,-7.8897
2026-08-01 08:35:00,14.070,14.070,-7.8037
2026-08-01 08:36:00,14.070,14.070,-7.7311
2026-08-01 08:37:00,14.070,14.070,-7.6573
2026-08-01 08:38:00,14.070,14.070,-7.5991
2026-08-01 08:39:00,14.070,14.070,-7.5074
2026-08-01 08:40:00,14.070,14.070,-7.4985
2026-08-01 08:41:00,14.070,14.070,-7.4567
2026-08-01 08:42:00,14.070,14.070,-7.4241
2026-08-01 08:43:00,14.070,14.070,-7.3923
2026-08-01 08:44:00,14.070,14.070,-7.3629
2026-08-01 08:45:00,14.070,14.070,-7.3255
2026-08-01 08:46:00,14.070,14.070,-7.2819
2026-08-01 08:47:00,14.070,14.070,-7.2492
2026-08-01 08:48:00,14.070,14.070,-7.2328
2026-08-01 08:49:00,14.070,14.070,-7.2293
2026-08-01 08:50:00,14.070,14.070,-7.1781
2026-08-01 08:51:00,14.070,14.070,-7.1652
2026-08-01 08:52:00,14.070,14.070,-7.1687
2026-08-01 08:53:00,14.070,14.070,-7.1655
2026-08-01 08:54:00,14.070,14.070,-7.1297
2026-08-01 08:55:00,14.070,14.070,-7.1264
2026-08-01 08:56:00,14.070,14.070,-7.1496
2026-08-01 08:57:00,14.070,14.070,-7.1135
2026-08-01 08:58:00,14.070,14.070,-7.0992
2026-08-01 08:59:00,14.070,14.070,-7.1155
2026-08-01 09:00:00,15.381,15.381,-7.0874
2026-08-01 09:01:00,15.381,15.381,-7.1147
2026-08-01 09:02:00,15.381,15.381,-7.0538
2026-08-01 09:03:00,15.381,15.381,-7.0511
2026-08-01 09:04:00,15.381,15.381,-7.0770
2026-08-01 09:05:00,15.381,15.381,-7.1265
2026-08-01 09:06:00,15.381,15.381,-7.2376
2026-08-01 09:07:00,15.381,15.381,-7.2626
2026-08-01 09:08:00,15.381,15.381,-7.2905
2026-08-01 09:09:00,15.381,15.381,-7.3466
2026-08-01 09:10:00,15.381,15.381,-7.3474
2026-08-01 09:11:00,15.381,15.381,-7.3546
2026-08-01 09:12:00,15.381,15.381,-7.4477
2026-08-01 09:13:00,15.381,15.381,-7.4675
2026-08-01 09:14:00,15.381,15.381,-7.4700
2026-08-01 09:15:00,15.381,15.381,-7.4641
2026-08-01 09:16:00,15.381,15.381,-7.5401
2026-08-01 09:17:00,15.381,15.381,-7.5282
2026-08-01 09:18:00,15.381,15.381,-7.5125
2026-08-01 09:19:00,15.381,15.381,-7.5961
2026-08-01 09:20:00,15.381,15.381,-7.6014
2026-08-01 09:21:00,15.381,15.381,-7.5957
2026-08-01 09:22:00,15.381,15.381,-7.6079
2026-08-01 09:23:00,15.381,15.381,-7.5906
2026-08-01 09:24:00,15.381,15.381,-7.6103
2026-08-01 09:25:00,15.381,15.381,-7.6582
2026-08-01 09:26:00,15.381,15.381,-7.6191
2026-08-01 09:27:00,15.381,15.381,-7.6471
2026-08-01 09:28:00,15.381,15.381,-7.6155
2026-08-01 09:29:00,15.381,15.381,-7.6585
2026-08-01 09:30:00,15.907,15.907,-7.6631
2026-08-01 09:31:00,15.907,15.907,-7.6436
2026-08-01 09:32:00,15.907,15.907,-7.6427
2026-08-01 09:33:00,15.907,15.907,-7.6523
2026-08-01 09:34:00,15.907,15.907,-7.6979
2026-08-01 09:35:00,15.907,15.907,-7.6823
2026-08-01 09:36:00,15.907,15.907,-7.7398
2026-08-01 09:37:00,15.907,15.907,-7.7379
2026-08-01 09:38:00,15.907,15.907,-7.7922
2026-08-01 09:39:00,15.907,15.907,-7.7738
2026-08-01 09:40:00,15.907,15.907,-7.8159
2026-08-01 09:41:00,15.907,15.907,-7.8409
2026-08-01 09:42:00,15.907,15.907,-7.8148
2026-08-01 09:43:00,15.907,15.907,-7.8367
2026-08-01 09:44:00,15.907,15.907,-7.8650
2026-08-01 09:45:00,15.907,15.907,-7.8338
2026-08-01 09:46:00,15.907,15.907,-7.8807
2026-08-01 09:47:00,15.907,15.907,-7.8794
2026-08-01 09:48:00,15.907,15.907,-7.8821
2026-08-01 09:49:00,15.907,15.907,-7.9065
2026-08-01 09:50:00,15.907,15.907,-7.8906
2026-08-01 09:51:00,15.907,15.907,-7.9161
2026-08-01 09:52:00,15.907,15.907,-7.9185
2026-08-01 09:53:00,15.907,15.907,-7.8873
2026-08-01 09:54:00,15.907,15.907,-7.9393
2026-08-01 09:55:00,15.907,15.907,-7.9703
2026-08-01 09:56:00,15.907,15.907,-7.8930
2026-08-01 09:57:00,15.907,15.907,-7.8770
2026-08-01 09:58:00,15.907,15.907,-7.9387
2026-08-01 09:59:00,15.907,15.907,-7.9716
2026-08-01 10:00:00,16.940,16.940,-7.9412
2026-08-01 10:01:00,16.940,16.940,-7.9426
2026-08-01 10:02:00,16.940,16.940,-7.9423
2026-08-01 10:03:00,16.940,16.940,-7.9623
2026-08-01 10:04:00,16.940,16.940,-7.9298
2026-08-01 10:05:00,16.940,16.940,-7.9838
2026-08-01 10:06:00,16.940,16.940,-8.0717
2026-08-01 10:07:00,16.940,16.940,-8.0706
2026-08-01 10:08:00,16.940,16.940,-8.0821
2026-08-01 10:09:00,16.940,16.940,-8.1544
2026-08-01 10:10:00,16.940,16.940,-8.1958
2026-08-01 10:11:00,16.940,16.940,-8.2199
2026-08-01 10:12:00,16.940,16.940,-8.2301
2026-08-01 10:13:00,16.940,16.940,-8.2997
2026-08-01 10:14:00,16.940,16.940,-8.2823
2026-08-01 10:15:00,16.940,16.940,-8.3118
2026-08-01 10:16:00,16.940,16.940,-8.2837
2026-08-01 10:17:00,16.940,16.940,-8.3390
2026-08-01 10:18:00,16.940,16.940,-8.3156
2026-08-01 10:19:00,16.940,16.940,-8.3831
2026-08-01 10:20:00,16.940,16.940,-8.3602
2026-08-01 10:21:00,16.940,16.940,-8.3753
2026-08-01 10:22:00,16.940,16.940,-8.4079
2026-08-01 10:23:00,16.940,16.940,-8.3949
2026-08-01 10:24:00,16.940,16.940,-8.3814
2026-08-01 10:25:00,16.940,16.940,-8.4185
2026-08-01 10:26:00,16.940,16.940,-8.4517
2026-08-01 10:27:00,16.940,16.940,-8.4234
2026-08-01 10:28:00,16.940,16.940,-8.4458
2026-08-01 10:29:00,16.940,16.940,-8.4388
2026-08-01 10:30:00,16.358,16.358,-8.4374
2026-08-01 10:31:00,16.358,16.358,-8.4732
2026-08-01 10:32:00,16.358,16.358,-8.4745
2026-08-01 10:33:00,16.358,16.358,-8.4353
2026-08-01 10:34:00,16.358,16.358,-8.4579
2026-08-01 10:35:00,16.358,16.358,-8.4719
2026-08-01 10:36:00,16.358,16.358,-8.3807
2026-08-01 10:37:00,16.358,16.358,-8.3692
2026-08-01 10:38:00,16.358,16.358,-8.3694
2026-08-01 10:39:00,16.358,16.358,-8.3638
2026-08-01 10:40:00,16.358,16.358,-8.3049
2026-08-01 10:41:00,16.358,16.358,-8.3004
2026-08-01 10:42:00,16.358,16.358,-8.2469
2026-08-01 10:43:00,16.358,16.358,-8.2746
2026-08-01 10:44:00,16.358,16.358,-8.2648
2026-08-01 10:45:00,16.358,16.358,-8.2665
2026-08-01 10:46:00,16.358,16.358,-8.2384
2026-08-01 10:47:00,16.358,16.358,-8.2347
2026-08-01 10:48:00,16.358,16.358,-8.2153
2026-08-01 10:49:00,16.358,16.358,-8.2446
2026-08-01 10:50:00,16.358,16.358,-8.2374
2026-08-01 10:51:00,16.358,16.358,-8.2333
2026-08-01 10:52:00,16.358,16.358,-8.2034
2026-08-01 10:53:00,16.358,16.358,-8.1852
2026-08-01 10:54:00,16.358,16.358,-8.2207
2026-08-01 10:55:00,16.358,16.358,-8.2168
2026-08-01 10:56:00,16.358,16.358,-8.1991
2026-08-01 10:57:00,16.358,16.358,-8.2076
2026-08-01 10:58:00,16.358,16.358,-8.1813
2026-08-01 10:59:00,16.358,16.358,-8.2432
2026-08-01 11:00:00,18.241,18.241,-8.2128
2026-08-01 11:01:00,18.241,18.241,-8.2102
2026-08-01 11:02:00,18.241,18.241,-8.2394
2026-08-01 11:03:00,18.241,18.241,-8.2108
2026-08-01 11:04:00,18.241,18.241,-8.2086
2026-08-01 11:05:00,18.241,18.241,-8.2873
2026-08-01 11:06:00,18.241,18.241,-8.3447
2026-08-01 11:07:00,18.241,18.241,-8.4472
2026-08-01 11:08:00,18.241,18.241,-8.5307
2026-08-01 11:09:00,18.241,18.241,-8.5723
2026-08-01 11:10:00,18.241,18.241,-8.6051
2026-08-01 11:11:00,18.241,18.241,-8.6950
2026-08-01 11:12:00,18.241,18.241,-8.7382
2026-08-01 11:13:00,18.241,18.241,-8.7488
2026-08-01 11:14:00,18.241,18.241,-8.8005
2026-08-01 11:15:00,18.241,18.241,-8.8155
2026-08-01 11:16:00,18.241,18.241,-8.8579
2026-08-01 11:17:00,18.241,18.241,-8.8699
2026-08-01 11:18:00,18.241,18.241,-8.9283
2026-08-01 11:19:00,18.241,18.241,-8.9291
2026-08-01 11:20:00,18.241,18.241,-8.9522
2026-08-01 11:21:00,18.241,18.241,-8.9895
2026-08-01 11:22:00,18.241,18.241,-9.0120
2026-08-01 11:23:00,18.241,18.241,-8.9810
2026-08-01 11:24:00,18.241,18.241,-9.0143
2026-08-01 11:25:00,18.241,18.241,-9.0390
2026-08-01 11:26:00,18.241,18.241,-9.0307
2026-08-01 11:27:00,18.241,18.241,-9.0153
2026-08-01 11:28:00,18.241,18.241,-9.0917
2026-08-01 11:29:00,18.241,18.241,-9.0835
2026-08-01 11:30:00,19.813,19.813,-9.0787
2026-08-01 11:31:00,19.813,19.813,-9.0370
2026-08-01 11:32:00,19.813,19.813,-9.0660
2026-08-01 11:33:00,19.813,19.813,-9.0612
2026-08-01 11:34:00,19.813,19.813,-9.1037
2026-08-01 11:35:00,19.813,19.813,-9.1858
2026-08-01 11:36:00,19.813,19.813,-9.2288
2026-08-01 11:37:00,19.813,19.813,-9.3035
2026-08-01 11:38:00,19.813,19.813,-9.3539
2026-08-01 11:39:00,19.813,19.813,-9.4228
2026-08-01 11:40:00,19.813,19.813,-9.4622
2026-08-01 11:41:00,19.813,19.813,-9.5085
2026-08-01 11:42:00,19.813,19.813,-9.5356
2026-08-01 11:43:00,19.813,19.813,-9.5705
2026-08-01 11:44:00,19.813,19.813,-9.6511
2026-08-01 11:45:00,19.813,19.813,-9.6924
2026-08-01 11:46:00,19.813,19.813,-9.6533
2026-08-01 11:47:00,19.813,19.813,-9.6729
2026-08-01 11:48:00,19.813,19.813,-9.7381
2026-08-01 11:49:00,19.813,19.813,-9.7738
2026-08-01 11:50:00,19.813,19.813,-9.7516
2026-08-01 11:51:00,19.813,19.813,-9.7502
2026-08-01 11:52:00,19.813,19.813,-9.7467
2026-08-01 11:53:00,19.813,19.813,-9.7847
2026-08-01 11:54:00,19.813,19.813,-9.8136
2026-08-01 11:55:00,19.813,19.813,-9.8341
2026-08-01 11:56:00,19.813,19.813,-9.8250
2026-08-01 11:57:00,19.813,19.813,-9.8394
2026-08-01 11:58:00,19.813,19.813,-9.8610
2026-08-01 11:59:00,19.813,19.813,-9.8063
2026-08-01 12:00:00,20.927,20.927,-9.8175
2026-08-01 12:01:00,20.927,20.927,-9.8358
2026-08-01 12:02:00,20.927,20.927,-9.8818
2026-08-01 12:03:00,20.927,20.927,-9.8506
2026-08-01 12:04:00,20.927,20.927,-9.8588
2026-08-01 12:05:00,20.927,20.927,-9.9219
2026-08-01 12:06:00,20.927,20.927,-9.9590
2026-08-01 12:07:00,20.927,20.927,-10.0192
2026-08-01 12:08:00,20.927,20.927,-10.0603
2026-08-01 12:09:00,20.927,20.927,-10.1011
2026-08-01 12:10:00,20.927,20.927,-10.1420
2026-08-01 12:11:00,20.927,20.927,-10.2160
2026-08-01 12:12:00,20.927,20.927,-10.2069
2026-08-01 12:13:00,20.927,20.927,-10.2452
2026-08-01 12:14:00,20.927,20.927,-10.2826
2026-08-01 12:15:00,20.927,20.927,-10.2440
2026-08-01 12:16:00,20.927,20.927,-10.2616
2026-08-01 12:17:00,20.927,20.927,-10.2857
2026-08-01 12:18:00,20.927,20.927,-10.3228
2026-08-01 12:19:00,20.927,20.927,-10.3145
2026-08-01 12:20:00,20.927,20.927,-10.3534
2026-08-01 12:21:00,20.927,20.927,-10.3606
2026-08-01 12:22:00,20.927,20.927,-10.3964
2026-08-01 12:23:00,20.927,20.927,-10.3754
2026-08-01 12:24:00,20.927,20.927,-10.3902
2026-08-01 12:25:00,20.927,20.927,-10.4246
2026-08-01 12:26:00,20.927,20.927,-10.4061
2026-08-01 12:27:00,20.927,20.927,-10.4125
2026-08-01 12:28:00,20.927,20.927,-10.3802
2026-08-01 12:29:00,20.927,20.927,-10.4030
2026-08-01 12:30:00,19.705,19.705,-10.4249
2026-08-01 12:31:00,19.705,19.705,-10.4239
2026-08-01 12:32:00,19.705,19.705,-10.4315
2026-08-01 12:33:00,19.705,19.705,-10.4395
2026-08-01 12:34:00,19.705,19.705,-10.4599
2026-08-01 12:35:00,19.705,19.705,-10.3827
2026-08-01 12:36:00,19.705,19.705,-10.3419
2026-08-01 12:37:00,19.705,19.705,-10.3045
2026-08-01 12:38:00,19.705,19.705,-10.2266
2026-08-01 12:39:00,19.705,19.705,-10.1906
2026-08-01 12:40:00,19.705,19.705,-10.1996
2026-08-01 12:41:00,19.705,19.705,-10.1352
2026-08-01 12:42:00,19.705,19.705,-10.0848
2026-08-01 12:43:00,19.705,19.705,-10.0583
2026-08-01 12:44:00,19.705,19.705,-10.0363
2026-08-01 12:45:00,19.705,19.705,-10.0356
2026-08-01 12:46:00,19.705,19.705,-10.0349
2026-08-01 12:47:00,19.705,19.705,-10.0231
2026-08-01 12:48:00,19.705,19.705,-9.9797
2026-08-01 12:49:00,19.705,19.705,-9.9656
2026-08-01 12:50:00,19.705,19.705,-9.9354
2026-08-01 12:51:00,19.705,19.705,-9.9283
2026-08-01 12:52:00,19.705,19.705,-9.9431
2026-08-01 12:53:00,19.705,19.705,-9.9566
2026-08-01 12:54:00,19.705,19.705,-9.9302
2026-08-01 12:55:00,19.705,19.705,-9.9123
2026-08-01 12:56:00,19.705,19.705,-9.9143
2026-08-01 12:57:00,19.705,19.705,-9.9161
2026-08-01 12:58:00,19.705,19.705,-9.8943
2026-08-01 12:59:00,19.705,19.705,-9.9047
2026-08-01 13:00:00,19.572,19.572,-9.9030
2026-08-01 13:01:00,19.572,19.572,-9.8804
2026-08-01 13:02:00,19.572,19.572,-9.8913
2026-08-01 13:03:00,19.572,19.572,-9.8753
2026-08-01 13:04:00,19.572,19.572,-9.8720
2026-08-01 13:05:00,19.572,19.572,-9.8911
2026-08-01 13:06:00,19.572,19.572,-9.8697
2026-08-01 13:07:00,19.572,19.572,-9.8239
2026-08-01 13:08:00,19.572,19.572,-9.8692
2026-08-01 13:09:00,19.572,19.572,-9.8823
2026-08-01 13:10:00,19.572,19.572,-9.8718
2026-08-01 13:11:00,19.572,19.572,-9.8292
2026-08-01 13:12:00,19.572,19.572,-9.8248
2026-08-01 13:13:00,19.572,19.572,-9.8238
2026-08-01 13:14:00,19.572,19.572,-9.7936
2026-08-01 13:15:00,19.572,19.572,-9.8682
2026-08-01 13:16:00,19.572,19.572,-9.8039
2026-08-01 13:17:00,19.572,19.572,-9.7780
2026-08-01 13:18:00,19.572,19.572,-9.8295
2026-08-01 13:19:00,19.572,19.572,-9.8125
2026-08-01 13:20:00,19.572,19.572,-9.8180
2026-08-01 13:21:00,19.572,19.572,-9.8192
2026-08-01 13:22:00,19.572,19.572,-9.8063
2026-08-01 13:23:00,19.572,19.572,-9.7698
2026-08-01 13:24:00,19.572,19.572,-9.7604
2026-08-01 13:25:00,19.572,19.572,-9.8028
2026-08-01 13:26:00,19.572,19.572,-9.7569
2026-08-01 13:27:00,19.572,19.572,-9.7934
2026-08-01 13:28:00,19.572,19.572,-9.7583
2026-08-01 13:29:00,19.572,19.572,-9.7945
2026-08-01 13:30:00,17.747,17.747,-9.7893
2026-08-01 13:31:00,17.747,17.747,-9.7840
2026-08-01 13:32:00,17.747,17.747,-9.7272
2026-08-01 13:33:00,17.747,17.747,-9.7733
2026-08-01 13:34:00,17.747,17.747,-9.8041
2026-08-01 13:35:00,17.747,17.747,-9.6789
2026-08-01 13:36:00,17.747,17.747,-9.6231
2026-08-01 13:37:00,17.747,17.747,-9.5514
2026-08-01 13:38:00,17.747,17.747,-9.4566
2026-08-01 13:39:00,17.747,17.747,-9.4141
2026-08-01 13:40:00,17.747,17.747,-9.3550
2026-08-01 13:41:00,17.747,17.747,-9.3116
2026-08-01 13:42:00,17.747,17.747,-9.2613
2026-08-01 13:43:00,17.747,17.747,-9.2201
2026-08-01 13:44:00,17.747,17.747,-9.2319
2026-08-01 13:45:00,17.747,17.747,-9.1479
2026-08-01 13:46:00,17.747,17.747,-9.1521
2026-08-01 13:47:00,17.747,17.747,-9.1354
2026-08-01 13:48:00,17.747,17.747,-9.0844
2026-08-01 13:49:00,17.747,17.747,-9.0606
2026-08-01 13:50:00,17.747,17.747,-9.0573
2026-08-01 13:51:00,17.747,17.747,-9.0098
2026-08-01 13:52:00,17.747,17.747,-9.0380
2026-08-01 13:53:00,17.747,17.747,-9.0056
2026-08-01 13:54:00,17.747,17.747,-8.9967
2026-08-01 13:55:00,17.747,17.747,-8.9748
2026-08-01 13:56:00,17.747,17.747,-8.9583
2026-08-01 13:57:00,17.747,17.747,-8.9750
2026-08-01 13:58:00,17.747,17.747,-8.9322
2026-08-01 13:59:00,17.747,17.747,-8.9382
2026-08-01 14:00:00,16.364,16.364,-8.9707
2026-08-01 14:01:00,16.364,16.364,-8.9661
2026-08-01 14:02:00,16.364,16.364,-8.9218
2026-08-01 14:03:00,16.364,16.364,-8.9212
2026-08-01 14:04:00,16.364,16.364,-8.9146
2026-08-01 14:05:00,16.364,16.364,-8.8400
2026-08-01 14:06:00,16.364,16.364,-8.7692
2026-08-01 14:07:00,16.364,16.364,-8.6956
2026-08-01 14:08:00,16.364,16.364,-8.6836
2026-08-01 14:09:00,16.364,16.364,-8.6369
2026-08-01 14:10:00,16.364,16.364,-8.5922
2026-08-01 14:11:00,16.364,16.364,-8.5257
2026-08-01 14:12:00,16.364,16.364,-8.4717
2026-08-01 14:13:00,16.364,16.364,-8.4738
2026-08-01 14:14:00,16.364,16.364,-8.4869
2026-08-01 14:15:00,16.364,16.364,-8.4455
2026-08-01 14:16:00,16.364,16.364,-8.4051
2026-08-01 14:17:00,16.364,16.364,-8.3790
2026-08-01 14:18:00,16.364,16.364,-8.3575
2026-08-01 14:19:00,16.364,16.364,-8.3318
2026-08-01 14:20:00,16.364,16.364,-8.3238
2026-08-01 14:21:00,16.364,16.364,-8.2830
2026-08-01 14:22:00,16.364,16.364,-8.3054
2026-08-01 14:23:00,16.364,16.364,-8.2981
2026-08-01 14:24:00,16.364,16.364,-8.2614
2026-08-01 14:25:00,16.364,16.364,-8.2928
2026-08-01 14:26:00,16.364,16.364,-8.2463
2026-08-01 14:27:00,16.364,16.364,-8.2449
2026-08-01 14:28:00,16.364,16.364,-8.2434
2026-08-01 14:29:00,16.364,16.364,-8.2029
2026-08-01 14:30:00,17.097,17.097,-8.2419
2026-08-01 14:31:00,17.097,17.097,-8.1835
2026-08-01 14:32:00,17.097,17.097,-8.2250
2026-08-01 14:33:00,17.097,17.097,-8.2422
2026-08-01 14:34:00,17.097,17.097,-8.2118
2026-08-01 14:35:00,17.097,17.097,-8.2682
2026-08-01 14:36:00,17.097,17.097,-8.2919
2026-08-01 14:37:00,17.097,17.097,-8.2961
2026-08-01 14:38:00,17.097,17.097,-8.3173
2026-08-01 14:39:00,17.097,17.097,-8.3629
2026-08-01 14:40:00,17.097,17.097,-8.3505
2026-08-01 14:41:00,17.097,17.097,-8.3649
2026-08-01 14:42:00,17.097,17.097,-8.3753
2026-08-01 14:43:00,17.097,17.097,-8.4079
2026-08-01 14:44:00,17.097,17.097,-8.4042
2026-08-01 14:45:00,17.097,17.097,-8.4808
2026-08-01 14:46:00,17.097,17.097,-8.4600
2026-08-01 14:47:00,17.097,17.097,-8.4805
2026-08-01 14:48:00,17.097,17.097,-8.4693
2026-08-01 14:49:00,17.097,17.097,-8.4908
2026-08-01 14:50:00,17.097,17.097,-8.4895
2026-08-01 14:51:00,17.097,17.097,-8.4548
2026-08-01 14:52:00,17.097,17.097,-8.5014
2026-08-01 14:53:00,17.097,17.097,-8.4948
2026-08-01 14:54:00,17.097,17.097,-8.5122
2026-08-01 14:55:00,17.097,17.097,-8.5101
2026-08-01 14:56:00,17.097,17.097,-8.5152
2026-08-01 14:57:00,17.097,17.097,-8.5097
2026-08-01 14:58:00,17.097,17.097,-8.4983
2026-08-01 14:59:00,17.097,17.097,-8.4913
2026-08-01 15:00:00,18.076,18.076,-8.5205
2026-08-01 15:01:00,18.076,18.076,-8.5170
2026-08-01 15:02:00,18.076,18.076,-8.5538
2026-08-01 15:03:00,18.076,18.076,-8.5343
2026-08-01 15:04:00,18.076,18.076,-8.5153
2026-08-01 15:05:00,18.076,18.076,-8.5672
2026-08-01 15:06:00,18.076,18.076,-8.6256
2026-08-01 15:07:00,18.076,18.076,-8.6529
2026-08-01 15:08:00,18.076,18.076,-8.6975
2026-08-01 15:09:00,18.076,18.076,-8.7164
2026-08-01 15:10:00,18.076,18.076,-8.7644
2026-08-01 15:11:00,18.076,18.076,-8.8040
2026-08-01 15:12:00,18.076,18.076,-8.8143
2026-08-01 15:13:00,18.076,18.076,-8.9013
2026-08-01 15:14:00,18.076,18.076,-8.8546
2026-08-01 15:15:00,18.076,18.076,-8.9527
2026-08-01 15:16:00,18.076,18.076,-8.9300
2026-08-01 15:17:00,18.076,18.076,-8.9008
2026-08-01 15:18:00,18.076,18.076,-8.9131
2026-08-01 15:19:00,18.076,18.076,-8.9574
2026-08-01 15:20:00,18.076,18.076,-8.9587
2026-08-01 15:21:00,18.076,18.076,-8.9264
2026-08-01 15:22:00,18.076,18.076,-8.9719
2026-08-01 15:23:00,18.076,18.076,-8.9249
2026-08-01 15:24:00,18.076,18.076,-8.9766
2026-08-01 15:25:00,18.076,18.076,-8.9746
2026-08-01 15:26:00,18.076,18.076,-8.9559
2026-08-01 15:27:00,18.076,18.076,-8.9906
2026-08-01 15:28:00,18.076,18.076,-9.0177
2026-08-01 15:29:00,18.076,18.076,-9.0039
2026-08-01 15:30:00,19.946,19.946,-9.0060
2026-08-01 15:31:00,19.946,19.946,-9.0359
2026-08-01 15:32:00,19.946,19.946,-9.0166
2026-08-01 15:33:00,19.946,19.946,-9.0290
2026-08-01 15:34:00,19.946,19.946,-8.9980
2026-08-01 15:35:00,19.946,19.946,-9.1114
2026-08-01 15:36:00,19.946,19.946,-9.2039
2026-08-01 15:37:00,19.946,19.946,-9.2778
2026-08-01 15:38:00,19.946,19.946,-9.3409
2026-08-01 15:39:00,19.946,19.946,-9.3958
2026-08-01 15:40:00,19.946,19.946,-9.4846
2026-08-01 15:41:00,19.946,19.946,-9.5363
2026-08-01 15:42:00,19.946,19.946,-9.5391
2026-08-01 15:43:00,19.946,19.946,-9.6106
2026-08-01 15:44:00,19.946,19.946,-9.6677
2026-08-01 15:45:00,19.946,19.946,-9.6639
2026-08-01 15:46:00,19.946,19.946,-9.6935
2026-08-01 15:47:00,19.946,19.946,-9.7604
2026-08-01 15:48:00,19.946,19.946,-9.7495
2026-08-01 15:49:00,19.946,19.946,-9.7612
2026-08-01 15:50:00,19.946,19.946,-9.7882
2026-08-01 15:51:00,19.946,19.946,-9.8007
2026-08-01 15:52:00,19.946,19.946,-9.8574
2026-08-01 15:53:00,19.946,19.946,-9.8371
2026-08-01 15:54:00,19.946,19.946,-9.8626
2026-08-01 15:55:00,19.946,19.946,-9.8779
2026-08-01 15:56:00,19.946,19.946,-9.8613
2026-08-01 15:57:00,19.946,19.946,-9.8585
2026-08-01 15:58:00,19.946,19.946,-9.8607
2026-08-01 15:59:00,19.946,19.946,-9.8779
2026-08-01 16:00:00,19.249,19.249,-9.9133
2026-08-01 16:01:00,19.249,19.249,-9.9102
2026-08-01 16:02:00,19.249,19.249,-9.9075
2026-08-01 16:03:00,19.249,19.249,-9.9254
2026-08-01 16:04:00,19.249,19.249,-9.9297
2026-08-01 16:05:00,19.249,19.249,-9.8851
2026-08-01 16:06:00,19.249,19.249,-9.8750
2026-08-01 16:07:00,19.249,19.249,-9.8635
2026-08-01 16:08:00,19.249,19.249,-9.8348
2026-08-01 16:09:00,19.249,19.249,-9.7936
2026-08-01 16:10:00,19.249,19.249,-9.7880
2026-08-01 16:11:00,19.249,19.249,-9.7649
2026-08-01 16:12:00,19.249,19.249,-9.7436
2026-08-01 16:13:00,19.249,19.249,-9.7513
2026-08-01 16:14:00,19.249,19.249,-9.7167
2026-08-01 16:15:00,19.249,19.249,-9.7135
2026-08-01 16:16:00,19.249,19.249,-9.7361
2026-08-01 16:17:00,19.249,19.249,-9.6739
2026-08-01 16:18:00,19.249,19.249,-9.7050
2026-08-01 16:19:00,19.249,19.249,-9.7210
2026-08-01 16:20:00,19.249,19.249,-9.7025
2026-08-01 16:21:00,19.249,19.249,-9.6963
2026-08-01 16:22:00,19.249,19.249,-9.6697
2026-08-01 16:23:00,19.249,19.249,-9.6716
2026-08-01 16:24:00,19.249,19.249,-9.6687
2026-08-01 16:25:00,19.249,19.249,-9.6458
2026-08-01 16:26:00,19.249,19.249,-9.6480
2026-08-01 16:27:00,19.249,19.249,-9.6455
2026-08-01 16:28:00,19.249,19.249,-9.6409
2026-08-01 16:29:00,19.249,19.249,-9.6343
2026-08-01 16:30:00,18.731,18.731,-9.6866
2026-08-01 16:31:00,18.731,18.731,-9.6497
2026-08-01 16:32:00,18.731,18.731,-9.6842
2026-08-01 16:33:00,18.731,18.731,-9.6383
2026-08-01 16:34:00,18.731,18.731,-9.6377
2026-08-01 16:35:00,18.731,18.731,-9.5894
2026-08-01 16:36:00,18.731,18.731,-9.5621
2026-08-01 16:37:00,18.731,18.731,-9.5598
2026-08-01 16:38:00,18.731,18.731,-9.5540
2026-08-01 16:39:00,18.731,18.731,-9.5164
