timestamp,T_entrada_C,T_saida_C,Vazao_casca_kg_h,Vazao_tubo_kg_h,P_casca_bar
2026-08-12 06:00:00,120.1524,84.4344,501.5279,794.2731,3.8617
2026-08-12 06:01:00,119.5062,85.0479,504.7308,801.3247,3.5881
2026-08-12 06:02:00,120.4276,83.9039,504.2855,789.0817,3.4169
2026-08-12 06:03:00,120.5488,86.8204,506.4893,802.5018,3.7985
2026-08-12 06:04:00,119.1292,84.3233,501.0371,794.6269,3.4604
2026-08-12 06:05:00,119.4798,84.9936,502.8254,799.0749,3.5356
2026-08-12 06:06:00,120.2209,87.5194,504.1268,811.4964,3.4458
2026-08-12 06:07:00,120.0250,86.5910,502.5383,807.4322,3.7698
2026-08-12 06:08:00,120.2009,84.8907,500.1046,808.7225,3.5094
2026-08-12 06:09:00,119.8089,84.3575,500.6885,790.5234,3.5507
2026-08-12 06:10:00,120.7012,85.2135,498.5227,819.9046,3.7119
2026-08-12 06:11:00,120.6764,86.0412,504.9779,796.1892,3.6223
2026-08-12 06:12:00,120.3466,85.2201,502.6586,818.4658,3.5294
2026-08-12 06:13:00,120.9032,85.3002,500.0711,814.9209,3.7073
2026-08-12 06:14:00,120.5994,86.9734,500.3335,811.8763,3.9246
2026-08-12 06:15:00,119.9619,84.9860,497.8498,800.9247,3.5945
2026-08-12 06:16:00,120.6019,87.8242,509.0524,809.4818,3.5675
2026-08-12 06:17:00,119.9640,85.2090,504.8070,805.0038,3.5787
2026-08-12 06:18:00,120.9085,87.5259,500.3549,809.5028,3.7528
2026-08-12 06:19:00,120.4702,85.8213,508.9658,807.7681,3.4694
2026-08-12 06:20:00,120.4285,86.4082,502.3741,793.9517,3.5206
2026-08-12 06:21:00,120.2062,84.5844,498.3963,819.7253,3.3348
2026-08-12 06:22:00,121.1837,85.0990,510.7864,810.5893,3.3909
2026-08-12 06:23:00,120.5208,85.9899,503.2453,807.8435,3.4939
2026-08-12 06:24:00,120.4096,86.4548,504.1358,807.7195,3.5662
2026-08-12 06:25:00,120.4733,85.5562,506.6347,815.5462,3.8430
2026-08-12 06:26:00,120.9410,84.5419,512.3891,806.0011,3.6611
2026-08-12 06:27:00,120.8831,84.4387,507.0225,795.5783,3.4469
2026-08-12 06:28:00,120.9321,84.4121,501.1718,817.3412,3.4775
2026-08-12 06:29:00,120.9666,84.1023,510.1305,818.6971,3.7959
2026-08-12 06:30:00,121.8473,86.5602,505.2287,813.4029,3.7617
2026-08-12 06:31:00,120.5985,86.7724,517.3345,806.2679,3.5999
2026-08-12 06:32:00,120.5708,85.6243,508.1291,816.6091,3.5323
2026-08-12 06:33:00,120.4452,83.3039,497.1980,804.6229,3.7704
2026-08-12 06:34:00,121.1851,85.8629,510.3970,808.5579,3.4556
2026-08-12 06:35:00,121.4666,86.0822,518.5688,811.2017,3.6663
2026-08-12 06:36:00,120.8701,87.9615,516.9594,824.3851,3.9513
2026-08-12 06:37:00,120.5318,84.1969,518.4671,815.1536,3.6442
2026-08-12 06:38:00,120.5645,85.2929,504.4444,814.8869,3.4999
2026-08-12 06:39:00,121.3267,87.8932,514.3332,834.5172,3.6807
2026-08-12 06:40:00,121.3977,86.6918,506.3900,822.1033,3.5515
2026-08-12 06:41:00,121.3222,86.7644,511.3473,822.3937,3.4158
2026-08-12 06:42:00,120.7423,85.9471,504.0852,817.1163,3.7329
2026-08-12 06:43:00,121.2156,86.4784,507.4500,815.6890,3.7982
2026-08-12 06:44:00,121.1822,86.9127,507.5115,803.3485,3.5868
2026-08-12 06:45:00,121.2574,85.3828,515.6042,828.9631,3.5796
2026-08-12 06:46:00,121.6079,87.3065,515.3317,825.1667,3.4948
2026-08-12 06:47:00,121.3080,84.8689,512.9270,820.5073,3.6193
2026-08-12 06:48:00,121.5597,86.7422,505.0036,821.1965,3.5602
2026-08-12 06:49:00,121.2779,86.4177,510.4083,828.5304,3.4956
2026-08-12 06:50:00,121.4124,85.7184,508.4446,810.5437,3.9338
2026-08-12 06:51:00,121.6072,86.4470,516.7303,818.5953,3.7227
2026-08-12 06:52:00,120.5865,85.1920,518.4773,814.5499,3.7413
2026-08-12 06:53:00,121.1788,85.1362,518.0707,838.1311,3.7906
2026-08-12 06:54:00,121.1268,85.8288,509.2129,831.2758,3.7764
2026-08-12 06:55:00,121.0658,85.0471,499.4893,806.9530,3.6014
2026-08-12 06:56:00,121.2708,86.6155,504.5478,812.7610,3.7069
2026-08-12 06:57:00,122.1789,85.7412,520.6841,824.1014,3.6283
2026-08-12 06:58:00,121.0215,86.8593,511.7608,821.6619,3.7370
2026-08-12 06:59:00,121.9614,85.5851,510.2022,815.1200,3.7250
2026-08-12 07:00:00,120.6586,85.3618,522.3554,841.5389,3.6189
2026-08-12 07:01:00,121.3552,85.7646,520.6518,828.7389,3.4795
2026-08-12 07:02:00,121.6265,87.8990,514.6297,830.2870,3.7033
2026-08-12 07:03:00,121.8606,87.0647,513.2194,821.1941,3.6532
2026-08-12 07:04:00,121.9454,86.5861,514.2024,832.7420,3.4028
2026-08-12 07:05:00,122.0086,87.3460,516.1726,824.1458,3.7649
2026-08-12 07:06:00,121.4596,84.3915,523.2084,825.1396,3.8360
2026-08-12 07:07:00,121.4246,86.4412,517.4892,832.5032,4.0729
2026-08-12 07:08:00,122.1066,88.9334,519.1731,814.7835,3.6373
2026-08-12 07:09:00,121.6036,86.7497,521.5527,840.7836,3.6176
2026-08-12 07:10:00,121.0829,86.3551,510.0187,829.6499,3.5343
2026-08-12 07:11:00,121.1755,86.9038,519.7994,838.6131,3.7344
2026-08-12 07:12:00,121.3036,87.3430,514.7075,819.9283,3.7357
2026-08-12 07:13:00,122.0330,84.9323,503.7524,821.3038,3.5859
2026-08-12 07:14:00,121.8767,85.1542,505.8417,819.5426,3.6837
2026-08-12 07:15:00,122.1715,87.2468,511.5388,830.9802,3.4153
2026-08-12 07:16:00,121.6334,85.9801,519.4295,829.6367,3.8533
2026-08-12 07:17:00,121.9468,88.2191,517.4836,825.5158,3.6009
2026-08-12 07:18:00,122.2008,86.7653,517.9746,821.2319,3.7135
2026-08-12 07:19:00,121.7536,84.8636,526.9428,819.3160,3.5068
2026-08-12 07:20:00,122.1568,85.8005,510.9751,829.1564,3.6356
2026-08-12 07:21:00,121.6174,83.9766,517.3128,825.9060,3.6831
2026-08-12 07:22:00,121.7867,86.6105,519.0985,824.2232,3.7254
2026-08-12 07:23:00,121.7970,86.6713,514.0184,842.1531,3.8011
2026-08-12 07:24:00,121.4095,86.1917,517.9618,829.1771,3.9470
2026-08-12 07:25:00,122.2703,88.2629,509.9377,840.0462,3.8431
2026-08-12 07:26:00,121.8113,88.0925,525.1012,825.6609,3.8794
2026-08-12 07:27:00,122.0713,86.9010,514.7548,831.9171,3.9540
2026-08-12 07:28:00,122.3243,85.1095,528.4279,829.5379,3.8244
2026-08-12 07:29:00,122.3260,87.8708,518.2135,816.4145,3.7353
2026-08-12 07:30:00,122.4540,87.9005,523.6179,841.4267,3.8941
2026-08-12 07:31:00,122.0905,87.4266,518.3097,828.9142,3.9055
2026-08-12 07:32:00,121.9464,88.0133,518.5179,835.9531,3.8436
2026-08-12 07:33:00,122.1363,85.9987,515.8437,823.9427,3.5299
2026-08-12 07:34:00,121.3504,88.6698,519.4484,828.6082,3.6237
2026-08-12 07:35:00,121.4883,85.7996,520.5286,822.9510,3.7104
2026-08-12 07:36:00,121.5681,87.5685,515.0998,839.7236,3.8702
2026-08-12 07:37:00,121.7482,85.2573,518.4752,832.2677,3.7518
2026-08-12 07:38:00,122.4640,86.4880,516.1259,832.6445,3.9271
2026-08-12 07:39:00,121.8285,88.5299,530.7474,840.4961,3.9555
2026-08-12 07:40:00,122.1091,86.9433,518.8699,838.7950,3.9397
2026-08-12 07:41:00,122.9645,88.6085,527.1108,835.5716,3.9422
2026-08-12 07:42:00,122.1533,87.4866,518.4693,817.9706,3.6073
2026-08-12 07:43:00,122.7166,87.5192,520.8033,823.6657,3.8368
2026-08-12 07:44:00,121.8972,88.4637,512.9561,821.0778,3.6747
2026-08-12 07:45:00,122.2773,87.1186,517.3803,834.7980,3.5199
2026-08-12 07:46:00,121.9209,85.3512,520.7178,830.2031,3.7256
2026-08-12 07:47:00,122.2421,86.5458,527.6411,817.5650,3.9688
2026-08-12 07:48:00,122.8472,88.3019,520.8637,827.0217,3.8406
2026-08-12 07:49:00,121.5787,87.3300,526.7116,816.4127,4.0754
2026-08-12 07:50:00,122.6747,86.0881,523.0325,827.7655,3.8006
2026-08-12 07:51:00,122.5912,86.8850,527.9984,814.7644,4.1425
2026-08-12 07:52:00,122.1900,86.7751,519.5952,832.0461,3.8032
2026-08-12 07:53:00,121.7786,86.7323,531.8672,830.6388,3.7811
2026-08-12 07:54:00,122.5521,86.2329,517.5114,842.6700,3.5870
2026-08-12 07:55:00,122.2654,86.8025,516.1249,833.9722,3.9467
2026-08-12 07:56:00,122.6605,86.9674,513.9223,823.5805,3.7059
2026-08-12 07:57:00,122.5688,88.4163,531.6397,833.2748,3.6852
2026-08-12 07:58:00,123.3724,88.9845,524.0904,815.3071,3.9755
2026-08-12 07:59:00,122.4652,87.4482,518.3277,818.5388,3.9581
2026-08-12 08:00:00,122.0863,86.9641,526.2451,828.6459,3.9551
2026-08-12 08:01:00,122.7007,87.9037,523.4367,808.4490,3.7319
2026-08-12 08:02:00,122.7339,86.9771,529.8238,825.1442,3.7795
2026-08-12 08:03:00,123.3160,87.0336,512.2454,816.9980,3.7791
2026-08-12 08:04:00,123.0664,87.0863,518.6458,825.6816,3.9063
2026-08-12 08:05:00,122.8395,87.2525,517.6446,815.9527,4.0228
2026-08-12 08:06:00,123.4047,87.0996,510.0699,827.6645,3.8458
2026-08-12 08:07:00,122.0904,87.5792,525.2177,824.1137,4.0876
2026-08-12 08:08:00,122.3765,88.3411,518.5385,834.8432,3.9267
2026-08-12 08:09:00,122.2445,85.9468,523.5595,823.3683,3.7576
2026-08-12 08:10:00,122.5240,87.7491,531.6278,816.8322,3.9178
2026-08-12 08:11:00,122.0415,87.1987,518.0268,820.6662,4.0500
2026-08-12 08:12:00,123.0582,88.4293,517.6480,811.5405,4.0944
2026-08-12 08:13:00,122.6401,87.8114,520.3044,825.1897,3.9733
2026-08-12 08:14:00,122.0261,85.9800,524.6013,826.2990,3.7996
2026-08-12 08:15:00,122.2638,86.3341,516.7821,840.9668,3.7638
2026-08-12 08:16:00,122.9383,88.0727,516.4081,815.8651,3.8832
2026-08-12 08:17:00,123.2103,89.2572,524.7928,818.3176,4.0483
2026-08-12 08:18:00,123.7991,86.4052,521.3406,815.4678,3.8627
2026-08-12 08:19:00,124.2669,89.2776,509.1610,821.3787,3.8662
2026-08-12 08:20:00,123.0263,89.3234,513.1916,822.3372,3.8061
2026-08-12 08:21:00,122.3332,87.5385,526.7553,818.4526,3.7495
2026-08-12 08:22:00,121.7705,87.8844,521.1860,827.1605,3.7746
2026-08-12 08:23:00,122.9788,87.4248,515.2894,813.1186,3.8195
2026-08-12 08:24:00,122.4467,87.6710,518.1691,825.5229,4.0571
2026-08-12 08:25:00,122.6535,86.3122,519.0048,821.5153,3.7636
2026-08-12 08:26:00,122.5629,85.5382,522.5315,816.6795,3.8076
2026-08-12 08:27:00,122.8061,88.9917,511.9725,813.8197,3.6700
2026-08-12 08:28:00,123.4168,87.4692,514.4669,835.3109,3.9074
2026-08-12 08:29:00,122.9694,87.7163,519.9410,808.9151,4.0050
2026-08-12 08:30:00,122.8185,86.6956,517.9784,817.3835,4.0437
2026-08-12 08:31:00,122.3866,,521.2351,808.5425,3.8305
2026-08-12 08:32:00,122.0735,87.4406,512.1234,828.3691,3.8861
2026-08-12 08:33:00,122.6740,87.2835,519.9485,820.7143,3.7768
2026-08-12 08:34:00,122.8962,88.5438,523.5096,807.7243,3.8789
2026-08-12 08:35:00,123.8129,89.2226,520.3715,816.7793,3.8467
2026-08-12 08:36:00,122.9996,88.5706,518.5157,814.2637,3.8081
2026-08-12 08:37:00,123.4311,88.7772,517.2203,807.5889,3.8199
2026-08-12 08:38:00,122.6952,89.6463,513.4021,817.3035,3.8667
2026-08-12 08:39:00,122.3573,86.7896,517.0899,813.8655,3.7545
2026-08-12 08:40:00,122.4719,87.8851,523.6190,811.9862,3.7620
2026-08-12 08:41:00,122.5962,89.1619,516.5930,809.4317,4.0541
2026-08-12 08:42:00,124.0273,90.2323,512.6038,812.7189,4.2042
2026-08-12 08:43:00,122.5564,86.5982,514.4533,810.6063,3.6166
2026-08-12 08:44:00,123.3900,88.2578,517.7777,808.7419,3.6079
2026-08-12 08:45:00,122.5229,89.3730,514.7618,802.6364,3.6527
2026-08-12 08:46:00,123.4434,89.1296,518.9090,820.8078,3.7803
2026-08-12 08:47:00,123.1732,88.6495,518.9470,798.3452,3.9296
2026-08-12 08:48:00,122.9052,88.0707,520.6253,809.6584,3.8834
2026-08-12 08:49:00,122.9658,87.9523,523.1429,803.1623,3.8199
2026-08-12 08:50:00,122.6612,88.4347,520.8464,819.2858,3.8728
2026-08-12 08:51:00,123.2138,88.2616,511.0351,797.4652,3.6890
2026-08-12 08:52:00,122.7652,88.1881,511.0252,798.2931,3.7555
2026-08-12 08:53:00,122.3816,88.0683,514.9980,795.8975,3.7883
2026-08-12 08:54:00,122.3569,87.3039,512.9522,805.7236,3.5529
2026-08-12 08:55:00,123.0834,88.9947,509.3452,791.6303,3.6156
2026-08-12 08:56:00,123.7877,91.8429,512.6544,798.2645,3.6207
2026-08-12 08:57:00,123.0790,86.6993,512.3139,784.3512,3.9027
2026-08-12 08:58:00,122.9402,88.7185,511.1482,802.9704,3.8240
2026-08-12 08:59:00,123.1428,87.7743,512.7471,796.5219,3.8779
2026-08-12 09:00:00,,,,,
2026-08-12 09:01:00,,,,,
2026-08-12 09:02:00,,,,,
2026-08-12 09:03:00,,,,,
2026-08-12 09:04:00,,,,,
2026-08-12 09:05:00,,,,,
2026-08-12 09:06:00,,,,,
2026-08-12 09:07:00,,,,,
2026-08-12 09:08:00,,,,,
2026-08-12 09:09:00,,,,,
2026-08-12 09:10:00,,,,,
2026-08-12 09:11:00,,,,,
2026-08-12 09:12:00,,,,,
2026-08-12 09:13:00,,,,,
2026-08-12 09:14:00,,,,,
2026-08-12 09:15:00,,,,,
2026-08-12 09:16:00,,,,,
2026-08-12 09:17:00,,,,,
2026-08-12 09:18:00,,,,,
2026-08-12 09:19:00,,,,,
2026-08-12 09:20:00,,,,,
2026-08-12 09:21:00,,,,,
2026-08-12 09:22:00,,,,,
2026-08-12 09:23:00,,,,,
2026-08-12 09:24:00,,,,,
2026-08-12 09:25:00,,,,,
2026-08-12 09:26:00,,,,,
2026-08-12 09:27:00,,,,,
2026-08-12 09:28:00,,,,,
2026-08-12 09:29:00,,,,,
2026-08-12 09:30:00,123.3557,88.4246,513.8445,792.2687,3.8083
2026-08-12 09:31:00,122.2277,89.4792,504.0858,786.8699,3.7673
2026-08-12 09:32:00,122.8991,89.1874,511.8542,798.4563,3.7090
2026-08-12 09:33:00,122.6344,88.1017,503.0016,771.6697,3.7295
2026-08-12 09:34:00,122.7051,88.3052,515.8072,783.1624,3.9308
2026-08-12 09:35:00,123.3625,87.4101,500.7599,785.7234,3.7337
2026-08-12 09:36:00,123.1222,89.2179,512.8227,775.0500,3.6719
2026-08-12 09:37:00,123.5137,87.3324,502.6484,784.3513,3.6445
2026-08-12 09:38:00,122.7593,89.3620,515.7465,772.6775,3.6440
2026-08-12 09:39:00,122.4800,,508.3854,786.6448,3.5147
2026-08-12 09:40:00,122.7071,90.9799,500.0963,789.1790,3.6104
2026-08-12 09:41:00,122.9313,87.6469,502.3119,782.4969,3.9456
2026-08-12 09:42:00,122.8890,88.6252,508.5748,765.1037,3.6877
2026-08-12 09:43:00,122.2491,90.1185,509.6772,771.8057,3.8222
2026-08-12 09:44:00,122.8268,89.8955,503.8047,783.6779,3.3425
2026-08-12 09:45:00,122.8858,88.0545,504.1251,778.9564,3.7974
2026-08-12 09:46:00,124.0203,89.7205,507.4365,756.8678,3.6857
2026-08-12 09:47:00,123.6896,89.2919,504.0460,788.0020,3.6354
2026-08-12 09:48:00,122.3140,88.6861,496.6612,778.7989,3.7325
2026-08-12 09:49:00,122.5862,87.8907,498.8050,770.8061,3.6287
2026-08-12 09:50:00,121.9872,88.1190,503.7861,784.9783,3.3822
2026-08-12 09:51:00,122.4124,86.8950,508.4282,771.2653,3.8367
2026-08-12 09:52:00,122.8542,88.9237,510.1705,770.8521,3.7325
2026-08-12 09:53:00,123.2877,89.5287,505.7277,778.9078,3.6465
2026-08-12 09:54:00,122.3085,88.2231,503.0056,789.9778,3.5463
2026-08-12 09:55:00,122.3340,86.8604,505.0521,788.4141,3.4683
2026-08-12 09:56:00,121.5752,88.9791,497.7130,778.0066,3.7199
2026-08-12 09:57:00,122.5551,89.0004,500.0190,778.5390,3.9259
2026-08-12 09:58:00,122.0927,87.6175,496.4029,780.8905,3.7119
2026-08-12 09:59:00,122.3463,88.2362,494.0181,764.2291,3.4715
2026-08-12 10:00:00,122.1596,86.9031,501.6677,779.1724,3.7101
2026-08-12 10:01:00,122.5378,87.6325,500.6658,767.8888,3.6658
2026-08-12 10:02:00,121.6926,87.5791,502.9147,776.0594,3.8008
2026-08-12 10:03:00,121.8244,89.4393,501.9454,771.4501,3.7596
2026-08-12 10:04:00,123.6088,88.7395,500.1665,777.0458,3.2181
2026-08-12 10:05:00,121.8865,88.9081,501.4750,773.7556,3.7452
2026-08-12 10:06:00,121.9676,87.7906,498.2174,748.0094,3.5102
2026-08-12 10:07:00,123.4201,89.5294,500.2344,773.8160,3.4448
2026-08-12 10:08:00,123.9396,89.4860,494.2787,777.3217,3.6271
2026-08-12 10:09:00,121.8866,89.1743,499.4978,775.5600,3.7144
2026-08-12 10:10:00,122.2733,88.0262,500.7316,770.9885,3.4039
2026-08-12 10:11:00,122.6131,87.2177,493.7817,784.7717,3.7530
2026-08-12 10:12:00,123.2914,87.8575,497.1305,773.9593,3.7590
2026-08-12 10:13:00,121.9181,87.8232,493.4950,774.8122,3.6488
2026-08-12 10:14:00,122.2733,87.3452,493.7228,779.5181,3.5088
2026-08-12 10:15:00,122.7687,89.3349,490.4735,773.9230,3.4893
2026-08-12 10:16:00,122.5814,88.3455,502.1706,763.7070,3.7873
2026-08-12 10:17:00,122.1597,90.9201,500.9145,751.2622,3.4039
2026-08-12 10:18:00,122.2645,86.8842,498.0183,766.8386,3.7874
2026-08-12 10:19:00,121.6274,88.4198,504.9379,776.6387,3.6001
2026-08-12 10:20:00,122.1790,87.4551,493.8774,767.6310,3.6076
2026-08-12 10:21:00,122.1480,88.0778,509.7300,776.7788,3.3629
2026-08-12 10:22:00,122.3802,88.8719,493.1820,771.4818,3.5942
2026-08-12 10:23:00,121.9692,86.1463,495.3451,780.5281,3.7054
2026-08-12 10:24:00,122.4652,89.0392,491.8308,767.8026,3.4100
2026-08-12 10:25:00,122.7182,90.8781,495.4328,773.8551,3.6823
2026-08-12 10:26:00,122.2718,88.2399,497.5019,774.1202,3.6179
2026-08-12 10:27:00,122.3520,89.0136,492.5081,782.0539,3.5051
2026-08-12 10:28:00,122.1846,89.6782,501.7162,756.3652,3.7269
2026-08-12 10:29:00,122.1398,88.4686,493.7846,766.3373,3.2653
2026-08-12 10:30:00,121.7605,87.8134,493.6988,776.7881,3.6447
2026-08-12 10:31:00,122.2610,86.4522,487.5601,782.3717,3.8326
2026-08-12 10:32:00,122.0353,89.2306,493.9578,771.9388,3.8027
2026-08-12 10:33:00,123.1116,89.1844,490.9567,767.6995,3.6422
2026-08-12 10:34:00,122.8327,88.1119,488.3486,776.1300,3.5354
2026-08-12 10:35:00,122.2197,88.8611,487.2719,777.0638,3.4823
2026-08-12 10:36:00,121.6259,87.7731,504.2790,767.2870,3.5292
2026-08-12 10:37:00,121.4317,87.7105,489.3703,772.8661,3.6531
2026-08-12 10:38:00,122.5637,89.5894,483.1719,779.7362,3.4474
2026-08-12 10:39:00,122.0797,87.3384,486.7365,785.4930,3.6791
2026-08-12 10:40:00,122.1684,89.7901,489.7422,776.3966,3.8823
2026-08-12 10:41:00,121.0359,86.6173,492.5075,770.9043,3.5500
2026-08-12 10:42:00,122.3517,88.2159,492.3240,770.2230,3.3546
2026-08-12 10:43:00,122.0948,90.6429,492.7108,775.2281,3.3514
2026-08-12 10:44:00,121.2918,,485.8829,769.9657,3.6665
2026-08-12 10:45:00,121.5905,88.5064,490.5908,772.5393,3.5380
2026-08-12 10:46:00,121.9373,87.7021,484.2916,762.6991,3.6753
2026-08-12 10:47:00,121.8107,88.0394,485.3589,781.6873,3.4607
2026-08-12 10:48:00,121.6173,88.5245,483.6558,762.3468,3.6622
2026-08-12 10:49:00,121.6904,88.5446,482.0916,768.1775,3.5107
2026-08-12 10:50:00,121.5947,88.3624,493.1458,772.5900,3.4215
2026-08-12 10:51:00,121.7755,88.5482,491.0612,787.9205,3.4681
2026-08-12 10:52:00,122.4133,88.7876,492.2969,768.8030,3.3455
2026-08-12 10:53:00,120.3725,86.2418,487.4078,767.0567,3.8204
2026-08-12 10:54:00,121.5155,87.9186,490.8951,768.1871,3.5044
2026-08-12 10:55:00,121.7002,89.4781,478.0066,786.0819,3.6124
2026-08-12 10:56:00,121.7378,87.2279,490.9328,750.5374,3.4320
2026-08-12 10:57:00,121.3815,88.1834,487.3096,765.2479,3.3516
2026-08-12 10:58:00,120.6668,87.0970,489.3685,795.3619,3.4712
2026-08-12 10:59:00,121.6866,88.6993,487.9443,778.4885,3.6683
2026-08-12 11:00:00,122.3637,88.6478,480.9226,765.1714,3.4219
2026-08-12 11:01:00,120.7103,89.4474,478.1838,773.9496,3.3663
2026-08-12 11:02:00,121.8863,89.2494,481.9322,775.0982,3.5170
2026-08-12 11:03:00,121.2672,87.0369,488.1381,781.6089,3.5654
2026-08-12 11:04:00,121.3778,89.1001,488.5876,789.8449,3.7339
2026-08-12 11:05:00,120.8588,87.3252,478.1235,778.5339,3.5374
2026-08-12 11:06:00,121.1947,87.7496,479.8864,771.4112,3.5778
2026-08-12 11:07:00,121.9886,89.1648,481.0070,782.3376,3.5859
2026-08-12 11:08:00,121.6064,88.1191,482.6706,770.7737,3.3019
2026-08-12 11:09:00,122.1577,89.8704,477.4834,768.4189,3.3273
2026-08-12 11:10:00,121.8566,88.0156,477.0227,762.9394,3.3061
2026-08-12 11:11:00,121.4636,87.9241,479.8657,764.8377,3.2657
2026-08-12 11:12:00,122.0922,88.3035,484.2509,770.5341,3.5817
2026-08-12 11:13:00,121.4157,87.9629,477.7642,768.6371,3.5028
2026-08-12 11:14:00,121.5862,89.7469,482.9385,780.9257,3.4681
2026-08-12 11:15:00,120.9998,88.9036,488.6634,769.1916,3.0642
2026-08-12 11:16:00,121.1571,90.0954,476.7177,754.0109,3.7583
2026-08-12 11:17:00,120.7508,90.3973,482.0532,771.1888,3.3127
2026-08-12 11:18:00,121.5699,87.6397,488.0710,776.1512,3.7516
2026-08-12 11:19:00,120.4615,88.0287,480.7205,775.4746,3.2233
2026-08-12 11:20:00,121.4172,87.4117,479.8111,792.8726,3.3158
2026-08-12 11:21:00,120.9061,87.4864,488.3676,776.2120,3.1041
2026-08-12 11:22:00,121.5623,88.0688,480.8926,788.5775,3.4858
2026-08-12 11:23:00,121.3273,87.4973,487.8227,781.7937,3.2633
2026-08-12 11:24:00,121.8374,87.8424,484.3247,782.0280,3.2644
2026-08-12 11:25:00,121.2675,88.3879,480.3483,776.1097,3.2165
2026-08-12 11:26:00,120.0911,86.5592,484.3467,782.7540,3.5359
2026-08-12 11:27:00,120.8186,89.0992,483.4394,777.5401,3.5230
2026-08-12 11:28:00,120.2409,86.9722,486.8335,785.4626,3.6851
2026-08-12 11:29:00,120.5426,90.9039,478.8824,782.6589,3.3074
2026-08-12 11:30:00,121.5321,88.2945,481.7284,777.4430,3.4401
2026-08-12 11:31:00,121.0699,88.5258,481.1162,793.3909,3.2109
2026-08-12 11:32:00,120.3763,86.7159,484.8491,789.3306,3.3511
2026-08-12 11:33:00,120.1935,89.6069,476.1103,782.7958,3.3206
2026-08-12 11:34:00,120.6912,89.3521,486.2321,788.0128,3.4651
2026-08-12 11:35:00,120.0410,88.1153,483.3930,786.6509,3.5450
2026-08-12 11:36:00,120.2882,86.6405,474.3942,780.8572,3.5382
2026-08-12 11:37:00,120.7541,88.5092,486.9409,788.8420,3.2602
2026-08-12 11:38:00,121.1501,87.4428,491.9941,783.7937,3.5335
2026-08-12 11:39:00,120.8511,89.8406,485.7601,781.6895,3.3742
2026-08-12 11:40:00,119.3753,88.2365,487.8164,776.7573,3.3293
2026-08-12 11:41:00,120.6473,88.3579,481.0422,787.3641,3.2688
2026-08-12 11:42:00,120.5053,85.7421,472.2451,795.2653,3.2883
2026-08-12 11:43:00,120.6504,87.2977,471.2726,785.6716,3.6308
2026-08-12 11:44:00,121.2256,89.3511,481.7125,811.8965,3.4127
2026-08-12 11:45:00,119.3600,88.6719,477.4244,799.3209,3.3900
2026-08-12 11:46:00,120.0701,89.0380,475.7620,803.1770,3.3217
2026-08-12 11:47:00,120.6351,86.7124,479.9751,799.6134,3.7251
2026-08-12 11:48:00,119.5228,87.8914,483.3242,808.5856,3.5512
2026-08-12 11:49:00,121.0255,89.5904,472.9432,787.9797,3.2446
2026-08-12 11:50:00,120.4456,86.5480,477.9267,774.3047,3.3090
2026-08-12 11:51:00,120.6587,88.3452,487.6880,791.7380,3.3152
2026-08-12 11:52:00,119.9238,88.1576,474.7331,800.2906,3.3665
2026-08-12 11:53:00,120.5900,88.0244,484.4327,797.5561,3.2367
2026-08-12 11:54:00,120.6912,86.5471,477.6380,799.0679,3.4051
2026-08-12 11:55:00,120.2473,87.7934,482.7718,807.9526,3.5544
2026-08-12 11:56:00,120.2219,87.7836,485.5140,800.9638,3.1369
2026-08-12 11:57:00,120.2137,87.9658,483.7218,804.8212,3.1622
2026-08-12 11:58:00,119.6207,87.1733,484.5527,791.4365,3.2563
2026-08-12 11:59:00,119.9524,87.5177,474.2437,790.7133,3.2607
2026-08-12 12:00:00,119.9237,87.9107,485.5683,812.9129,3.6234
2026-08-12 12:01:00,120.1655,88.5584,475.7382,801.3308,3.4714
2026-08-12 12:02:00,120.4476,88.0032,481.3046,796.0612,3.4603
2026-08-12 12:03:00,119.3922,87.2203,481.3067,796.5989,3.2765
2026-08-12 12:04:00,119.8328,88.0170,482.4530,796.8997,3.2707
2026-08-12 12:05:00,120.6099,86.5172,481.7276,796.9430,3.0934
2026-08-12 12:06:00,119.4712,88.1833,475.8426,792.8707,3.4260
2026-08-12 12:07:00,119.4057,87.6715,473.3346,791.6527,3.3800
2026-08-12 12:08:00,119.8919,88.0361,484.4713,802.6152,3.4969
2026-08-12 12:09:00,120.1868,89.1572,481.0678,799.9496,3.2700
2026-08-12 12:10:00,119.7442,85.9643,485.9180,814.0667,3.2780
2026-08-12 12:11:00,120.3769,86.3628,479.9833,808.0689,3.3224
2026-08-12 12:12:00,120.1148,88.4484,473.2204,808.3599,3.4284
2026-08-12 12:13:00,120.0813,88.1541,485.1195,800.8036,3.0718
2026-08-12 12:14:00,119.9115,88.2293,478.4830,806.2894,3.4005
2026-08-12 12:15:00,120.7722,88.1648,482.0943,810.6526,3.2848
2026-08-12 12:16:00,119.4799,88.4596,477.1998,813.9987,3.1269
2026-08-12 12:17:00,118.5548,88.1349,488.7147,808.0200,2.9708
2026-08-12 12:18:00,120.3328,88.8503,476.1698,817.9035,3.2608
2026-08-12 12:19:00,119.2760,87.4269,478.9282,809.8310,3.4963
2026-08-12 12:20:00,119.5330,85.7554,481.2187,816.6034,3.5283
2026-08-12 12:21:00,120.1081,89.0145,475.2900,806.8322,3.3283
2026-08-12 12:22:00,118.6264,88.5123,482.4762,796.7375,3.5672
2026-08-12 12:23:00,118.7761,88.0407,488.9592,813.8688,3.2644
2026-08-12 12:24:00,118.5756,86.3945,478.5266,818.0047,3.4118
2026-08-12 12:25:00,118.9536,88.2020,483.0371,817.2813,3.1992
2026-08-12 12:26:00,119.5450,88.7814,467.4000,816.5286,3.1877
2026-08-12 12:27:00,119.5618,89.4990,481.0415,810.8310,3.1613
2026-08-12 12:28:00,119.4124,86.9753,479.7632,807.6302,2.9520
2026-08-12 12:29:00,118.5425,87.0678,477.3313,818.9581,3.4522
2026-08-12 12:30:00,118.0685,87.7418,486.9297,818.4116,3.1611
2026-08-12 12:31:00,119.2255,87.8123,479.9930,810.9639,3.1352
2026-08-12 12:32:00,118.9372,86.4585,480.8417,824.7730,3.0767
2026-08-12 12:33:00,119.3776,88.2851,479.9512,809.2762,3.2212
2026-08-12 12:34:00,119.4739,88.5200,472.3642,812.1076,3.5146
2026-08-12 12:35:00,119.1670,87.8382,476.4026,830.2987,3.5625
2026-08-12 12:36:00,119.4530,88.1640,486.9853,824.5822,2.9976
2026-08-12 12:37:00,119.1627,87.5054,471.7505,815.1904,3.1919
2026-08-12 12:38:00,119.2883,89.3324,478.5921,820.7689,3.0882
2026-08-12 12:39:00,118.6462,86.5444,480.5515,820.1179,3.3900
2026-08-12 12:40:00,118.8841,87.0207,491.3976,797.3187,3.2832
2026-08-12 12:41:00,119.0478,87.7337,486.6549,812.4300,3.1432
2026-08-12 12:42:00,119.3352,88.7968,480.1613,819.6671,3.2480
2026-08-12 12:43:00,118.7036,86.0183,489.6080,817.6071,3.1640
2026-08-12 12:44:00,119.1368,86.4953,479.5240,822.8166,3.4763
2026-08-12 12:45:00,118.7190,85.5046,488.4161,830.2491,3.3147
2026-08-12 12:46:00,118.7690,87.6159,476.7231,819.0079,3.3318
2026-08-12 12:47:00,119.2185,86.7654,489.0335,813.4794,2.8299
2026-08-12 12:48:00,117.7833,86.5746,481.7890,824.8932,3.2185
2026-08-12 12:49:00,118.1077,87.8397,478.8324,820.0283,3.5397
2026-08-12 12:50:00,117.9911,86.4693,483.0472,821.7328,3.4249
2026-08-12 12:51:00,117.5417,87.0584,485.6804,820.9802,2.9476
2026-08-12 12:52:00,118.3458,87.0587,481.9833,841.5750,3.1764
2026-08-12 12:53:00,119.0361,88.4873,487.3929,806.0334,3.0420
2026-08-12 12:54:00,118.4956,87.9473,481.8769,821.1638,3.4777
2026-08-12 12:55:00,118.7136,86.9303,488.0651,824.5450,3.2566
2026-08-12 12:56:00,119.1362,87.7365,487.3482,818.6220,3.1036
2026-08-12 12:57:00,119.2324,89.0198,485.0089,832.3587,3.2229
2026-08-12 12:58:00,118.5110,87.9089,483.2856,831.9475,2.8256
2026-08-12 12:59:00,119.1995,86.5744,486.4317,825.3330,3.0529
2026-08-12 13:00:00,118.5461,88.2106,488.6091,823.8154,3.2201
2026-08-12 13:01:00,118.0587,86.1619,496.3532,825.3429,3.3406
2026-08-12 13:02:00,118.1577,88.7317,490.9300,825.6501,2.9216
2026-08-12 13:03:00,117.6922,88.0491,491.3039,826.1032,3.1547
2026-08-12 13:04:00,117.9662,87.5012,502.0599,825.4598,3.3625
2026-08-12 13:05:00,118.2091,87.5348,489.3929,829.2088,2.9925
2026-08-12 13:06:00,118.7679,87.5401,489.4343,833.4321,3.2438
2026-08-12 13:07:00,119.2046,88.7198,490.7313,817.7731,3.2186
2026-08-12 13:08:00,117.6313,86.6563,482.3688,819.4102,3.4651
2026-08-12 13:09:00,118.4972,87.8337,485.3986,814.0193,3.1727
2026-08-12 13:10:00,117.7590,87.9986,485.2939,835.1220,3.1808
2026-08-12 13:11:00,118.4952,87.0518,491.2716,830.3681,3.3342
2026-08-12 13:12:00,118.1711,86.7950,487.3734,832.5738,3.0064
2026-08-12 13:13:00,117.3001,85.6590,489.1482,817.2532,3.1716
2026-08-12 13:14:00,118.6587,86.6804,494.1091,843.1174,3.1358
2026-08-12 13:15:00,117.8712,85.4129,493.2043,824.1070,3.1829
2026-08-12 13:16:00,117.8861,87.9891,488.2986,830.4545,3.3305
2026-08-12 13:17:00,117.5976,88.8890,485.9777,836.0662,3.2859
2026-08-12 13:18:00,117.7849,88.6355,495.2264,821.4486,3.0901
2026-08-12 13:19:00,118.3057,85.9310,493.6436,825.0782,3.2225
2026-08-12 13:20:00,117.9770,88.0766,481.9687,830.9776,3.4252
2026-08-12 13:21:00,118.2160,88.9375,488.6618,852.4904,3.0766
2026-08-12 13:22:00,118.2128,87.0648,491.2844,832.1170,3.2228
2026-08-12 13:23:00,118.6725,87.9302,494.5819,842.6273,3.1718
2026-08-12 13:24:00,117.8212,85.2759,495.4707,839.4810,3.1911
2026-08-12 13:25:00,117.2348,87.1777,492.5738,832.8299,2.9558
2026-08-12 13:26:00,118.4876,86.6701,494.3160,822.0134,3.4119
2026-08-12 13:27:00,117.7692,87.4746,491.9475,838.4369,3.0840
2026-08-12 13:28:00,118.4733,86.1798,488.4960,817.9968,3.3540
2026-08-12 13:29:00,118.0890,88.0423,490.7988,842.8024,3.1068
2026-08-12 13:30:00,117.8131,88.3530,492.4413,831.6000,3.1062
2026-08-12 13:31:00,118.0346,86.6977,492.4155,808.7936,3.3820
2026-08-12 13:32:00,118.8175,86.8611,483.4048,827.2577,3.3491
2026-08-12 13:33:00,118.8624,85.8795,491.0902,835.1905,3.2314
2026-08-12 13:34:00,117.8406,87.1133,493.6049,828.0307,3.3144
2026-08-12 13:35:00,117.8683,86.8244,492.1644,835.6059,3.1571
2026-08-12 13:36:00,118.3087,86.1496,492.5855,823.0355,3.1993
2026-08-12 13:37:00,117.3303,87.5260,496.5091,819.3285,3.1016
2026-08-12 13:38:00,117.9024,87.0033,488.9249,829.1365,3.3367
2026-08-12 13:39:00,117.7059,86.2581,486.4310,829.8832,3.0973
2026-08-12 13:40:00,117.8588,86.8870,493.0828,826.7572,3.4244
2026-08-12 13:41:00,117.2684,88.1375,498.8975,839.2671,3.1546
2026-08-12 13:42:00,116.8738,87.4209,503.7689,822.5428,3.2054
2026-08-12 13:43:00,116.6157,86.5285,499.4967,831.7364,3.3166
2026-08-12 13:44:00,117.0773,87.5860,488.5004,829.6526,3.2068
2026-08-12 13:45:00,117.3906,86.0180,494.9364,816.5240,3.1590
2026-08-12 13:46:00,117.4575,87.2631,497.6385,818.2856,3.1997
2026-08-12 13:47:00,118.5570,88.1011,497.5010,828.7844,3.3388
2026-08-12 13:48:00,118.1259,87.2120,499.5678,844.3813,3.1059
2026-08-12 13:49:00,117.0766,87.4436,492.5449,832.9997,3.1870
2026-08-12 13:50:00,117.7164,86.6519,497.7142,814.3857,3.2081
2026-08-12 13:51:00,117.3241,87.6955,499.7509,803.1235,3.3369
2026-08-12 13:52:00,117.3707,87.7762,502.0378,833.6799,3.1929
2026-08-12 13:53:00,117.5910,84.4587,494.1414,826.8454,3.4799
2026-08-12 13:54:00,117.7936,88.7061,496.7050,836.5365,3.1859
2026-08-12 13:55:00,117.3002,84.1558,485.1728,820.1435,3.1746
2026-08-12 13:56:00,117.9878,87.0427,495.8460,829.7655,3.1854
2026-08-12 13:57:00,116.8711,87.9666,496.5927,833.4996,3.0144
2026-08-12 13:58:00,117.4317,86.9966,494.3785,822.9087,3.0573
2026-08-12 13:59:00,118.7139,86.6895,500.5663,822.8299,3.1341
2026-08-12 14:00:00,117.5135,86.2900,499.7203,826.1829,3.3851
2026-08-12 14:01:00,118.1055,88.8038,488.9657,830.0564,3.2107
2026-08-12 14:02:00,117.4219,85.4194,501.6011,825.3268,3.1440
2026-08-12 14:03:00,117.6539,88.6291,496.1436,832.9521,3.4017
2026-08-12 14:04:00,117.3228,87.2380,503.4752,821.1756,3.4515
2026-08-12 14:05:00,117.2538,86.0642,494.8988,813.9474,3.4082
2026-08-12 14:06:00,116.9372,86.4761,501.7192,840.0863,3.0931
2026-08-12 14:07:00,117.5303,86.4358,500.4142,819.1220,3.1480
2026-08-12 14:08:00,116.8778,87.9035,503.6061,819.0928,3.4955
2026-08-12 14:09:00,117.6250,88.2637,502.9742,822.7880,3.2608
2026-08-12 14:10:00,117.8237,85.9496,501.3347,823.5188,3.1858
2026-08-12 14:11:00,117.4534,87.0328,495.1885,819.5478,3.3350
2026-08-12 14:12:00,117.1162,86.3624,495.7426,822.1549,3.3796
2026-08-12 14:13:00,117.4758,88.7611,500.4676,821.6225,3.1442
2026-08-12 14:14:00,117.0841,85.8713,503.6033,822.9787,3.2642
2026-08-12 14:15:00,117.6961,89.2317,500.8606,802.3533,3.3717
2026-08-12 14:16:00,116.3027,86.6968,507.2843,835.8868,3.0601
2026-08-12 14:17:00,117.0409,86.0563,503.0178,819.2816,3.2375
2026-08-12 14:18:00,116.2039,86.0052,499.8438,824.7189,3.0699
2026-08-12 14:19:00,116.4425,86.0443,503.5326,808.6570,3.0911
2026-08-12 14:20:00,117.8629,86.5029,506.3057,815.5156,3.1557
2026-08-12 14:21:00,117.6197,87.7226,507.0532,813.5011,3.3133
2026-08-12 14:22:00,,,,,
2026-08-12 14:23:00,116.4038,84.6738,502.5863,813.3679,3.1478
2026-08-12 14:24:00,115.6646,86.0023,505.8129,823.6982,3.2544
2026-08-12 14:25:00,116.8671,85.3691,508.5594,812.0039,3.0764
2026-08-12 14:26:00,118.3413,87.3863,506.5590,813.1548,3.3144
2026-08-12 14:27:00,117.3410,86.5875,504.4193,814.3748,3.4216
2026-08-12 14:28:00,116.8364,86.3058,499.4211,826.1683,3.2418
2026-08-12 14:29:00,117.3416,89.5147,504.8570,800.3323,3.2251
2026-08-12 14:30:00,116.3217,86.9155,502.2852,804.4747,3.3133
2026-08-12 14:31:00,,,,,
2026-08-12 14:32:00,117.1389,85.6305,504.1563,805.3841,3.3416
2026-08-12 14:33:00,117.0398,86.6969,503.1377,807.1269,3.7282
2026-08-12 14:34:00,117.4723,87.8556,511.5292,800.2353,3.2465
2026-08-12 14:35:00,117.2434,86.4754,511.8512,806.8054,3.2490
2026-08-12 14:36:00,117.3997,88.5179,504.5604,796.0844,3.3804
2026-08-12 14:37:00,116.7160,85.9711,508.0111,803.5780,3.5177
2026-08-12 14:38:00,117.5040,87.4079,500.2520,820.8416,3.4191
2026-08-12 14:39:00,117.8647,87.3510,507.3007,813.9797,2.9516
2026-08-12 14:40:00,116.5605,87.2620,511.9949,811.7603,3.3616
2026-08-12 14:41:00,116.5973,86.4894,514.3506,801.7448,3.6650
2026-08-12 14:42:00,117.7048,87.5872,506.8847,796.9818,3.3747
2026-08-12 14:43:00,116.9373,87.1314,515.9316,799.6579,3.1103
2026-08-12 14:44:00,117.7311,87.1575,503.3143,807.9234,3.3279
2026-08-12 14:45:00,116.8044,87.7830,504.8733,814.7100,3.0958
2026-08-12 14:46:00,117.7499,88.1591,514.8764,814.4766,3.4750
2026-08-12 14:47:00,117.0850,87.4083,519.8985,811.7934,3.1490
2026-08-12 14:48:00,117.1455,87.1141,514.2229,800.3369,3.3058
2026-08-12 14:49:00,117.7962,88.7724,511.7648,805.9207,3.1683
2026-08-12 14:50:00,116.8305,87.1207,501.1993,802.6387,3.2173
2026-08-12 14:51:00,116.5387,86.8684,502.2696,803.0835,3.5245
2026-08-12 14:52:00,116.7830,87.4470,513.2335,820.4722,3.3195
2026-08-12 14:53:00,117.2318,89.3389,510.9985,789.5601,3.2225
2026-08-12 14:54:00,116.2212,85.6534,507.4598,801.2584,3.1370
2026-08-12 14:55:00,117.3216,88.4872,513.5146,812.3087,3.0304
2026-08-12 14:56:00,116.7324,85.4496,513.9583,790.3656,3.1260
2026-08-12 14:57:00,117.5749,88.1160,518.2981,796.4201,3.3329
2026-08-12 14:58:00,115.8033,88.3306,514.4501,796.8147,3.4657
2026-08-12 14:59:00,116.6068,87.7748,520.0978,798.7373,3.2371
2026-08-12 15:00:00,116.1568,87.1725,514.1821,787.2323,3.5592
2026-08-12 15:01:00,116.5870,86.7294,513.7494,804.2387,3.2186
2026-08-12 15:02:00,117.1243,87.6785,519.8290,804.2833,3.2931
2026-08-12 15:03:00,116.9114,87.2654,509.7942,802.4969,3.1694
2026-08-12 15:04:00,,,,,
2026-08-12 15:05:00,116.9233,87.2519,516.9131,798.0774,3.6512
2026-08-12 15:06:00,117.1058,87.8672,517.1123,789.6686,3.0750
2026-08-12 15:07:00,116.5013,86.5170,518.0023,793.6831,3.2900
2026-08-12 15:08:00,117.3607,87.0449,524.9286,813.0526,3.5343
2026-08-12 15:09:00,117.3406,86.4861,519.6689,796.0725,3.1302
2026-08-12 15:10:00,117.2039,88.1566,507.8418,785.2903,3.4350
2026-08-12 15:11:00,117.2921,88.3768,523.0424,795.7184,3.5359
2026-08-12 15:12:00,117.1646,87.9887,514.4759,782.9483,3.3672
2026-08-12 15:13:00,118.0368,89.2974,516.8686,783.6594,3.4408
2026-08-12 15:14:00,116.9788,87.7408,510.0863,784.4134,3.6251
2026-08-12 15:15:00,116.8721,87.9839,519.2604,788.6810,3.6561
2026-08-12 15:16:00,116.6524,87.7613,513.5165,799.2266,3.3573
2026-08-12 15:17:00,116.5168,87.2861,517.4154,795.8560,3.2896
2026-08-12 15:18:00,116.4147,86.7887,515.6323,794.9135,3.2343
2026-08-12 15:19:00,116.5967,89.6604,526.8132,781.4416,3.5217
2026-08-12 15:20:00,117.0102,87.2714,527.2318,785.4089,3.1722
2026-08-12 15:21:00,117.2174,87.2004,517.6825,791.4250,3.3430
2026-08-12 15:22:00,117.0807,88.2198,517.8962,783.7352,3.3991
2026-08-12 15:23:00,116.6775,87.7839,515.8325,786.0511,3.3112
2026-08-12 15:24:00,117.5156,86.6804,523.3502,791.3288,3.4315
2026-08-12 15:25:00,117.4408,89.1675,516.2929,784.5313,3.7772
2026-08-12 15:26:00,116.9971,87.6706,515.9450,788.6573,3.3772
2026-08-12 15:27:00,116.7564,86.5057,523.0558,799.1221,3.3331
2026-08-12 15:28:00,117.3633,89.2083,515.5794,784.5410,3.5536
2026-08-12 15:29:00,117.1895,88.5405,518.1870,794.8904,3.4402
2026-08-12 15:30:00,116.3782,86.1313,510.5710,789.4750,3.6232
2026-08-12 15:31:00,117.0751,89.6343,522.0971,772.8109,3.4350
2026-08-12 15:32:00,117.2472,88.6362,528.3759,775.2853,3.3760
2026-08-12 15:33:00,116.6737,87.6027,522.3700,776.9921,3.1487
2026-08-12 15:34:00,117.2260,89.5705,526.1618,776.3855,3.1764
2026-08-12 15:35:00,116.4114,87.6184,514.7081,782.0704,3.1470
2026-08-12 15:36:00,117.8149,88.3516,520.2028,787.2836,3.4823
2026-08-12 15:37:00,117.7790,87.7044,514.3846,791.9868,3.2241
2026-08-12 15:38:00,117.0372,88.4727,518.0376,783.9956,3.6198
2026-08-12 15:39:00,117.3538,88.5816,523.1102,777.5550,3.4391
2026-08-12 15:40:00,115.9760,87.2324,519.8276,764.0584,3.4010
2026-08-12 15:41:00,116.6118,86.8494,512.3214,780.8829,3.3141
2026-08-12 15:42:00,,,,,
2026-08-12 15:43:00,116.6727,87.6258,512.6010,781.0035,3.3262
2026-08-12 15:44:00,117.5756,86.9574,522.0202,796.0102,3.3022
2026-08-12 15:45:00,118.2270,87.2507,529.9352,788.7116,3.6313
2026-08-12 15:46:00,116.6502,88.2711,526.4774,784.7003,3.5094
2026-08-12 15:47:00,116.8301,85.2293,510.2312,770.3628,3.4240
2026-08-12 15:48:00,117.3771,88.4005,526.8591,773.6017,3.5586
2026-08-12 15:49:00,118.0757,88.1794,524.4750,776.6000,3.4669
2026-08-12 15:50:00,116.6699,89.0603,512.1024,770.8154,3.5261
2026-08-12 15:51:00,117.4168,87.7524,518.3454,780.6893,3.3492
2026-08-12 15:52:00,118.2143,89.4321,525.3680,779.2149,3.7855
2026-08-12 15:53:00,116.4893,87.2628,522.6683,767.3345,3.3911
2026-08-12 15:54:00,116.6864,87.9099,513.3929,785.3040,3.7146
2026-08-12 15:55:00,117.1272,88.8278,523.0109,776.2439,3.4560
2026-08-12 15:56:00,117.0909,87.6132,509.2851,761.2963,3.6085
2026-08-12 15:57:00,117.7698,89.5220,518.8705,774.4291,3.6007
2026-08-12 15:58:00,117.4970,87.3627,525.6829,776.8082,3.6657
2026-08-12 15:59:00,116.5015,88.0122,520.0903,782.0673,3.3708
2026-08-12 16:00:00,117.6596,130.0000,517.5053,771.3194,3.6613
2026-08-12 16:01:00,117.1263,123.0083,524.4450,780.3849,3.7801
2026-08-12 16:02:00,118.0657,90.6758,524.8669,775.0087,3.4675
2026-08-12 16:03:00,117.1283,87.3949,526.5348,762.7494,3.5146
2026-08-12 16:04:00,117.1375,86.7936,524.3443,761.7148,3.4340
2026-08-12 16:05:00,117.7404,87.5786,525.3641,781.7912,3.4637
2026-08-12 16:06:00,117.8655,89.3230,523.6029,782.1615,3.7756
2026-08-12 16:07:00,117.7224,89.0758,521.2437,774.9681,3.3713
2026-08-12 16:08:00,116.6701,88.0045,520.3380,784.1501,3.3838
2026-08-12 16:09:00,,,,,
2026-08-12 16:10:00,,,,,
2026-08-12 16:11:00,117.6753,87.3559,515.0165,764.3440,3.8525
2026-08-12 16:12:00,116.8611,89.2187,518.3437,785.3197,3.4700
2026-08-12 16:13:00,117.8116,91.5433,520.9184,775.6013,3.5597
2026-08-12 16:14:00,117.2008,88.6636,526.8692,768.0754,3.4447
2026-08-12 16:15:00,116.9786,88.7442,519.4067,765.6761,3.5684
2026-08-12 16:16:00,117.9929,88.3358,524.5803,772.9454,3.2839
2026-08-12 16:17:00,117.7730,86.8839,524.9034,757.4004,3.6559
2026-08-12 16:18:00,117.3616,87.8323,518.2902,776.2530,3.6047
2026-08-12 16:19:00,118.4107,88.0324,522.3581,762.9226,3.5507
2026-08-12 16:20:00,117.4815,87.0827,518.1009,773.4206,3.5038
2026-08-12 16:21:00,117.7348,90.4250,525.8598,766.1964,3.4312
2026-08-12 16:22:00,117.8703,89.0719,522.3556,768.1766,3.6777
2026-08-12 16:23:00,117.4433,88.9095,513.1480,764.1683,3.3959
2026-08-12 16:24:00,118.0061,88.5950,519.8288,768.8745,3.6514
2026-08-12 16:25:00,117.5214,88.4244,527.1792,785.2292,3.8888
2026-08-12 16:26:00,117.6001,89.6213,517.9467,781.1536,3.8035
2026-08-12 16:27:00,118.5052,89.2210,521.0024,772.8769,3.3579
2026-08-12 16:28:00,117.3217,89.0231,521.4010,769.8159,3.5062
2026-08-12 16:29:00,116.6539,87.8707,513.3931,776.7582,3.6529
2026-08-12 16:30:00,118.6841,89.0525,521.0311,779.0398,3.5822
2026-08-12 16:31:00,119.1719,88.3132,511.4066,763.3660,3.3858
2026-08-12 16:32:00,117.7134,86.8026,515.1428,769.3988,3.6565
2026-08-12 16:33:00,116.9665,88.0417,523.5415,755.4654,3.6001
2026-08-12 16:34:00,117.7988,88.9090,519.8355,779.0579,3.8917
2026-08-12 16:35:00,117.8301,87.5951,516.4151,786.6344,3.5695
2026-08-12 16:36:00,117.8976,88.8990,520.0524,770.8050,3.7856
2026-08-12 16:37:00,117.4554,88.7081,517.3993,753.2235,3.4233
2026-08-12 16:38:00,118.3216,87.0697,517.6392,775.1631,3.4621
2026-08-12 16:39:00,118.3139,88.3139,520.7340,763.1366,3.7274
2026-08-12 16:40:00,117.3244,89.0015,513.6837,765.1490,3.7846
2026-08-12 16:41:00,118.4414,89.7156,517.3898,775.5638,3.4813
2026-08-12 16:42:00,119.1384,88.6363,515.4915,772.6920,3.6313
2026-08-12 16:43:00,118.2184,89.3588,508.9865,766.8640,3.4233
2026-08-12 16:44:00,117.9844,90.0789,512.1711,765.6943,3.6062
2026-08-12 16:45:00,118.1027,89.9188,524.4704,772.0289,3.7617
2026-08-12 16:46:00,118.5022,89.3145,518.4061,767.8864,3.5737
2026-08-12 16:47:00,117.3502,88.2013,509.7149,762.4370,3.6044
2026-08-12 16:48:00,118.3188,88.6779,508.4786,768.8078,3.4751
2026-08-12 16:49:00,118.0627,89.6169,515.4643,774.3512,3.5500
2026-08-12 16:50:00,119.2032,90.0938,523.6730,770.3844,3.9137
2026-08-12 16:51:00,118.2137,89.8933,514.7725,760.6845,3.6637
2026-08-12 16:52:00,119.1564,90.0168,522.0779,780.0970,3.5051
2026-08-12 16:53:00,117.7923,89.8254,517.1365,750.4744,3.6109
2026-08-12 16:54:00,118.6597,89.6734,517.5644,769.0227,3.4211
2026-08-12 16:55:00,118.5478,90.2991,508.3582,767.8492,3.5113
2026-08-12 16:56:00,117.9757,90.0217,519.5505,774.2216,3.8701
2026-08-12 16:57:00,118.5212,88.7093,513.0118,777.7631,3.6473
2026-08-12 16:58:00,119.0611,88.0649,518.8229,782.5257,3.9548
2026-08-12 16:59:00,118.3155,90.9402,510.2552,768.0622,3.6595
2026-08-12 17:00:00,117.6540,89.2318,515.0274,778.7119,3.6709
2026-08-12 17:01:00,118.5139,87.8279,515.7158,775.8515,3.7750
2026-08-12 17:02:00,118.0944,88.5642,512.9969,760.8662,3.2805
2026-08-12 17:03:00,118.3974,90.2552,515.5987,790.0442,3.7146
2026-08-12 17:04:00,118.5508,89.3117,512.0506,763.6187,3.6790
2026-08-12 17:05:00,117.7619,88.5749,509.9416,778.7814,3.9117
2026-08-12 17:06:00,117.8302,90.5405,521.0164,778.8492,3.8359
2026-08-12 17:07:00,118.9024,88.7976,518.0335,778.2460,3.5236
2026-08-12 17:08:00,118.4235,88.7438,508.7821,772.4031,3.8823
2026-08-12 17:09:00,117.4261,89.1133,515.2241,783.3036,3.6590
2026-08-12 17:10:00,119.1246,90.4048,508.4618,764.5357,3.5651
2026-08-12 17:11:00,118.8921,90.3679,506.0431,776.8321,3.7326
2026-08-12 17:12:00,118.4229,90.4861,516.9248,773.1947,3.6749
2026-08-12 17:13:00,118.1453,89.6014,503.0224,772.6410,3.9384
2026-08-12 17:14:00,119.2457,90.6158,515.9624,781.8498,3.7610
2026-08-12 17:15:00,119.0266,89.7331,509.8478,787.4066,3.7430
2026-08-12 17:16:00,120.0675,90.7399,509.8350,776.4142,3.8494
2026-08-12 17:17:00,119.1106,90.1711,512.7210,785.7855,3.8805
2026-08-12 17:18:00,119.1187,90.2923,513.3560,780.3240,3.8362
2026-08-12 17:19:00,118.8659,90.6937,506.0941,773.1764,3.9337
2026-08-12 17:20:00,119.3823,90.8203,513.5886,778.6528,3.8142
2026-08-12 17:21:00,119.3111,90.2714,510.3393,778.7245,3.7502
2026-08-12 17:22:00,119.6492,89.6462,503.2629,775.9569,3.9130
2026-08-12 17:23:00,118.7874,89.9712,508.4629,785.3734,3.7155
2026-08-12 17:24:00,118.8552,89.9279,515.9862,784.2436,3.7361
2026-08-12 17:25:00,118.8583,90.1594,517.2287,770.0675,3.9914
2026-08-12 17:26:00,119.5183,92.6101,512.1970,770.0120,3.9784
2026-08-12 17:27:00,119.8971,90.1344,502.4215,787.0583,3.7358
2026-08-12 17:28:00,118.9437,90.4690,510.5878,777.5801,3.6709
2026-08-12 17:29:00,118.9859,91.1510,512.1492,786.9652,3.9603
2026-08-12 17:30:00,119.3806,90.4454,511.2822,791.2475,3.8628
2026-08-12 17:31:00,119.1260,92.5281,511.3359,775.2881,3.7919
2026-08-12 17:32:00,119.7503,90.2263,508.9837,774.6236,3.6981
2026-08-12 17:33:00,118.1738,89.9120,506.5603,799.7757,3.7979
2026-08-12 17:34:00,118.9118,89.2772,503.6343,789.6614,3.7466
2026-08-12 17:35:00,118.9595,89.7638,496.9391,783.9675,3.6520
2026-08-12 17:36:00,118.2161,89.8894,507.8785,780.3264,3.7727
2026-08-12 17:37:00,118.9201,90.9527,506.8611,784.1945,3.7948
2026-08-12 17:38:00,118.9700,90.4663,508.4682,779.2372,3.7003
2026-08-12 17:39:00,119.3527,91.6634,498.7411,796.3163,3.8938
2026-08-12 17:40:00,120.0355,90.7615,508.4015,783.5254,3.9531
2026-08-12 17:41:00,119.3823,90.1080,515.1958,798.9812,3.9068
2026-08-12 17:42:00,119.0153,92.9139,505.0612,787.5245,3.7215
2026-08-12 17:43:00,119.5281,90.9458,504.1056,782.8820,3.8778
2026-08-12 17:44:00,120.1071,90.2168,505.7032,788.3205,3.7776
2026-08-12 17:45:00,119.1204,89.6090,514.0635,771.2421,3.5819
2026-08-12 17:46:00,119.1791,89.4071,498.5265,791.7762,3.8696
2026-08-12 17:47:00,119.9397,91.7890,504.4030,791.8905,3.7920
2026-08-12 17:48:00,119.5756,90.2598,499.1304,800.3606,4.1605
2026-08-12 17:49:00,120.0362,91.0592,500.1348,779.1853,3.9914
2026-08-12 17:50:00,119.7317,90.6788,502.3626,804.0855,3.8807
2026-08-12 17:51:00,120.1155,91.7315,509.0874,801.8718,3.8127
2026-08-12 17:52:00,119.2732,89.6142,511.0955,805.8412,3.8011
2026-08-12 17:53:00,119.8108,89.7431,504.0707,795.9221,3.6272
2026-08-12 17:54:00,119.7376,91.0038,499.6862,804.9753,3.5181
2026-08-12 17:55:00,119.2612,91.0791,513.7718,785.6154,3.6492
2026-08-12 17:56:00,119.1136,90.7230,498.9089,803.6117,3.7740
2026-08-12 17:57:00,120.2643,90.3374,497.9295,792.2606,3.4664
2026-08-12 17:58:00,119.7722,91.5127,491.6488,785.7418,3.7017
2026-08-12 17:59:00,119.4627,89.8985,507.2422,790.4833,3.7472
2026-08-12 18:00:00,119.9519,88.9466,504.8412,800.0442,3.7530
2026-08-12 18:01:00,120.5902,84.8069,511.8272,793.9292,3.6870
2026-08-12 18:02:00,118.9120,92.4989,492.5288,804.0556,3.7360
2026-08-12 18:03:00,119.3302,89.1456,506.5057,787.1042,4.0467
2026-08-12 18:04:00,119.6433,86.6438,499.3040,785.0759,3.8883
2026-08-12 18:05:00,120.8614,85.4532,502.7224,813.5938,3.7057
2026-08-12 18:06:00,120.2983,86.2375,490.1919,810.3663,3.7803
2026-08-12 18:07:00,120.5668,87.8604,505.5104,795.2617,3.7871
2026-08-12 18:08:00,119.6392,89.6683,501.8420,804.1512,3.6769
2026-08-12 18:09:00,119.6756,85.8715,497.4547,812.8491,3.6774
2026-08-12 18:10:00,120.4854,93.8017,500.6150,808.5631,3.9450
2026-08-12 18:11:00,120.3167,89.8922,493.3027,806.9101,3.7311
2026-08-12 18:12:00,120.5880,94.0669,493.9741,814.9986,3.6305
2026-08-12 18:13:00,120.2458,89.1369,494.2958,800.9028,3.7888
2026-08-12 18:14:00,120.5047,87.8442,487.0917,807.5071,3.8135
2026-08-12 18:15:00,120.4706,92.0532,500.4070,807.6218,3.5004
2026-08-12 18:16:00,120.8064,85.8252,501.7997,806.0870,3.7907
2026-08-12 18:17:00,120.8469,94.8971,492.0793,805.6527,3.9274
2026-08-12 18:18:00,119.6594,86.8458,497.0721,809.8535,3.8653
2026-08-12 18:19:00,119.3715,94.9676,493.7492,810.0423,4.1325
2026-08-12 18:20:00,121.0218,92.2597,496.4650,801.8732,3.9860
2026-08-12 18:21:00,121.1406,97.4635,491.4333,817.1654,4.0160
2026-08-12 18:22:00,120.0621,83.7481,489.9026,803.4271,4.2190
2026-08-12 18:23:00,119.6682,86.5848,499.3295,809.9761,3.9129
2026-08-12 18:24:00,120.6733,91.8018,493.5003,809.8399,3.8239
2026-08-12 18:25:00,121.1147,97.8027,503.6818,815.5434,3.9456
2026-08-12 18:26:00,121.5737,100.4508,493.5554,796.1983,3.7159
2026-08-12 18:27:00,120.9585,91.5864,488.4473,820.7470,3.8160
2026-08-12 18:28:00,120.5399,102.7839,498.9673,808.6682,3.7028
2026-08-12 18:29:00,120.3046,90.5403,495.7429,824.3040,3.8597
2026-08-12 18:30:00,120.7822,92.4845,495.9807,811.1747,3.7022
2026-08-12 18:31:00,120.6521,90.7511,498.0581,815.0604,3.6969
2026-08-12 18:32:00,120.3194,90.4751,488.6013,831.2079,3.8620
2026-08-12 18:33:00,121.8764,92.5315,490.9905,814.1205,3.7792
2026-08-12 18:34:00,121.7697,92.6066,490.5325,826.6866,3.5106
2026-08-12 18:35:00,121.4701,90.3909,484.7005,817.5197,3.5813
2026-08-12 18:36:00,120.4666,91.4230,489.6022,820.9569,3.6273
2026-08-12 18:37:00,121.3794,92.2190,497.3696,818.6141,3.6667
2026-08-12 18:38:00,121.2965,91.9443,491.6435,825.2527,3.8611
2026-08-12 18:39:00,121.2227,91.3064,483.4973,813.3954,3.8315
2026-08-12 18:40:00,121.6509,91.8669,482.2208,811.4112,3.9581
2026-08-12 18:41:00,121.3683,,498.0980,814.5732,3.9109
2026-08-12 18:42:00,121.4451,92.3801,489.0984,820.8716,3.9584
2026-08-12 18:43:00,121.4180,92.8848,486.0907,818.6934,3.8885
2026-08-12 18:44:00,121.2942,93.2888,487.7373,826.5220,3.8282
2026-08-12 18:45:00,120.2562,91.2472,481.5021,831.6511,3.9612
2026-08-12 18:46:00,121.2140,91.7163,495.7874,813.7735,3.9337
2026-08-12 18:47:00,120.9182,92.4261,486.4918,816.0690,3.8517
2026-08-12 18:48:00,120.5803,92.3880,495.0813,810.8044,3.9853
2026-08-12 18:49:00,122.0850,92.3294,488.2918,838.8843,3.4422
2026-08-12 18:50:00,122.1324,93.5931,494.9724,825.4187,3.7499
2026-08-12 18:51:00,121.9711,93.6858,488.9016,827.1528,3.7469
2026-08-12 18:52:00,121.4427,93.6628,491.6798,812.9187,3.9650
2026-08-12 18:53:00,122.0139,94.5290,490.8067,823.9497,4.0270
2026-08-12 18:54:00,121.3680,91.4728,490.1275,828.3445,3.5730
2026-08-12 18:55:00,121.4866,92.4386,488.5528,822.5525,4.0015
2026-08-12 18:56:00,120.8617,92.0380,485.4531,833.4768,3.6132
2026-08-12 18:57:00,121.6300,92.4364,496.0012,843.6548,3.6169
2026-08-12 18:58:00,121.4846,91.7991,481.6982,817.8649,3.7521
2026-08-12 18:59:00,120.8259,90.5430,486.0657,817.5383,3.7385
2026-08-12 19:00:00,,,,,
2026-08-12 19:01:00,121.4828,91.7038,487.6862,839.0882,3.8818
2026-08-12 19:02:00,122.4439,93.1912,483.3451,834.8273,3.8852
2026-08-12 19:03:00,122.0146,92.0404,486.8873,825.6460,3.9404
2026-08-12 19:04:00,121.5955,91.4707,484.2929,827.2563,3.7162
2026-08-12 19:05:00,121.7363,92.9046,477.0534,820.6569,3.7741
2026-08-12 19:06:00,121.6560,92.7773,484.8396,834.5266,3.7744
2026-08-12 19:07:00,121.5544,93.1479,479.1203,824.5759,4.0310
2026-08-12 19:08:00,121.1364,94.4912,475.7852,825.7349,3.3514
2026-08-12 19:09:00,121.6237,92.9077,484.9780,832.8777,3.6318
2026-08-12 19:10:00,121.3477,92.9444,486.5723,826.6868,3.7749
2026-08-12 19:11:00,121.1170,91.2401,486.6084,826.4858,3.6099
2026-08-12 19:12:00,122.0190,91.6254,486.6555,828.6163,3.7327
2026-08-12 19:13:00,121.9801,94.4782,474.0042,835.0520,3.7512
2026-08-12 19:14:00,120.9121,91.2860,476.7124,842.0098,3.6701
2026-08-12 19:15:00,121.7649,91.7283,493.2382,833.6617,3.7770
2026-08-12 19:16:00,122.3448,93.1184,477.9905,835.5354,3.8601
2026-08-12 19:17:00,122.3972,93.1096,486.1396,827.6323,3.7290
2026-08-12 19:18:00,122.4009,92.3081,479.5125,823.6820,3.6949
2026-08-12 19:19:00,121.9277,92.6064,483.2102,834.6807,3.7365
2026-08-12 19:20:00,121.5058,93.8748,479.5132,830.9142,3.7587
2026-08-12 19:21:00,121.4065,91.7832,485.3578,818.2496,3.4972
2026-08-12 19:22:00,122.1405,91.6810,483.1075,827.0835,3.8258
2026-08-12 19:23:00,122.1775,94.0496,480.0588,829.1132,3.6873
2026-08-12 19:24:00,122.6511,93.9155,476.9290,825.7520,3.9425
2026-08-12 19:25:00,122.5768,92.7627,483.4014,841.7397,3.8403
2026-08-12 19:26:00,121.9799,91.4214,475.8847,833.7656,3.9254
2026-08-12 19:27:00,121.4430,91.9183,483.9745,840.9443,3.5965
2026-08-12 19:28:00,121.9244,92.9295,494.8615,832.0891,3.6906
2026-08-12 19:29:00,122.2113,94.3447,488.3750,830.6465,3.5582
2026-08-12 19:30:00,122.0203,92.0266,485.1141,822.5072,3.6369
2026-08-12 19:31:00,121.8508,92.8768,480.9958,830.0909,3.9287
2026-08-12 19:32:00,122.2845,93.9267,471.6346,830.0862,3.9621
2026-08-12 19:33:00,121.9241,90.6444,474.6247,819.0220,3.5648
2026-08-12 19:34:00,121.8800,94.0391,487.5611,825.6107,3.6664
2026-08-12 19:35:00,122.3676,92.1481,477.1126,827.2996,3.7217
2026-08-12 19:36:00,122.0284,93.4505,477.4826,833.1435,3.8190
2026-08-12 19:37:00,122.3689,93.5948,480.0713,833.4672,3.4652
2026-08-12 19:38:00,122.4007,94.4617,475.5134,825.0575,3.4866
2026-08-12 19:39:00,121.7115,93.4884,474.6171,833.3816,3.7985
2026-08-12 19:40:00,122.0575,90.7934,480.4291,828.0876,3.4306
2026-08-12 19:41:00,123.0338,93.0288,476.1577,806.4919,3.6538
2026-08-12 19:42:00,121.7504,93.1260,476.8475,825.4668,3.7430
2026-08-12 19:43:00,121.2895,92.5015,476.5872,837.8630,3.7789
2026-08-12 19:44:00,121.4331,93.2758,483.0488,815.6544,3.6931
2026-08-12 19:45:00,122.3946,94.2209,479.2237,829.8793,3.6573
2026-08-12 19:46:00,122.4114,94.0592,479.4420,841.5199,3.8366
2026-08-12 19:47:00,122.3528,93.2067,483.2736,822.6042,3.7504
2026-08-12 19:48:00,123.0341,92.0259,479.5360,828.5489,3.6083
2026-08-12 19:49:00,121.1059,92.1717,478.8157,817.9334,3.7087
2026-08-12 19:50:00,122.6554,94.0591,482.5234,841.2086,3.7582
2026-08-12 19:51:00,123.2531,92.9491,483.4796,827.3408,3.9561
2026-08-12 19:52:00,121.9232,93.8147,479.3742,828.1885,3.8140
2026-08-12 19:53:00,122.3118,94.3527,480.4869,838.4495,3.8758
2026-08-12 19:54:00,122.1396,93.4676,476.1527,832.6982,3.5996
2026-08-12 19:55:00,122.0830,90.2485,475.7394,820.1842,3.6102
2026-08-12 19:56:00,122.3810,92.2362,483.8731,821.7856,3.6510
2026-08-12 19:57:00,123.2717,95.9878,482.2401,830.6896,3.6623
2026-08-12 19:58:00,123.4902,93.7054,482.2833,821.4955,3.5302
2026-08-12 19:59:00,122.4169,91.5785,481.4060,809.3006,3.8688
2026-08-12 20:00:00,123.5506,95.5431,480.2310,825.5548,3.8088
2026-08-12 20:01:00,122.6289,93.7304,483.4838,813.8733,3.6279
2026-08-12 20:02:00,123.5007,95.3971,484.6824,838.3717,3.7675
2026-08-12 20:03:00,122.5898,93.9853,484.5716,826.5744,3.7021
2026-08-12 20:04:00,122.7144,94.2562,479.5235,817.6297,3.7740
2026-08-12 20:05:00,122.8438,94.2531,486.9778,818.9855,3.4617
2026-08-12 20:06:00,124.2624,95.5181,481.2040,809.1553,3.6389
2026-08-12 20:07:00,123.1104,96.3576,483.2458,815.1634,3.6494
2026-08-12 20:08:00,122.3427,94.5605,481.5200,831.7709,3.7490
2026-08-12 20:09:00,123.1923,92.5696,481.3737,841.1687,3.5584
2026-08-12 20:10:00,122.5380,94.1797,476.4923,828.7925,3.2750
2026-08-12 20:11:00,122.4850,94.8484,483.7137,821.9049,3.4850
2026-08-12 20:12:00,123.1949,95.3794,494.4727,818.8387,3.6354
2026-08-12 20:13:00,122.7667,93.4801,478.4149,814.2886,3.6513
2026-08-12 20:14:00,122.9008,95.1671,480.6899,838.0583,3.8916
2026-08-12 20:15:00,122.7786,94.8589,478.1533,819.7032,3.7236
2026-08-12 20:16:00,122.9498,96.6232,477.9969,837.7648,3.6456
2026-08-12 20:17:00,123.0037,93.3441,488.2154,831.6081,3.6257
2026-08-12 20:18:00,121.8323,92.8336,477.1877,806.1475,3.7934
2026-08-12 20:19:00,123.1433,93.8954,478.2450,814.3542,3.5364
2026-08-12 20:20:00,122.3281,93.1897,472.7440,813.9313,3.6010
2026-08-12 20:21:00,122.1068,92.6544,476.9628,818.2408,3.4558
2026-08-12 20:22:00,122.8074,91.2454,472.2816,817.9873,3.8291
2026-08-12 20:23:00,122.8870,93.6335,484.0586,842.0244,3.6722
2026-08-12 20:24:00,122.5064,94.1985,494.9774,809.0157,3.5043
2026-08-12 20:25:00,123.2767,93.8449,479.2280,819.0391,3.5903
2026-08-12 20:26:00,122.1978,95.5806,472.8134,821.7078,3.6810
2026-08-12 20:27:00,122.6730,93.9758,485.7362,816.3266,3.5640
2026-08-12 20:28:00,122.5913,95.2087,477.6938,816.7790,3.5185
2026-08-12 20:29:00,122.8676,94.3670,487.9205,807.0927,3.4975
2026-08-12 20:30:00,123.0372,95.0506,480.1123,815.8519,3.6435
2026-08-12 20:31:00,122.4005,94.0979,478.4651,818.6355,3.5360
2026-08-12 20:32:00,123.2730,95.7629,480.8393,816.7050,3.5186
2026-08-12 20:33:00,122.9486,94.2475,485.6260,818.1813,3.3833
2026-08-12 20:34:00,121.9771,94.0646,480.8112,824.4520,3.5923
2026-08-12 20:35:00,121.9496,93.9252,479.5789,820.1743,3.5505
2026-08-12 20:36:00,122.9283,93.9151,481.1857,812.7725,3.5264
2026-08-12 20:37:00,122.8293,94.5524,475.9410,802.3479,3.6014
2026-08-12 20:38:00,122.8932,96.4316,484.4088,806.4382,3.6807
2026-08-12 20:39:00,122.9358,93.9629,473.6164,808.9940,3.6707
2026-08-12 20:40:00,123.0672,94.7465,480.4589,812.2794,3.6453
2026-08-12 20:41:00,123.4327,95.8307,486.6088,805.9404,3.5232
2026-08-12 20:42:00,122.4075,95.0551,484.4624,801.7846,3.4712
2026-08-12 20:43:00,122.3811,93.9177,486.0370,799.2656,3.3965
2026-08-12 20:44:00,122.4241,91.5590,482.9014,795.0597,3.4611
2026-08-12 20:45:00,,,,,
2026-08-12 20:46:00,123.6001,92.5039,488.1410,795.5003,3.4259
2026-08-12 20:47:00,122.7650,95.6589,485.8979,798.7443,3.5551
2026-08-12 20:48:00,121.7327,93.6957,488.4574,803.0861,3.3928
2026-08-12 20:49:00,122.1342,94.7952,487.7270,795.0369,3.2853
2026-08-12 20:50:00,122.5721,93.1864,481.9356,808.2475,3.6543
2026-08-12 20:51:00,122.7119,92.6352,477.5742,810.6148,3.4571
2026-08-12 20:52:00,122.7885,94.5066,486.5589,799.7798,3.3995
2026-08-12 20:53:00,123.0137,94.3670,487.3536,800.1599,3.3579
2026-08-12 20:54:00,122.8400,93.8045,490.2442,807.4353,3.5823
2026-08-12 20:55:00,123.5218,94.8322,480.2816,796.9027,3.7219
2026-08-12 20:56:00,122.6602,96.9632,480.6049,795.8308,3.4521
2026-08-12 20:57:00,122.5678,94.9786,487.6131,811.1421,3.4771
2026-08-12 20:58:00,123.2390,95.6382,485.1367,808.1205,3.6670
2026-08-12 20:59:00,122.2321,94.7864,476.2452,805.3360,3.2316
2026-08-12 21:00:00,123.1948,96.0561,487.7334,807.4052,3.7950
2026-08-12 21:01:00,123.0512,94.3015,476.7821,783.6582,3.8635
2026-08-12 21:02:00,122.9258,92.3637,481.5066,809.7837,3.0878
2026-08-12 21:03:00,123.7931,94.8019,493.1824,801.5664,3.4760
2026-08-12 21:04:00,122.6871,95.0917,495.7418,805.9936,3.3796
2026-08-12 21:05:00,124.0273,94.1896,480.7348,800.4826,3.4446
2026-08-12 21:06:00,,,,,
2026-08-12 21:07:00,122.3559,93.3979,487.4243,794.1414,3.5998
2026-08-12 21:08:00,123.0277,96.0367,496.3197,798.7620,3.4580
2026-08-12 21:09:00,122.4526,94.9187,485.1538,792.8130,3.3351
2026-08-12 21:10:00,122.6127,94.9331,485.4404,801.7336,3.4428
2026-08-12 21:11:00,123.1847,95.2833,495.7771,781.5841,3.5427
2026-08-12 21:12:00,123.2614,94.6826,486.3703,789.4300,3.2848
2026-08-12 21:13:00,122.6696,94.5412,492.0681,809.6101,3.2124
2026-08-12 21:14:00,123.4713,93.6879,481.2862,787.7337,3.7551
2026-08-12 21:15:00,123.5531,92.7481,488.0324,790.3260,3.3567
2026-08-12 21:16:00,123.6890,95.1812,480.8092,784.6702,3.4294
2026-08-12 21:17:00,123.2318,95.0663,484.0505,793.9156,3.3872
2026-08-12 21:18:00,123.6448,96.2284,493.7460,784.8394,3.5260
2026-08-12 21:19:00,122.0185,95.5417,489.5246,788.7481,3.7066
2026-08-12 21:20:00,122.7955,96.0537,488.4045,796.5303,3.5246
2026-08-12 21:21:00,122.5163,93.3125,486.4838,783.6589,3.2068
2026-08-12 21:22:00,123.0045,94.2840,489.3535,795.0707,3.2239
2026-08-12 21:23:00,122.6540,94.8971,492.1933,794.8559,3.3686
2026-08-12 21:24:00,122.8514,97.0853,495.8348,796.2375,3.3852
2026-08-12 21:25:00,123.8700,96.7039,478.0285,788.4458,3.1641
2026-08-12 21:26:00,122.8383,95.6809,487.2310,812.7789,3.5422
2026-08-12 21:27:00,123.1240,94.3678,492.4223,794.8166,3.2534
2026-08-12 21:28:00,122.7948,93.6667,491.3710,788.5149,3.6373
2026-08-12 21:29:00,122.9423,95.4431,494.1220,778.4483,3.6834
2026-08-12 21:30:00,122.9008,93.5348,493.6840,784.2235,3.3701
2026-08-12 21:31:00,123.1151,94.5447,491.0645,795.9595,3.4702
2026-08-12 21:32:00,123.4664,94.9051,490.1984,797.7787,3.2165
2026-08-12 21:33:00,123.7002,96.7730,491.8502,795.4875,3.4919
2026-08-12 21:34:00,123.0237,94.3941,499.0676,789.5058,3.3207
2026-08-12 21:35:00,123.1559,92.4038,489.9112,772.7474,3.2294
2026-08-12 21:36:00,122.2777,94.7850,493.5056,786.2637,3.3462
2026-08-12 21:37:00,122.8010,93.9300,494.9859,772.0143,3.3168
2026-08-12 21:38:00,123.3067,95.0087,502.1214,769.6304,3.3350
2026-08-12 21:39:00,123.2609,94.8579,493.0696,783.0337,3.5233
2026-08-12 21:40:00,122.9249,94.4608,499.6177,784.9020,3.2602
2026-08-12 21:41:00,123.2532,95.7466,501.2368,787.5452,3.6354
2026-08-12 21:42:00,123.0461,93.2971,495.0123,783.9032,3.1735
2026-08-12 21:43:00,123.3914,94.5457,494.5325,783.7927,3.6117
2026-08-12 21:44:00,122.9262,95.4528,494.1965,771.2830,3.2141
2026-08-12 21:45:00,122.5938,93.9469,494.8191,777.9470,3.3637
2026-08-12 21:46:00,122.9294,93.1787,500.6265,766.3629,3.2875
2026-08-12 21:47:00,121.2859,94.3960,497.7681,762.0324,3.3067
2026-08-12 21:48:00,122.9321,95.9289,498.0478,783.6308,3.4757
2026-08-12 21:49:00,120.9057,93.4520,491.5040,771.3337,3.5777
2026-08-12 21:50:00,121.8572,92.1630,492.5520,783.9987,3.5286
2026-08-12 21:51:00,122.9336,95.5378,508.3665,785.5524,3.2866
2026-08-12 21:52:00,122.9351,93.1813,497.0203,771.4051,3.3722
2026-08-12 21:53:00,122.1036,94.6178,494.2961,780.7634,3.2246
2026-08-12 21:54:00,122.3170,93.5686,505.5863,770.4402,3.1905
2026-08-12 21:55:00,123.3463,93.9736,500.1010,760.6584,3.1647
2026-08-12 21:56:00,122.4068,94.0892,501.8441,776.1153,3.2683
2026-08-12 21:57:00,123.7579,95.2343,498.5246,771.0729,3.3688
2026-08-12 21:58:00,122.6229,94.0440,497.8831,771.0378,3.0420
2026-08-12 21:59:00,122.8151,95.4102,498.8903,790.0877,3.3193
2026-08-12 22:00:00,123.4065,94.7682,493.0863,761.8124,3.5511
2026-08-12 22:01:00,122.6504,95.7113,499.8222,776.8244,3.4894
2026-08-12 22:02:00,122.0703,94.6436,502.0037,765.5531,3.2308
2026-08-12 22:03:00,122.5031,93.9544,510.0375,780.5359,3.1066
2026-08-12 22:04:00,122.5263,93.8095,501.4767,775.4236,3.3826
2026-08-12 22:05:00,121.8478,92.5952,489.6372,775.8455,2.9636
2026-08-12 22:06:00,122.3881,94.8930,501.0993,765.0345,3.4753
2026-08-12 22:07:00,122.1306,94.0886,515.5276,766.2602,3.2743
2026-08-12 22:08:00,122.9493,92.6115,506.4224,779.6025,3.5787
2026-08-12 22:09:00,122.4897,94.1576,498.2963,786.1590,3.0426
2026-08-12 22:10:00,122.3161,93.6877,505.5661,775.6517,3.4370
2026-08-12 22:11:00,122.3893,96.2204,499.1598,764.4551,3.2819
2026-08-12 22:12:00,122.5386,93.0473,496.3597,774.1798,3.2450
2026-08-12 22:13:00,122.7200,93.4350,501.6451,790.7306,3.0869
2026-08-12 22:14:00,121.8961,95.4591,504.1023,771.9815,3.3795
2026-08-12 22:15:00,121.8593,95.6903,494.5410,782.7170,3.3893
2026-08-12 22:16:00,122.9164,94.2840,498.4124,764.9685,3.5534
2026-08-12 22:17:00,122.1417,93.9017,504.4656,770.4322,3.4347
2026-08-12 22:18:00,121.6230,94.8212,502.6280,775.6121,3.1922
2026-08-12 22:19:00,122.5368,92.4801,506.8971,773.7298,3.1286
2026-08-12 22:20:00,122.5298,92.9499,499.1030,764.3247,3.0718
2026-08-12 22:21:00,121.5159,93.8796,508.9994,763.8932,3.4960
2026-08-12 22:22:00,122.3789,96.2795,499.7615,778.1982,3.1562
2026-08-12 22:23:00,122.6147,94.4555,514.1445,779.7560,3.4929
2026-08-12 22:24:00,122.4166,94.8717,497.6015,782.2615,3.3476
2026-08-12 22:25:00,122.5278,95.9852,500.9660,784.5456,3.3163
2026-08-12 22:26:00,121.4919,96.2933,508.7630,771.1500,3.2189
2026-08-12 22:27:00,122.3416,94.1702,515.2435,767.5515,3.3621
2026-08-12 22:28:00,122.0067,94.5209,508.7426,780.8262,3.2587
2026-08-12 22:29:00,121.8984,96.2977,510.2254,775.7091,3.2038
2026-08-12 22:30:00,122.5566,93.3896,507.7414,762.1404,3.3617
2026-08-12 22:31:00,122.8424,96.1335,502.7629,761.7355,3.2339
2026-08-12 22:32:00,122.9812,94.1861,505.6840,773.9537,3.1339
2026-08-12 22:33:00,122.7225,95.1471,502.3136,768.6229,3.3418
2026-08-12 22:34:00,121.9911,94.3349,502.2167,769.8616,3.2405
2026-08-12 22:35:00,122.2031,93.7657,510.8545,778.6944,3.3217
2026-08-12 22:36:00,122.3908,93.8709,503.4639,776.2366,3.1786
2026-08-12 22:37:00,122.0484,94.9162,510.9101,780.8626,3.0637
2026-08-12 22:38:00,122.0336,95.6340,503.0341,754.8397,3.5037
2026-08-12 22:39:00,122.3602,94.7294,511.2543,772.3965,3.4738
2026-08-12 22:40:00,121.8987,94.6376,507.5566,776.0133,3.3728
2026-08-12 22:41:00,121.5436,94.9162,517.2589,758.3385,3.1805
2026-08-12 22:42:00,121.6807,93.4709,512.0686,765.4164,3.1921
2026-08-12 22:43:00,122.1845,95.5180,516.8512,764.0450,3.4430
2026-08-12 22:44:00,121.8485,95.3875,507.1145,771.0647,3.1811
2026-08-12 22:45:00,121.9964,97.2763,511.3921,784.0451,3.1378
2026-08-12 22:46:00,122.1405,94.3985,506.4227,787.3429,3.5121
2026-08-12 22:47:00,121.5970,93.9717,509.4749,764.7966,3.2228
2026-08-12 22:48:00,122.1415,95.5609,510.4452,775.6808,3.4938
2026-08-12 22:49:00,121.9315,95.4829,508.3372,776.1048,3.0175
2026-08-12 22:50:00,121.1033,93.5987,506.0977,774.9102,3.3037
2026-08-12 22:51:00,122.4204,94.5951,505.3143,775.1844,3.5353
2026-08-12 22:52:00,121.4272,94.9021,500.8877,774.6144,3.2279
2026-08-12 22:53:00,120.8283,93.1525,507.5070,785.8854,3.1826
2026-08-12 22:54:00,121.1114,93.7619,516.1264,781.4134,3.0459
2026-08-12 22:55:00,121.1014,94.2638,505.1944,764.3295,3.3823
2026-08-12 22:56:00,121.6158,95.5129,506.5420,779.4019,3.1033
2026-08-12 22:57:00,121.4306,93.8003,522.5305,780.4088,3.2035
2026-08-12 22:58:00,121.3767,92.5358,510.5846,776.0313,3.0315
2026-08-12 22:59:00,121.8325,92.7662,515.5610,782.8128,3.4492
2026-08-12 23:00:00,121.6699,93.3260,517.3537,775.5238,3.3879
2026-08-12 23:01:00,121.6353,93.2581,517.6387,775.8887,3.2090
2026-08-12 23:02:00,121.6593,94.4406,506.8959,775.5285,3.0397
2026-08-12 23:03:00,121.7395,93.4668,513.5312,758.6939,3.4423
2026-08-12 23:04:00,120.3544,93.0610,506.7718,774.4857,3.1562
2026-08-12 23:05:00,121.2030,93.5495,527.2684,770.0794,3.0444
2026-08-12 23:06:00,120.2719,93.2862,507.2337,766.2379,2.9451
2026-08-12 23:07:00,121.3566,95.7626,510.1376,787.5131,3.1118
2026-08-12 23:08:00,121.3128,95.0819,510.3399,780.3933,2.9897
2026-08-12 23:09:00,121.8143,94.7704,508.2230,776.4470,3.1138
2026-08-12 23:10:00,121.8617,94.3324,522.6300,772.5002,3.3182
2026-08-12 23:11:00,121.3455,94.0330,528.1373,779.7281,3.1496
2026-08-12 23:12:00,120.9700,94.5583,513.8016,785.6371,3.2587
2026-08-12 23:13:00,121.4388,95.1277,509.7307,771.4437,3.0962
2026-08-12 23:14:00,120.9082,93.2994,505.2979,778.3812,3.2140
2026-08-12 23:15:00,121.1474,94.4073,515.4088,785.7313,3.4918
2026-08-12 23:16:00,121.6169,92.6527,515.1916,763.6722,3.1509
2026-08-12 23:17:00,120.8206,94.3868,513.6581,779.0795,3.2604
2026-08-12 23:18:00,121.4779,95.3728,518.1597,776.4918,2.9675
2026-08-12 23:19:00,121.3893,94.2813,519.1640,779.2476,3.4300
2026-08-12 23:20:00,120.5487,95.8398,518.9359,776.7033,3.1301
2026-08-12 23:21:00,121.4884,93.7612,515.8693,782.2214,3.3589
2026-08-12 23:22:00,121.3260,94.7627,512.0682,796.9192,3.1826
2026-08-12 23:23:00,121.0029,94.3077,521.0289,779.3542,3.2925
2026-08-12 23:24:00,120.5459,93.9545,517.8827,784.7001,3.3012
2026-08-12 23:25:00,120.4725,93.9011,522.3792,798.7507,3.1325
2026-08-12 23:26:00,120.6083,94.2192,522.0021,778.8241,3.3640
2026-08-12 23:27:00,121.1233,95.3031,511.0541,798.1782,3.0863
2026-08-12 23:28:00,120.3491,95.3380,511.0998,784.1450,3.3168
2026-08-12 23:29:00,121.0205,94.4027,514.5981,798.8040,3.1415
2026-08-12 23:30:00,120.1556,94.6664,513.1963,791.0016,3.2524
2026-08-12 23:31:00,120.6491,93.4785,522.3524,787.9126,3.1307
2026-08-12 23:32:00,120.7806,95.0400,520.4282,785.3908,3.2076
2026-08-12 23:33:00,121.9229,94.2629,524.2597,781.3880,3.0389
2026-08-12 23:34:00,119.9862,94.8650,520.8353,787.4552,3.2374
2026-08-12 23:35:00,121.3853,96.9028,519.9819,794.5003,3.2070
2026-08-12 23:36:00,120.6987,94.1320,525.0198,787.6930,3.1196
2026-08-12 23:37:00,120.8037,92.1382,521.4490,785.7451,3.1926
2026-08-12 23:38:00,120.6316,93.6791,519.5169,786.7555,3.2212
2026-08-12 23:39:00,120.7691,95.5568,526.6514,797.1888,3.1089
2026-08-12 23:40:00,120.4441,94.6751,519.8944,799.5407,3.1823
2026-08-12 23:41:00,121.2222,94.8850,517.8629,784.8958,3.0512
2026-08-12 23:42:00,120.2411,95.0154,515.2583,785.3808,3.5542
2026-08-12 23:43:00,121.0095,94.9990,523.0220,794.2637,3.3616
2026-08-12 23:44:00,120.0953,95.1464,525.7482,803.9511,3.2442
2026-08-12 23:45:00,120.3615,95.0294,519.3628,801.4034,3.3795
2026-08-12 23:46:00,119.8296,95.2943,526.2047,782.7275,2.9073
2026-08-12 23:47:00,120.5671,94.6191,509.8610,791.1389,2.8211
2026-08-12 23:48:00,121.0361,95.4788,519.4765,786.3178,3.1454
2026-08-12 23:49:00,120.2489,93.7630,519.5926,792.1356,2.9991
2026-08-12 23:50:00,120.1630,93.4212,516.1939,807.6258,3.1711
2026-08-12 23:51:00,119.6781,95.4225,531.7807,783.9262,3.2381
2026-08-12 23:52:00,120.0946,94.2110,519.5595,782.8739,3.3460
2026-08-12 23:53:00,119.3867,94.3479,517.8774,789.7155,3.0379
2026-08-12 23:54:00,119.7006,93.8791,520.0682,799.1626,3.2694
2026-08-12 23:55:00,120.2443,93.5306,509.9431,802.3514,3.2124
2026-08-12 23:56:00,120.7642,94.4744,516.1733,801.4069,3.2632
2026-08-12 23:57:00,121.4831,96.3750,524.9008,807.8354,3.1339
2026-08-12 23:58:00,119.7591,94.3820,516.8484,784.8483,3.4203
2026-08-12 23:59:00,120.7438,92.7637,515.8539,808.9831,3.1982
2026-08-13 00:00:00,,,,,
2026-08-13 00:01:00,,,,,
2026-08-13 00:02:00,,,,,
2026-08-13 00:03:00,,,,,
2026-08-13 00:04:00,,,,,
2026-08-13 00:05:00,,,,,
2026-08-13 00:06:00,,,,,
2026-08-13 00:07:00,,,,,
2026-08-13 00:08:00,,,,,
2026-08-13 00:09:00,,,,,
2026-08-13 00:10:00,,,,,
2026-08-13 00:11:00,,,,,
2026-08-13 00:12:00,,,,,
2026-08-13 00:13:00,,,,,
2026-08-13 00:14:00,,,,,
2026-08-13 00:15:00,,,,,
2026-08-13 00:16:00,,,,,
2026-08-13 00:17:00,,,,,
2026-08-13 00:18:00,,,,,
2026-08-13 00:19:00,,,,,
2026-08-13 00:20:00,,,,,
2026-08-13 00:21:00,,,,,
2026-08-13 00:22:00,,,,,
2026-08-13 00:23:00,,,,,
2026-08-13 00:24:00,,,,,
2026-08-13 00:25:00,,,,,
2026-08-13 00:26:00,,,,,
2026-08-13 00:27:00,,,,,
2026-08-13 00:28:00,,,,,
2026-08-13 00:29:00,,,,,
2026-08-13 00:30:00,119.9672,92.5496,519.8948,802.9402,3.2416
2026-08-13 00:31:00,119.0624,93.5407,513.2053,817.9739,3.4330
2026-08-13 00:32:00,118.5970,92.9211,516.7463,807.2053,3.2309
2026-08-13 00:33:00,119.0277,91.5580,514.7112,824.4897,3.2425
2026-08-13 00:34:00,119.1739,94.1354,521.0612,809.2674,3.0830
2026-08-13 00:35:00,119.1374,93.3509,514.5435,811.8101,3.3808
2026-08-13 00:36:00,119.6398,91.9667,522.8784,812.9194,3.1375
2026-08-13 00:37:00,118.8675,94.4117,516.4711,817.4449,3.1979
2026-08-13 00:38:00,119.1993,95.2312,514.3283,821.0554,3.2731
2026-08-13 00:39:00,118.5043,94.8429,511.1834,822.7492,3.2932
2026-08-13 00:40:00,119.1991,94.1717,518.5865,819.2375,3.0211
2026-08-13 00:41:00,118.9509,93.7058,521.6642,809.0426,3.2445
2026-08-13 00:42:00,118.5500,94.7356,518.4194,825.8962,3.4006
2026-08-13 00:43:00,118.7826,95.2494,528.1087,820.0363,3.2267
2026-08-13 00:44:00,118.7841,94.7099,523.9223,830.1336,3.2519
2026-08-13 00:45:00,118.7169,92.5994,515.0918,815.5513,3.3122
2026-08-13 00:46:00,119.7135,94.3984,514.8924,808.7620,3.2712
2026-08-13 00:47:00,118.7545,94.0216,518.6813,821.6684,3.1378
2026-08-13 00:48:00,118.6578,91.7180,511.9902,832.6620,3.2892
2026-08-13 00:49:00,117.7072,93.3874,521.8565,823.9288,3.4460
2026-08-13 00:50:00,118.2850,95.5749,517.6751,821.3840,3.1416
2026-08-13 00:51:00,118.5769,94.1399,516.9886,816.3516,3.2454
2026-08-13 00:52:00,118.3420,94.8290,518.9777,837.7025,3.0967
2026-08-13 00:53:00,119.3523,94.2036,523.9910,815.7222,3.4476
2026-08-13 00:54:00,118.5556,93.4379,516.0629,818.4674,3.2949
2026-08-13 00:55:00,119.2590,94.3579,514.4716,829.1348,3.1837
2026-08-13 00:56:00,118.6224,92.7554,522.4065,810.0230,3.3275
2026-08-13 00:57:00,118.5871,92.5929,519.5242,835.3568,3.1356
2026-08-13 00:58:00,118.5012,94.7754,512.9026,830.4350,3.1636
2026-08-13 00:59:00,118.5246,94.9050,514.3520,832.9089,3.1021
2026-08-13 01:00:00,119.3594,93.0925,515.1190,830.4457,3.1636
2026-08-13 01:01:00,117.3176,93.7328,515.7649,824.9496,3.5298
2026-08-13 01:02:00,117.4541,92.7749,506.9841,817.9832,3.2188
2026-08-13 01:03:00,118.1609,93.6694,505.8636,825.6096,3.4013
2026-08-13 01:04:00,118.4175,93.9649,508.9457,819.1619,3.2085
2026-08-13 01:05:00,118.7332,94.7126,508.3632,831.0785,3.4505
2026-08-13 01:06:00,118.6026,93.7244,509.7698,833.8606,3.1853
2026-08-13 01:07:00,118.1521,94.7673,515.9623,839.4296,3.3478
2026-08-13 01:08:00,118.8319,94.1168,511.7418,830.7897,3.3525
2026-08-13 01:09:00,118.8159,94.4295,513.3639,835.4040,3.6965
2026-08-13 01:10:00,118.3713,92.6914,506.0537,825.8136,3.4446
2026-08-13 01:11:00,118.7392,95.9308,509.6583,824.5393,3.2638
2026-08-13 01:12:00,118.3730,94.0123,514.6920,832.3211,3.4582
2026-08-13 01:13:00,117.9348,93.9789,514.5177,825.5974,3.6790
2026-08-13 01:14:00,118.5435,92.0617,507.7053,830.9913,3.1166
2026-08-13 01:15:00,118.2290,92.6512,511.9197,820.4882,3.2374
2026-08-13 01:16:00,118.1537,94.6711,521.8870,822.0559,3.3311
2026-08-13 01:17:00,118.8689,94.1934,510.5843,834.3144,3.3069
2026-08-13 01:18:00,116.8866,90.7125,506.9840,836.4379,3.3224
2026-08-13 01:19:00,117.3829,93.9955,509.3570,821.5636,3.1795
2026-08-13 01:20:00,117.4781,92.4837,510.4609,834.9091,3.5886
2026-08-13 01:21:00,117.8700,94.7018,509.0166,825.3688,3.1675
2026-08-13 01:22:00,117.9045,93.2334,509.3864,829.8401,3.3537
2026-08-13 01:23:00,117.2585,93.1144,502.0951,841.1119,3.5435
2026-08-13 01:24:00,117.5000,94.2540,504.2667,836.2956,3.3850
2026-08-13 01:25:00,117.5428,92.2137,508.0991,836.2528,3.2456
2026-08-13 01:26:00,119.1827,93.1926,507.7839,845.1972,3.1931
2026-08-13 01:27:00,118.8358,93.7718,505.5422,824.3279,3.3639
2026-08-13 01:28:00,117.7102,94.0721,507.2497,822.0947,3.2878
2026-08-13 01:29:00,117.7155,91.9259,508.2000,824.2185,3.4351
2026-08-13 01:30:00,117.3041,91.3296,512.1007,827.9640,3.1971
2026-08-13 01:31:00,116.9062,93.5711,506.9151,811.1590,3.5322
2026-08-13 01:32:00,117.7835,92.7230,509.1629,828.3223,3.4306
2026-08-13 01:33:00,117.3250,92.6440,504.2143,825.6023,3.4448
2026-08-13 01:34:00,117.7635,91.4728,509.5366,836.1970,3.6355
2026-08-13 01:35:00,116.9881,92.1549,508.3074,832.7052,3.3567
2026-08-13 01:36:00,117.3896,93.0957,510.5094,825.0301,3.3165
2026-08-13 01:37:00,117.8274,94.3266,509.4981,834.4961,3.3463
2026-08-13 01:38:00,117.9190,92.6928,508.6240,835.4941,3.4026
2026-08-13 01:39:00,117.9275,95.1353,504.9367,823.4823,3.4209
2026-08-13 01:40:00,117.0416,92.2258,506.4011,825.6000,3.3130
2026-08-13 01:41:00,118.1125,92.9317,510.2406,811.6459,3.1372
2026-08-13 01:42:00,117.2685,94.6119,501.4085,820.6191,3.3596
2026-08-13 01:43:00,117.9686,93.7494,501.2719,823.2913,3.5008
2026-08-13 01:44:00,117.6306,92.7746,505.0654,829.7022,3.4704
2026-08-13 01:45:00,116.9317,92.7255,505.9782,821.4147,3.6330
2026-08-13 01:46:00,117.4460,94.5763,499.5242,824.7302,3.7495
2026-08-13 01:47:00,117.7711,94.9091,503.0132,818.8865,3.5732
2026-08-13 01:48:00,117.8794,92.7048,502.6587,829.9006,3.6698
2026-08-13 01:49:00,117.4872,93.2326,491.7935,831.7713,3.5805
2026-08-13 01:50:00,118.3084,93.9073,501.5126,831.4097,3.7251
2026-08-13 01:51:00,118.0314,92.6592,501.5642,828.1063,3.7494
2026-08-13 01:52:00,117.3846,93.1776,501.2891,815.4869,3.6176
2026-08-13 01:53:00,117.8734,93.5647,508.9096,822.6555,3.5840
2026-08-13 01:54:00,118.4509,95.0833,495.4902,824.1479,3.4504
2026-08-13 01:55:00,118.4501,95.1583,497.1849,823.9629,3.4781
2026-08-13 01:56:00,116.8419,92.5847,487.9857,827.5637,3.4368
2026-08-13 01:57:00,116.9788,92.7973,498.3806,838.1345,3.5838
2026-08-13 01:58:00,118.1710,94.4587,498.5453,832.9852,3.3857
2026-08-13 01:59:00,116.8860,92.3824,497.7119,818.3384,3.4682
2026-08-13 02:00:00,116.7407,55.0000,505.5384,831.4080,3.1467
2026-08-13 02:01:00,117.1458,93.0652,504.0413,830.8374,3.7616
2026-08-13 02:02:00,117.5863,92.4783,499.8657,818.9929,3.4732
2026-08-13 02:03:00,117.3124,92.3212,497.3617,831.9510,3.5778
2026-08-13 02:04:00,117.0259,94.5472,504.0842,823.5881,3.7312
2026-08-13 02:05:00,117.0019,92.9365,498.5931,813.2949,3.5607
2026-08-13 02:06:00,116.9708,94.7214,494.3395,827.9121,3.7355
2026-08-13 02:07:00,116.8754,92.5137,489.5887,825.6948,3.3357
2026-08-13 02:08:00,118.4444,94.3468,495.7029,821.8189,3.8847
2026-08-13 02:09:00,117.4410,95.8043,501.4225,823.0148,3.6913
2026-08-13 02:10:00,117.7245,92.5468,508.7722,817.2286,3.5627
2026-08-13 02:11:00,117.0256,91.2605,497.4382,827.5223,3.7482
2026-08-13 02:12:00,117.1664,94.5447,493.0445,821.9467,3.3623
2026-08-13 02:13:00,116.8920,92.2614,490.6882,823.2722,3.4974
2026-08-13 02:14:00,115.9126,92.4392,499.1151,824.4373,3.7605
2026-08-13 02:15:00,116.5394,92.2897,487.2751,811.9765,3.2669
2026-08-13 02:16:00,116.3131,93.0050,498.5935,813.6855,3.6341
2026-08-13 02:17:00,116.0839,91.6456,499.6746,802.7804,3.6330
2026-08-13 02:18:00,116.6016,92.7611,497.5125,824.5919,3.8516
2026-08-13 02:19:00,117.8525,94.2122,493.9786,809.9841,3.3219
2026-08-13 02:20:00,117.1587,92.3115,497.6483,820.3442,3.8038
2026-08-13 02:21:00,117.8174,93.0562,495.4259,821.8475,3.4815
2026-08-13 02:22:00,117.3689,93.1258,490.4291,823.2887,3.5015
2026-08-13 02:23:00,117.5463,92.1680,503.3212,808.4223,3.3883
2026-08-13 02:24:00,116.6964,92.6301,492.0613,817.1123,3.4114
2026-08-13 02:25:00,117.4008,93.6377,497.4500,830.5695,3.6382
2026-08-13 02:26:00,117.4954,93.1892,481.2308,830.4903,3.4138
2026-08-13 02:27:00,116.8352,92.8965,499.4600,824.2378,3.6947
2026-08-13 02:28:00,117.3960,93.5208,500.1765,818.5975,3.4873
2026-08-13 02:29:00,117.3922,92.8909,492.7380,807.4103,3.4078
2026-08-13 02:30:00,116.8274,93.8789,495.1402,820.7490,3.5135
2026-08-13 02:31:00,116.5342,94.4415,494.8977,813.2801,3.6462
2026-08-13 02:32:00,116.4970,92.5254,488.6513,818.5684,3.5571
2026-08-13 02:33:00,117.1261,93.8922,494.3624,808.5570,3.6068
2026-08-13 02:34:00,117.2404,93.2500,487.3466,811.7677,3.7090
2026-08-13 02:35:00,116.6748,93.4958,488.1104,813.9917,3.7699
2026-08-13 02:36:00,117.0788,94.9670,496.5549,814.1723,3.5639
2026-08-13 02:37:00,117.3455,94.0916,495.5610,815.6717,3.4567
2026-08-13 02:38:00,117.3642,91.8300,486.9249,806.6046,3.6277
2026-08-13 02:39:00,117.8262,94.3660,486.5597,800.0048,3.6897
2026-08-13 02:40:00,117.6841,95.0608,486.7720,823.2589,3.4029
2026-08-13 02:41:00,116.5405,92.8714,493.4373,829.6811,3.4913
2026-08-13 02:42:00,117.8787,94.9668,484.5501,812.8499,3.5199
2026-08-13 02:43:00,116.7675,92.5671,491.1113,798.1792,3.5994
2026-08-13 02:44:00,117.5516,92.2897,492.8415,802.0836,3.5192
2026-08-13 02:45:00,117.0597,93.6049,488.4474,811.8375,3.7423
2026-08-13 02:46:00,116.8163,91.5574,493.7222,817.9866,3.3982
2026-08-13 02:47:00,116.1154,92.6269,486.9355,797.0454,3.4048
2026-08-13 02:48:00,116.9307,94.6918,487.1750,805.2427,3.5944
2026-08-13 02:49:00,116.2341,91.0507,483.1473,807.2917,3.6209
2026-08-13 02:50:00,117.4951,92.5090,492.9107,812.1261,3.4318
2026-08-13 02:51:00,117.7676,92.9419,483.7855,801.9442,3.5617
2026-08-13 02:52:00,116.6089,93.1658,489.1625,791.6647,3.5953
2026-08-13 02:53:00,117.1566,93.2277,486.8546,808.6257,3.5991
2026-08-13 02:54:00,116.6414,94.6661,481.7471,812.1342,3.6835
2026-08-13 02:55:00,116.6886,94.2603,483.7676,801.9539,3.5642
2026-08-13 02:56:00,117.3891,94.2648,493.5317,805.3346,3.8877
2026-08-13 02:57:00,116.9818,93.6588,487.4323,797.7741,3.7419
2026-08-13 02:58:00,117.8703,94.4922,481.1872,794.2808,3.5501
2026-08-13 02:59:00,116.7590,92.5230,487.5708,808.7350,3.6880
2026-08-13 03:00:00,117.4997,94.7320,485.1273,803.1000,3.6949
2026-08-13 03:01:00,117.0488,92.4780,502.9442,803.3994,3.8611
2026-08-13 03:02:00,117.3983,94.6610,486.9181,810.9699,3.5913
2026-08-13 03:03:00,116.7774,94.6165,483.4104,789.9912,3.7990
2026-08-13 03:04:00,116.9770,93.7793,492.2372,793.4911,3.6926
2026-08-13 03:05:00,116.9451,93.3798,475.7580,798.6488,3.9125
2026-08-13 03:06:00,116.5861,93.7313,485.2635,792.3496,3.8849
2026-08-13 03:07:00,117.3366,90.9656,494.5953,802.6090,3.7232
2026-08-13 03:08:00,117.3324,94.1350,483.8761,794.3256,3.6567
2026-08-13 03:09:00,117.3060,93.7106,475.6272,787.3667,3.7744
2026-08-13 03:10:00,117.7799,94.0896,482.1533,795.3167,3.6737
2026-08-13 03:11:00,117.7385,94.8282,491.2475,795.6384,3.9551
2026-08-13 03:12:00,116.8290,93.4641,485.7000,801.2401,3.7171
2026-08-13 03:13:00,117.2058,92.6519,479.4729,796.3966,3.6468
2026-08-13 03:14:00,116.7106,93.3371,480.0913,796.4315,3.6410
2026-08-13 03:15:00,117.0373,93.7668,480.5721,794.7978,3.5302
2026-08-13 03:16:00,116.7293,93.6223,485.0326,790.2251,3.7978
2026-08-13 03:17:00,117.8430,94.4015,489.7764,785.4991,3.5935
2026-08-13 03:18:00,117.2188,94.8816,488.2093,793.0402,3.8834
2026-08-13 03:19:00,116.9321,92.5782,485.0919,787.5680,3.5269
2026-08-13 03:20:00,117.6424,94.3099,476.0213,803.2580,3.7420
2026-08-13 03:21:00,115.9649,94.3421,475.9104,799.9864,3.8976
2026-08-13 03:22:00,116.0481,91.3800,485.0899,793.8245,3.4043
2026-08-13 03:23:00,117.4581,94.2191,475.5729,791.3058,4.0319
2026-08-13 03:24:00,117.0958,93.2269,481.0520,787.0942,3.6674
2026-08-13 03:25:00,117.1963,93.5152,483.5833,777.2325,3.7543
2026-08-13 03:26:00,116.4137,92.4808,476.2603,785.1195,3.8208
2026-08-13 03:27:00,117.0713,93.6518,476.7158,787.1915,3.8460
2026-08-13 03:28:00,118.0909,96.3337,481.2585,787.7515,3.7800
2026-08-13 03:29:00,117.5077,92.8572,484.1424,789.2120,3.8905
2026-08-13 03:30:00,117.1871,92.7520,486.8300,792.3706,3.8206
2026-08-13 03:31:00,116.8896,92.4346,484.4591,779.0116,4.0087
2026-08-13 03:32:00,116.9189,95.4914,481.6967,778.6378,3.8247
2026-08-13 03:33:00,116.0589,92.7510,477.5052,795.2677,4.0428
2026-08-13 03:34:00,117.2599,93.9766,475.7926,789.3921,3.8850
2026-08-13 03:35:00,117.5616,93.8039,478.5070,779.6665,3.4807
2026-08-13 03:36:00,116.3590,92.4889,483.0285,781.5088,4.1450
2026-08-13 03:37:00,116.8243,93.5090,482.5827,781.1238,3.6688
2026-08-13 03:38:00,116.5847,96.0550,470.3241,781.7827,3.9809
2026-08-13 03:39:00,116.6894,95.0652,476.8225,784.9019,3.7622
2026-08-13 03:40:00,117.2077,93.1654,486.7040,800.9963,3.9190
2026-08-13 03:41:00,116.1478,93.9853,481.0115,781.8363,3.6581
2026-08-13 03:42:00,117.5064,93.3976,473.4676,785.2269,3.8568
2026-08-13 03:43:00,117.5857,92.5127,492.2723,766.0482,3.7264
2026-08-13 03:44:00,117.0929,94.9966,480.2923,775.2810,4.0027
2026-08-13 03:45:00,115.9880,94.4273,482.3060,788.6173,3.8331
2026-08-13 03:46:00,116.7403,94.8106,482.3325,781.6383,3.9091
2026-08-13 03:47:00,117.8653,94.0342,478.4509,742.9465,3.4455
2026-08-13 03:48:00,115.8704,93.0490,476.6084,783.0978,3.7586
2026-08-13 03:49:00,117.0964,94.7707,490.8153,792.7040,3.8344
2026-08-13 03:50:00,116.6911,94.1574,485.1871,761.0514,3.8076
2026-08-13 03:51:00,117.6945,94.0328,484.2483,788.8407,3.9195
2026-08-13 03:52:00,116.9661,92.3422,482.9910,754.1840,3.7217
2026-08-13 03:53:00,117.5172,94.4417,475.0673,783.5449,3.7851
2026-08-13 03:54:00,117.6097,95.4753,486.4493,775.6603,3.9561
2026-08-13 03:55:00,118.2571,93.6278,475.8272,756.6257,3.4383
2026-08-13 03:56:00,117.2497,94.8177,481.4438,778.6980,3.8696
2026-08-13 03:57:00,117.5516,94.7151,471.8185,784.0466,3.7322
2026-08-13 03:58:00,116.6336,94.5453,469.8026,777.4697,3.6465
2026-08-13 03:59:00,117.9841,95.5533,481.5932,778.9636,3.8348
2026-08-13 04:00:00,117.0217,93.3696,475.9545,770.7258,3.9694
2026-08-13 04:01:00,117.1347,92.5290,470.0559,758.8703,3.9421
2026-08-13 04:02:00,117.4174,93.8044,482.7099,779.0465,3.7669
2026-08-13 04:03:00,116.6606,94.7435,490.6158,787.2678,3.9194
2026-08-13 04:04:00,117.5702,93.9120,486.9752,782.0728,3.9192
2026-08-13 04:05:00,117.9536,94.0174,478.7562,756.9078,3.7767
2026-08-13 04:06:00,117.6305,92.6884,480.1059,760.4745,3.6866
2026-08-13 04:07:00,116.7039,95.6685,484.5224,765.6171,3.6961
2026-08-13 04:08:00,117.4510,95.2355,485.7202,759.4407,3.9178
2026-08-13 04:09:00,117.8986,95.4790,478.4210,772.3461,3.7865
2026-08-13 04:10:00,116.6035,94.8434,480.3420,774.9565,3.6365
2026-08-13 04:11:00,117.0203,94.7316,481.7100,760.1924,3.5414
2026-08-13 04:12:00,118.0112,94.5630,483.0156,777.6853,3.9195
2026-08-13 04:13:00,117.7235,94.4648,479.6235,776.1197,3.7132
2026-08-13 04:14:00,117.8101,94.2657,479.7345,766.7769,3.8454
2026-08-13 04:15:00,118.5497,97.8170,487.2835,769.6420,3.9823
2026-08-13 04:16:00,117.8702,95.3049,486.4847,755.2927,3.6004
2026-08-13 04:17:00,117.9811,94.3656,482.8802,768.1108,3.7905
2026-08-13 04:18:00,119.0239,95.9811,489.1481,770.7147,3.7720
2026-08-13 04:19:00,117.5782,93.5733,478.6832,771.9012,3.8550
2026-08-13 04:20:00,117.3029,95.9181,488.7964,773.4868,3.9842
2026-08-13 04:21:00,117.9327,94.1702,483.4635,772.3233,3.5993
2026-08-13 04:22:00,117.9554,95.3554,497.1787,768.1772,3.8844
2026-08-13 04:23:00,117.4898,95.6260,474.9372,772.5132,3.9539
2026-08-13 04:24:00,117.2544,94.8001,477.5321,778.1806,3.7715
2026-08-13 04:25:00,118.9431,95.6158,483.1554,769.3502,3.7790
2026-08-13 04:26:00,117.9694,94.9076,483.1333,772.6138,3.8625
2026-08-13 04:27:00,117.4577,94.5161,490.9869,768.5517,3.8516
2026-08-13 04:28:00,118.2999,94.5516,477.9865,764.8442,3.8873
2026-08-13 04:29:00,117.8057,94.3659,485.9484,774.1876,3.8842
2026-08-13 04:30:00,117.7522,96.2685,487.3347,765.5582,3.6527
2026-08-13 04:31:00,118.1784,94.9658,485.1474,773.0937,3.9485
2026-08-13 04:32:00,117.2701,93.7064,476.9241,770.2443,3.9750
2026-08-13 04:33:00,118.1112,94.5310,488.8759,767.6096,3.8278
2026-08-13 04:34:00,118.9105,96.6755,488.0949,767.4479,3.5756
2026-08-13 04:35:00,118.2063,95.8014,485.0605,766.0492,3.7824
2026-08-13 04:36:00,117.8045,95.4333,483.2016,756.9979,3.8286
2026-08-13 04:37:00,117.7586,94.5939,483.4308,773.2868,3.6275
2026-08-13 04:38:00,117.8267,95.4774,482.0300,772.1443,3.7449
2026-08-13 04:39:00,117.9247,94.3325,485.7540,777.1667,3.5873
2026-08-13 04:40:00,,,,,
2026-08-13 04:41:00,118.5499,96.3689,478.5692,785.7143,3.8229
2026-08-13 04:42:00,117.2454,95.4338,477.7042,767.6177,3.5508
2026-08-13 04:43:00,118.5635,94.4427,479.3253,763.7680,3.8499
2026-08-13 04:44:00,117.9632,94.1872,484.3372,762.9416,3.7883
2026-08-13 04:45:00,118.3622,95.4191,483.2358,757.1508,3.8738
2026-08-13 04:46:00,117.6311,96.5697,484.5942,783.4232,3.7371
2026-08-13 04:47:00,118.8798,93.7480,486.1712,782.2794,3.6750
2026-08-13 04:48:00,118.8595,95.9370,480.6831,776.2743,3.6791
2026-08-13 04:49:00,118.7377,94.2118,491.3032,764.4657,3.7134
2026-08-13 04:50:00,117.5219,94.1716,482.7944,786.2994,3.7963
2026-08-13 04:51:00,118.7153,95.2255,482.1265,769.1788,3.8150
2026-08-13 04:52:00,118.5248,95.0540,486.8690,770.0323,3.7635
2026-08-13 04:53:00,117.5416,94.3099,475.4406,783.8829,3.7278
2026-08-13 04:54:00,118.3539,95.3873,480.8392,777.8649,3.7379
2026-08-13 04:55:00,118.5704,94.9938,489.8686,790.4196,4.1659
2026-08-13 04:56:00,118.6883,94.1516,476.4500,775.0260,3.6733
2026-08-13 04:57:00,118.5211,96.2936,490.9014,770.0936,3.7044
2026-08-13 04:58:00,118.6005,96.3265,493.0482,768.6171,4.2813
2026-08-13 04:59:00,119.2142,96.8241,483.8267,758.9854,3.8494
2026-08-13 05:00:00,119.1130,94.3827,487.3169,771.7905,3.5783
2026-08-13 05:01:00,117.0892,94.9152,491.6396,783.4417,3.9107
2026-08-13 05:02:00,118.3869,96.1441,483.8990,779.3492,3.6468
2026-08-13 05:03:00,118.4862,94.5098,490.7629,775.0023,3.9186
2026-08-13 05:04:00,117.7155,95.0576,483.2616,767.1694,3.7495
2026-08-13 05:05:00,118.6618,95.5556,484.4251,777.2404,3.7141
2026-08-13 05:06:00,119.2624,97.9127,483.0144,783.8320,4.0203
2026-08-13 05:07:00,118.1181,97.2596,488.9245,779.4867,3.8627
2026-08-13 05:08:00,118.8531,94.1568,493.2034,777.6936,3.9225
2026-08-13 05:09:00,118.2506,97.9318,486.6976,770.3100,3.8406
2026-08-13 05:10:00,118.3962,94.6256,481.4685,783.9561,3.7074
2026-08-13 05:11:00,119.4946,97.2438,482.6200,752.3035,3.8645
2026-08-13 05:12:00,118.5085,96.6010,490.2173,780.7684,3.9528
2026-08-13 05:13:00,119.0349,94.9853,497.6777,798.6220,3.7903
2026-08-13 05:14:00,117.8922,95.7399,490.6405,766.3528,4.0390
2026-08-13 05:15:00,119.7831,96.3765,486.9541,776.8558,3.8949
2026-08-13 05:16:00,119.1775,96.6530,492.9381,779.0970,3.7977
2026-08-13 05:17:00,118.8092,96.0983,488.1302,775.8394,3.8021
2026-08-13 05:18:00,119.2127,97.3346,487.6586,788.2171,3.7835
2026-08-13 05:19:00,118.2445,95.5926,484.9818,784.0978,3.5737
2026-08-13 05:20:00,119.5652,96.2162,497.0422,781.9348,3.7463
2026-08-13 05:21:00,118.8366,97.0148,477.5315,787.4986,3.7914
2026-08-13 05:22:00,118.9213,96.5625,494.4461,781.6642,3.6942
2026-08-13 05:23:00,118.8023,96.6449,488.3690,807.3845,3.8056
2026-08-13 05:24:00,118.7826,95.2441,488.8685,783.5772,3.7565
2026-08-13 05:25:00,119.4452,95.3025,499.6158,784.3550,3.8677
2026-08-13 05:26:00,119.2508,95.6620,487.8191,769.5405,3.8493
2026-08-13 05:27:00,119.4738,95.7622,488.2265,779.3132,3.7732
2026-08-13 05:28:00,119.1687,96.9792,491.2133,793.2814,3.5413
2026-08-13 05:29:00,119.4549,97.3633,494.1744,773.8652,4.0131
2026-08-13 05:30:00,119.0141,95.9540,490.1371,767.7395,3.7214
2026-08-13 05:31:00,120.3637,98.4257,484.7196,785.7142,3.7287
2026-08-13 05:32:00,118.4903,97.1538,488.5042,796.8818,3.6876
2026-08-13 05:33:00,119.9301,96.9730,499.4843,786.7193,3.6638
2026-08-13 05:34:00,120.0091,95.9674,493.6977,784.1599,3.9667
2026-08-13 05:35:00,118.9246,97.6680,495.8266,772.4535,3.9411
2026-08-13 05:36:00,120.4909,97.0581,492.5126,791.4159,3.7978
2026-08-13 05:37:00,119.8996,96.8693,490.7717,793.5683,3.7130
2026-08-13 05:38:00,119.9131,96.4206,502.7075,774.5079,3.8200
2026-08-13 05:39:00,119.4673,95.5890,493.6302,798.3252,3.7361
2026-08-13 05:40:00,119.3704,94.9555,492.6068,795.8650,3.6944
2026-08-13 05:41:00,119.4002,97.0846,500.5576,799.2915,3.7715
2026-08-13 05:42:00,119.7260,95.8885,491.7193,795.3977,3.6525
2026-08-13 05:43:00,120.2572,100.0850,492.6124,796.4583,3.7544
2026-08-13 05:44:00,119.6731,95.5681,495.8930,795.8966,3.7450
2026-08-13 05:45:00,119.1527,95.0669,496.0995,799.1832,3.8026
2026-08-13 05:46:00,120.0466,97.4238,497.6533,778.1923,3.6170
2026-08-13 05:47:00,120.1210,98.4996,507.0714,781.2430,3.8142
2026-08-13 05:48:00,120.0137,96.9735,498.5526,787.8746,3.5694
2026-08-13 05:49:00,120.0852,97.5360,485.2399,793.2372,3.6172
2026-08-13 05:50:00,119.6031,94.8151,499.0210,797.8957,3.6214
2026-08-13 05:51:00,119.3001,95.7926,497.8387,797.9044,3.5376
2026-08-13 05:52:00,119.3566,95.4415,498.1267,804.7617,3.8484
2026-08-13 05:53:00,118.9991,94.3961,499.3997,805.5319,3.5483
2026-08-13 05:54:00,119.9615,97.0419,498.2874,789.8851,3.5864
2026-08-13 05:55:00,119.8274,94.6033,498.4289,799.2939,3.8771
2026-08-13 05:56:00,119.6753,95.4334,502.0185,791.1247,3.6008
2026-08-13 05:57:00,118.4437,95.4262,496.5044,796.9239,3.6557
2026-08-13 05:58:00,119.3240,95.7126,494.7380,801.5273,3.5296
2026-08-13 05:59:00,120.5342,97.7353,514.8571,772.2067,3.8038
