timestamp,t_min,T_entrada_C,mdot_kg_s,T_vapor_C,U_real_W_m2K,T_saida_real_C,T_saida_twin_C
2026-08-01 06:00:00,0,30.15,4.934,130.15,795.7,40.53,40.58
2026-08-01 06:01:00,1,29.49,5.039,130.45,800.6,39.82,39.82
2026-08-01 06:02:00,2,30.39,4.866,130.38,791.0,40.84,40.94
2026-08-01 06:03:00,3,30.50,5.152,130.57,800.7,40.54,40.53
2026-08-01 06:04:00,4,29.06,4.997,130.00,794.4,39.40,39.46
2026-08-01 06:05:00,5,29.39,5.043,130.15,797.3,39.66,39.69
2026-08-01 06:06:00,6,30.11,5.249,130.26,806.3,40.06,39.99
2026-08-01 06:07:00,7,29.90,5.171,130.07,802.8,39.94,39.91
2026-08-01 06:08:00,8,30.06,4.992,129.80,803.4,40.39,40.35
2026-08-01 06:09:00,9,29.65,4.966,129.83,789.4,39.91,40.03
2026-08-01 06:10:00,10,30.52,4.995,129.59,811.0,40.86,40.74
2026-08-01 06:11:00,11,30.48,5.082,130.21,792.8,40.52,40.61
2026-08-01 06:12:00,12,30.13,5.023,129.95,809.2,40.48,40.37
2026-08-01 06:13:00,13,30.67,4.997,129.67,806.1,40.95,40.88
2026-08-01 06:14:00,14,30.35,5.186,129.67,803.5,40.29,40.25
2026-08-01 06:15:00,15,29.70,5.030,129.39,794.9,39.85,39.91
2026-08-01 06:16:00,16,30.32,5.274,130.49,800.9,40.16,40.15
2026-08-01 06:17:00,17,29.66,5.056,130.04,797.2,39.87,39.90
2026-08-01 06:18:00,18,30.59,5.228,129.57,800.2,40.38,40.38
2026-08-01 06:19:00,19,30.13,5.088,130.40,798.5,40.28,40.30
2026-08-01 06:20:00,20,30.07,5.152,129.72,787.8,39.93,40.07
2026-08-01 06:21:00,21,29.83,4.986,129.30,806.7,40.18,40.11
2026-08-01 06:22:00,22,30.79,4.976,130.51,799.5,41.11,41.11
2026-08-01 06:23:00,23,30.11,5.110,129.73,797.1,40.14,40.18
2026-08-01 06:24:00,24,29.99,5.165,129.80,796.6,39.93,39.97
2026-08-01 06:25:00,25,30.03,5.073,130.02,802.2,40.22,40.20
2026-08-01 06:26:00,26,30.48,4.943,130.57,794.6,40.84,40.90
2026-08-01 06:27:00,27,30.41,4.939,130.01,786.5,40.62,40.78
2026-08-01 06:28:00,28,30.44,4.935,129.40,802.4,40.78,40.75
2026-08-01 06:29:00,29,30.46,4.903,130.27,803.1,40.96,40.92
2026-08-01 06:30:00,30,31.32,5.094,129.76,798.8,41.28,41.29
2026-08-01 06:31:00,31,30.05,5.198,130.94,793.1,40.01,40.09
2026-08-01 06:32:00,32,30.01,5.087,130.00,800.5,40.16,40.15
2026-08-01 06:33:00,33,29.87,4.865,128.88,791.2,40.22,40.32
2026-08-01 06:34:00,34,30.59,5.075,130.18,793.8,40.64,40.71
2026-08-01 06:35:00,35,30.86,5.080,130.97,795.5,40.97,41.02
2026-08-01 06:36:00,36,30.24,5.309,130.79,805.1,40.11,40.05
2026-08-01 06:37:00,37,29.89,4.956,130.92,797.8,40.35,40.38
2026-08-01 06:38:00,38,29.90,5.066,129.49,797.3,40.01,40.04
2026-08-01 06:39:00,39,30.65,5.278,130.46,811.7,40.57,40.44
2026-08-01 06:40:00,40,30.70,5.155,129.64,802.1,40.64,40.62
2026-08-01 06:41:00,41,30.61,5.169,130.11,802.0,40.58,40.56
2026-08-01 06:42:00,42,30.02,5.127,129.36,797.8,40.00,40.02
2026-08-01 06:43:00,43,30.47,5.151,129.68,796.4,40.38,40.42
2026-08-01 06:44:00,44,30.42,5.199,129.66,786.9,40.15,40.29
2026-08-01 06:45:00,45,30.48,5.043,130.45,805.8,40.77,40.70
2026-08-01 06:46:00,46,30.82,5.214,130.40,802.7,40.72,40.69
2026-08-01 06:47:00,47,30.50,4.992,130.14,798.9,40.77,40.78
2026-08-01 06:48:00,48,30.74,5.165,129.32,799.2,40.59,40.60
2026-08-01 06:49:00,49,30.44,5.152,129.84,804.4,40.46,40.41
2026-08-01 06:50:00,50,30.56,5.075,129.63,790.7,40.52,40.63
2026-08-01 06:51:00,51,30.74,5.138,130.43,796.5,40.72,40.76
2026-08-01 06:52:00,52,29.70,5.080,130.59,793.2,39.87,39.95
2026-08-01 06:53:00,53,30.28,5.038,130.53,810.6,40.66,40.53
2026-08-01 06:54:00,54,30.21,5.112,129.62,805.3,40.31,40.25
2026-08-01 06:55:00,55,30.13,5.040,128.63,786.8,40.06,40.21
2026-08-01 06:56:00,56,30.32,5.185,129.12,790.9,40.07,40.17
2026-08-01 06:57:00,57,31.22,5.041,130.71,799.2,41.38,41.39
2026-08-01 06:58:00,58,30.05,5.230,129.80,797.2,39.88,39.91
2026-08-01 06:59:00,59,30.97,5.043,129.62,792.1,40.97,41.06
2026-08-01 07:00:00,60,29.65,5.107,130.82,811.7,40.01,39.88
2026-08-01 07:01:00,61,30.34,5.104,130.63,801.9,40.50,40.48
2026-08-01 07:02:00,62,30.59,5.301,130.01,802.8,40.34,40.31
2026-08-01 07:03:00,63,30.81,5.204,129.85,795.8,40.61,40.65
2026-08-01 07:04:00,64,30.88,5.153,129.93,804.3,40.86,40.81
2026-08-01 07:05:00,65,30.93,5.227,130.11,797.7,40.72,40.75
2026-08-01 07:06:00,66,30.37,4.969,130.80,798.3,40.75,40.77
2026-08-01 07:07:00,67,30.32,5.178,130.21,803.7,40.33,40.29
2026-08-01 07:08:00,68,30.99,5.384,130.36,790.2,40.46,40.56
2026-08-01 07:09:00,69,30.47,5.200,130.58,809.6,40.53,40.43
2026-08-01 07:10:00,70,29.94,5.196,129.42,801.1,39.85,39.84
2026-08-01 07:11:00,71,30.02,5.247,130.38,807.7,40.00,39.92
2026-08-01 07:12:00,72,30.13,5.284,129.85,793.5,39.83,39.90
2026-08-01 07:13:00,73,30.85,4.998,128.74,794.5,40.87,40.94
2026-08-01 07:14:00,74,30.68,5.032,128.94,793.0,40.66,40.74
2026-08-01 07:15:00,75,30.96,5.223,129.49,801.5,40.73,40.72
2026-08-01 07:16:00,76,30.41,5.133,130.27,800.4,40.46,40.45
2026-08-01 07:17:00,77,30.71,5.339,130.06,797.2,40.33,40.36
2026-08-01 07:18:00,78,30.95,5.178,130.09,793.9,40.78,40.85
2026-08-01 07:19:00,79,30.49,5.019,130.98,792.4,40.72,40.81
2026-08-01 07:20:00,80,30.88,5.088,129.37,799.7,40.87,40.87
2026-08-01 07:21:00,81,30.33,4.943,129.99,797.2,40.67,40.70
2026-08-01 07:22:00,82,30.49,5.197,130.15,795.9,40.36,40.40
2026-08-01 07:23:00,83,30.49,5.204,129.63,809.3,40.44,40.34
2026-08-01 07:24:00,84,30.09,5.183,130.01,799.5,40.05,40.05
2026-08-01 07:25:00,85,30.94,5.335,129.20,807.6,40.57,40.48
2026-08-01 07:26:00,86,30.47,5.350,130.70,796.8,40.15,40.18
2026-08-01 07:27:00,87,30.72,5.215,129.66,801.5,40.54,40.53
2026-08-01 07:28:00,88,30.96,5.021,131.02,799.7,41.22,41.22
2026-08-01 07:29:00,89,30.95,5.299,129.98,789.8,40.52,40.63
2026-08-01 07:30:00,90,31.07,5.295,130.51,808.6,40.89,40.79
2026-08-01 07:31:00,91,30.69,5.273,129.97,799.2,40.43,40.44
2026-08-01 07:32:00,92,30.54,5.343,129.98,804.5,40.24,40.19
2026-08-01 07:33:00,93,30.72,5.131,129.71,795.5,40.63,40.68
2026-08-01 07:34:00,94,29.92,5.450,130.06,799.0,39.45,39.46
2026-08-01 07:35:00,95,30.05,5.156,130.16,794.8,40.02,40.08
2026-08-01 07:36:00,96,30.12,5.329,129.61,807.4,39.87,39.79
2026-08-01 07:37:00,97,30.29,5.088,129.94,801.9,40.41,40.39
2026-08-01 07:38:00,98,30.99,5.166,129.69,802.2,40.89,40.87
2026-08-01 07:39:00,99,30.35,5.413,131.15,808.1,40.10,40.02
2026-08-01 07:40:00,100,30.62,5.238,129.96,806.9,40.51,40.43
2026-08-01 07:41:00,101,31.47,5.350,130.77,804.6,41.14,41.09
2026-08-01 07:42:00,102,30.65,5.292,129.90,791.5,40.27,40.36
2026-08-01 07:43:00,103,31.20,5.260,130.13,795.8,40.89,40.94
2026-08-01 07:44:00,104,30.37,5.409,129.34,794.0,39.80,39.87
2026-08-01 07:45:00,105,30.74,5.252,129.78,804.4,40.55,40.50
2026-08-01 07:46:00,106,30.38,5.100,130.11,801.0,40.48,40.47
2026-08-01 07:47:00,107,30.69,5.200,130.79,791.7,40.55,40.65
2026-08-01 07:48:00,108,31.29,5.337,130.11,798.9,40.88,40.89
2026-08-01 07:49:00,109,30.01,5.324,130.69,791.0,39.71,39.81
2026-08-01 07:50:00,110,31.10,5.130,130.32,799.7,41.09,41.09
2026-08-01 07:51:00,111,31.01,5.217,130.81,790.1,40.80,40.91
2026-08-01 07:52:00,112,30.60,5.233,129.97,803.2,40.46,40.43
2026-08-01 07:53:00,113,30.18,5.257,131.20,802.3,40.16,40.13
2026-08-01 07:54:00,114,30.95,5.158,129.76,811.4,40.97,40.85
2026-08-01 07:55:00,115,30.66,5.235,129.62,805.1,40.49,40.44
2026-08-01 07:56:00,116,31.05,5.228,129.39,797.5,40.75,40.78
2026-08-01 07:57:00,117,30.95,5.380,131.17,804.9,40.67,40.61
2026-08-01 07:58:00,118,31.75,5.386,130.41,791.6,41.16,41.25
2026-08-01 07:59:00,119,30.83,5.292,129.83,794.2,40.46,40.52
2026-08-01 08:00:00,120,30.45,5.270,130.62,802.0,40.31,40.29
2026-08-01 08:01:00,121,31.06,5.325,130.34,787.1,40.58,40.72
2026-08-01 08:02:00,122,31.08,5.232,130.98,799.8,40.96,40.96
2026-08-01 08:03:00,123,31.66,5.201,129.23,793.9,41.29,41.36
2026-08-01 08:04:00,124,31.41,5.224,129.87,800.6,41.16,41.16
2026-08-01 08:05:00,125,31.17,5.256,129.77,793.5,40.81,40.88
2026-08-01 08:06:00,126,31.73,5.206,129.01,802.5,41.43,41.40
2026-08-01 08:07:00,127,30.42,5.340,130.53,800.1,40.14,40.13
2026-08-01 08:08:00,128,30.70,5.399,129.86,808.4,40.32,40.23
2026-08-01 08:09:00,129,30.56,5.170,130.37,800.0,40.54,40.54
2026-08-01 08:10:00,130,30.84,5.333,131.18,795.4,40.54,40.59
2026-08-01 08:11:00,131,30.35,5.311,129.82,798.5,40.04,40.06
2026-08-01 08:12:00,132,31.36,5.369,129.79,791.9,40.79,40.87
2026-08-01 08:13:00,133,30.94,5.335,130.06,802.4,40.60,40.57
2026-08-01 08:14:00,134,30.32,5.193,130.49,803.5,40.34,40.30
2026-08-01 08:15:00,135,30.56,5.215,129.72,814.8,40.56,40.39
2026-08-01 08:16:00,136,31.23,5.346,129.68,796.3,40.74,40.78
2026-08-01 08:17:00,137,31.50,5.448,130.53,798.4,40.92,40.94
2026-08-01 08:18:00,138,32.09,5.125,130.19,796.5,41.93,41.97
2026-08-01 08:19:00,139,32.55,5.383,128.98,801.3,41.86,41.84
2026-08-01 08:20:00,140,31.31,5.470,129.39,802.3,40.65,40.63
2026-08-01 08:21:00,141,30.61,5.338,130.75,799.7,40.34,40.34
2026-08-01 08:22:00,142,30.05,5.410,130.20,806.5,39.73,39.66
2026-08-01 08:23:00,143,31.26,5.286,129.62,796.3,40.85,40.89
2026-08-01 08:24:00,144,30.72,5.347,129.91,805.9,40.41,40.34
2026-08-01 08:25:00,145,30.93,5.199,130.01,803.2,40.82,40.78
2026-08-01 08:26:00,146,30.84,5.128,130.37,799.9,40.86,40.86
2026-08-01 08:27:00,147,31.08,5.459,129.32,798.1,40.41,40.43
2026-08-01 08:28:00,148,31.69,5.268,129.58,814.6,41.47,41.31
2026-08-01 08:29:00,149,31.24,5.323,130.14,795.1,40.82,40.87
2026-08-01 08:30:00,150,31.09,5.231,129.95,801.8,40.89,40.87
2026-08-01 08:31:00,151,30.66,5.231,130.29,795.5,40.46,40.51
2026-08-01 08:32:00,152,30.35,5.356,129.39,810.7,40.05,39.93
2026-08-01 08:33:00,153,30.95,5.303,130.18,805.3,40.70,40.64
2026-08-01 08:34:00,154,31.17,5.415,130.55,795.9,40.65,40.70
2026-08-01 08:35:00,155,32.09,5.425,130.24,803.1,41.52,41.48
2026-08-01 08:36:00,156,31.28,5.413,130.07,801.5,40.77,40.75
2026-08-01 08:37:00,157,31.71,5.407,129.95,796.9,41.11,41.14
2026-08-01 08:38:00,158,30.97,5.542,129.58,804.5,40.28,40.23
2026-08-01 08:39:00,159,30.64,5.280,129.96,802.3,40.41,40.38
2026-08-01 08:40:00,160,30.75,5.383,130.63,801.3,40.39,40.38
2026-08-01 08:41:00,161,30.88,5.503,129.94,799.7,40.24,40.24
2026-08-01 08:42:00,162,32.31,5.518,129.56,802.6,41.51,41.48
2026-08-01 08:43:00,163,30.85,5.251,129.75,801.4,40.61,40.59
2026-08-01 08:44:00,164,31.68,5.364,130.10,800.4,41.20,41.20
2026-08-01 08:45:00,165,30.82,5.533,129.81,796.2,40.08,40.13
2026-08-01 08:46:00,166,31.74,5.449,130.24,810.2,41.24,41.13
2026-08-01 08:47:00,167,31.47,5.420,130.26,793.7,40.87,40.94
2026-08-01 08:48:00,168,31.21,5.380,130.44,802.6,40.81,40.78
2026-08-01 08:49:00,169,31.27,5.365,130.71,798.1,40.87,40.89
2026-08-01 08:50:00,170,30.97,5.434,130.50,810.6,40.60,40.48
2026-08-01 08:51:00,171,31.53,5.381,129.53,794.6,40.92,40.98
2026-08-01 08:52:00,172,31.09,5.404,129.55,795.6,40.50,40.54
2026-08-01 08:53:00,173,30.71,5.418,129.96,794.2,40.16,40.22
2026-08-01 08:54:00,174,30.69,5.344,129.77,801.9,40.32,40.30
2026-08-01 08:55:00,175,31.42,5.466,129.43,791.8,40.65,40.74
2026-08-01 08:56:00,176,32.13,5.706,129.78,797.1,41.03,41.06
2026-08-01 08:57:00,177,31.42,5.238,129.76,787.1,41.00,41.14
2026-08-01 08:58:00,178,31.29,5.450,129.66,801.4,40.68,40.67
2026-08-01 08:59:00,179,31.50,5.343,129.84,797.0,41.01,41.04
2026-08-01 09:00:00,180,32.02,5.478,130.59,791.1,41.27,41.37
2026-08-01 09:01:00,181,31.48,5.427,130.10,806.5,40.98,40.91
2026-08-01 09:02:00,182,31.17,5.500,131.24,792.2,40.54,40.63
2026-08-01 09:03:00,183,31.93,5.543,130.09,804.8,41.20,41.15
2026-08-01 09:04:00,184,31.60,5.446,129.85,795.8,40.93,40.97
2026-08-01 09:05:00,185,32.16,5.541,130.00,809.6,41.45,41.35
2026-08-01 09:06:00,186,31.49,5.195,130.13,804.5,41.36,41.31
2026-08-01 09:07:00,187,30.79,5.590,130.22,794.0,39.99,40.05
2026-08-01 09:08:00,188,30.73,5.470,131.04,794.5,40.20,40.26
2026-08-01 09:09:00,189,32.24,5.541,129.58,803.6,41.42,41.38
2026-08-01 09:10:00,190,32.28,5.313,130.43,798.4,41.84,41.86
2026-08-01 09:11:00,191,31.34,5.353,130.10,799.0,40.89,40.91
2026-08-01 09:12:00,192,31.24,5.452,129.21,807.6,40.66,40.58
2026-08-01 09:13:00,193,32.17,5.437,130.39,795.5,41.50,41.55
2026-08-01 09:14:00,194,30.89,5.469,130.63,800.5,40.38,40.37
2026-08-01 09:15:00,195,31.00,5.550,129.57,805.7,40.31,40.25
2026-08-01 09:16:00,196,31.78,5.267,130.00,804.9,41.49,41.43
2026-08-01 09:17:00,197,31.27,5.542,129.14,799.0,40.44,40.45
2026-08-01 09:18:00,198,31.47,5.446,129.37,798.3,40.78,40.80
2026-08-01 09:19:00,199,31.39,5.426,130.52,789.6,40.77,40.88
2026-08-01 09:20:00,200,31.65,5.301,129.77,793.7,41.17,41.24
2026-08-01 09:21:00,201,32.19,5.500,129.45,801.9,41.40,41.38
2026-08-01 09:22:00,202,31.54,5.209,130.11,799.2,41.31,41.32
2026-08-01 09:23:00,203,31.82,5.517,129.74,800.4,41.05,41.05
2026-08-01 09:24:00,204,30.48,5.304,129.76,806.2,40.24,40.18
2026-08-01 09:25:00,205,31.48,5.459,130.37,792.9,40.82,40.89
2026-08-01 09:26:00,206,31.09,5.443,129.42,798.6,40.46,40.47
2026-08-01 09:27:00,207,30.91,5.573,129.55,801.1,40.13,40.12
2026-08-01 09:28:00,208,31.09,5.440,130.08,795.8,40.49,40.54
2026-08-01 09:29:00,209,31.36,5.389,130.48,808.6,41.00,40.91
2026-08-01 09:30:00,210,31.99,5.409,130.62,805.5,41.52,41.46
2026-08-01 09:31:00,211,30.88,5.588,129.67,801.7,40.10,40.08
2026-08-01 09:32:00,212,31.56,5.516,130.47,810.8,41.00,40.89
2026-08-01 09:33:00,213,31.31,5.424,129.61,791.0,40.62,40.72
2026-08-01 09:34:00,214,31.39,5.440,130.91,800.0,40.89,40.89
2026-08-01 09:35:00,215,32.06,5.308,129.43,802.2,41.59,41.57
2026-08-01 09:36:00,216,31.84,5.505,130.66,794.5,41.11,41.17
2026-08-01 09:37:00,217,32.24,5.291,129.67,801.8,41.80,41.78
2026-08-01 09:38:00,218,31.50,5.543,131.01,793.4,40.77,40.84
2026-08-01 09:39:00,219,31.23,5.482,130.30,804.1,40.67,40.63
2026-08-01 09:40:00,220,31.48,5.709,129.49,806.3,40.50,40.43
2026-08-01 09:41:00,221,31.71,5.361,129.74,801.6,41.21,41.20
2026-08-01 09:42:00,222,31.69,5.462,130.39,788.9,40.96,41.08
2026-08-01 09:43:00,223,31.06,5.653,130.53,794.2,40.17,40.23
2026-08-01 09:44:00,224,31.65,5.593,129.96,803.4,40.84,40.81
2026-08-01 09:45:00,225,31.73,5.405,130.02,800.1,41.17,41.17
2026-08-01 09:46:00,226,32.88,5.498,130.38,783.8,41.93,42.10
2026-08-01 09:47:00,227,32.56,5.476,130.07,807.5,41.89,41.81
2026-08-01 09:48:00,228,31.20,5.505,129.35,800.8,40.48,40.47
2026-08-01 09:49:00,229,31.49,5.408,129.59,795.1,40.85,40.90
2026-08-01 09:50:00,230,30.90,5.470,130.12,806.0,40.39,40.33
2026-08-01 09:51:00,231,31.35,5.320,130.61,795.9,40.97,41.02
2026-08-01 09:52:00,232,31.80,5.494,130.81,795.9,41.13,41.17
2026-08-01 09:53:00,233,32.25,5.526,130.39,802.2,41.51,41.49
2026-08-01 09:54:00,234,31.29,5.459,130.14,810.7,40.81,40.70
2026-08-01 09:55:00,235,31.33,5.321,130.37,809.7,41.09,40.98
2026-08-01 09:56:00,236,30.59,5.582,129.67,802.2,39.85,39.83
2026-08-01 09:57:00,237,31.59,5.520,129.92,802.8,40.88,40.85
2026-08-01 09:58:00,238,31.14,5.412,129.59,804.7,40.64,40.58
2026-08-01 09:59:00,239,31.41,5.457,129.38,792.5,40.66,40.74
2026-08-01 10:00:00,240,31.24,5.336,130.17,803.9,40.90,40.85
2026-08-01 10:01:00,241,31.64,5.384,130.09,795.6,41.08,41.13
2026-08-01 10:02:00,242,30.81,5.433,130.34,801.9,40.35,40.33
2026-08-01 10:03:00,243,30.96,5.611,130.27,798.6,40.17,40.18
2026-08-01 10:04:00,244,32.77,5.425,130.12,803.0,42.12,42.08
2026-08-01 10:05:00,245,31.06,5.553,130.28,800.7,40.37,40.36
2026-08-01 10:06:00,246,31.16,5.436,129.98,781.6,40.40,40.60
2026-08-01 10:07:00,247,32.63,5.515,130.21,801.1,41.84,41.83
2026-08-01 10:08:00,248,33.17,5.477,129.64,803.9,42.36,42.32
2026-08-01 10:09:00,249,31.14,5.579,130.18,802.7,40.41,40.38
2026-08-01 10:10:00,250,31.54,5.438,130.33,799.4,40.97,40.98
2026-08-01 10:11:00,251,31.90,5.335,129.67,809.9,41.51,41.40
2026-08-01 10:12:00,252,32.60,5.355,130.03,801.9,42.05,42.03
2026-08-01 10:13:00,253,31.25,5.440,129.69,802.6,40.67,40.64
2026-08-01 10:14:00,254,31.62,5.369,129.74,806.3,41.17,41.10
2026-08-01 10:15:00,255,32.14,5.535,129.44,802.2,41.30,41.28
2026-08-01 10:16:00,256,31.97,5.448,130.63,794.6,41.32,41.38
2026-08-01 10:17:00,257,31.57,5.732,130.53,785.4,40.43,40.58
2026-08-01 10:18:00,258,31.69,5.322,130.27,797.1,41.26,41.29
2026-08-01 10:19:00,259,31.08,5.516,130.99,804.6,40.54,40.49
2026-08-01 10:20:00,260,31.65,5.383,129.91,797.9,41.10,41.12
2026-08-01 10:21:00,261,31.64,5.447,131.52,804.8,41.21,41.16
2026-08-01 10:22:00,262,31.89,5.511,129.89,800.9,41.15,41.14
2026-08-01 10:23:00,263,31.50,5.264,130.13,807.7,41.28,41.20
2026-08-01 10:24:00,264,32.02,5.521,129.80,798.2,41.21,41.23
2026-08-01 10:25:00,265,32.29,5.688,130.19,802.8,41.30,41.27
2026-08-01 10:26:00,266,31.87,5.452,130.42,803.0,41.29,41.26
2026-08-01 10:27:00,267,31.97,5.524,129.94,809.0,41.29,41.19
2026-08-01 10:28:00,268,31.82,5.601,130.89,789.8,40.93,41.04
2026-08-01 10:29:00,269,31.80,5.482,130.12,797.2,41.09,41.12
2026-08-01 10:30:00,270,31.44,5.441,130.14,805.1,40.92,40.86
2026-08-01 10:31:00,271,31.97,5.271,129.55,809.3,41.65,41.55
2026-08-01 10:32:00,272,31.76,5.563,130.21,801.4,40.99,40.97
2026-08-01 10:33:00,273,32.86,5.488,129.93,798.2,42.04,42.06
2026-08-01 10:34:00,274,32.61,5.398,129.70,804.5,41.99,41.94
2026-08-01 10:35:00,275,32.02,5.512,129.61,805.2,41.28,41.22
2026-08-01 10:36:00,276,31.44,5.441,131.34,797.8,40.96,40.98
2026-08-01 10:37:00,277,31.27,5.447,129.87,802.0,40.70,40.67
2026-08-01 10:38:00,278,32.43,5.560,129.27,807.1,41.56,41.49
2026-08-01 10:39:00,279,31.97,5.366,129.65,811.3,41.53,41.41
2026-08-01 10:40:00,280,32.08,5.605,129.97,804.5,41.22,41.18
2026-08-01 10:41:00,281,30.97,5.360,130.27,800.3,40.58,40.58
2026-08-01 10:42:00,282,32.31,5.434,130.28,799.7,41.67,41.67
2026-08-01 10:43:00,283,32.08,5.692,130.34,803.3,41.11,41.08
2026-08-01 10:44:00,284,31.30,5.613,129.68,799.3,40.42,40.43
2026-08-01 10:45:00,285,31.62,5.510,130.17,801.1,40.93,40.92
2026-08-01 10:46:00,286,31.99,5.406,129.56,793.7,41.29,41.36
2026-08-01 10:47:00,287,31.89,5.447,129.69,807.8,41.30,41.21
2026-08-01 10:48:00,288,31.72,5.507,129.54,793.2,40.88,40.95
2026-08-01 10:49:00,289,31.82,5.503,129.41,797.4,41.01,41.03
2026-08-01 10:50:00,290,31.74,5.491,130.53,800.6,41.10,41.10
2026-08-01 10:51:00,291,31.95,5.496,130.34,811.9,41.38,41.26
2026-08-01 10:52:00,292,32.61,5.478,130.49,797.5,41.87,41.90
2026-08-01 10:53:00,293,30.60,5.355,130.02,796.0,40.18,40.22
2026-08-01 10:54:00,294,31.76,5.447,130.39,796.7,41.13,41.17
2026-08-01 10:55:00,295,31.97,5.590,129.12,810.0,41.12,41.02
2026-08-01 10:56:00,296,32.04,5.362,130.43,783.1,41.37,41.55
2026-08-01 10:57:00,297,31.70,5.479,130.09,794.0,40.97,41.04
2026-08-01 10:58:00,298,31.01,5.416,130.31,816.4,40.71,40.53
2026-08-01 10:59:00,299,32.06,5.509,130.19,803.5,41.36,41.32
2026-08-01 11:00:00,300,32.76,5.459,129.51,793.4,41.90,41.97
2026-08-01 11:01:00,301,31.13,5.645,129.25,799.7,40.19,40.19
2026-08-01 11:02:00,302,32.34,5.548,129.64,800.4,41.47,41.46
2026-08-01 11:03:00,303,31.74,5.366,130.28,805.1,41.32,41.27
2026-08-01 11:04:00,304,31.88,5.564,130.35,811.0,41.20,41.09
2026-08-01 11:05:00,305,31.38,5.419,129.32,802.3,40.79,40.77
2026-08-01 11:06:00,306,31.75,5.438,129.51,796.8,41.05,41.08
2026-08-01 11:07:00,307,32.57,5.527,129.64,804.7,41.75,41.70
2026-08-01 11:08:00,308,32.21,5.446,129.82,795.8,41.47,41.52
2026-08-01 11:09:00,309,32.79,5.584,129.32,793.8,41.72,41.79
2026-08-01 11:10:00,310,32.51,5.417,129.29,789.4,41.68,41.79
2026-08-01 11:11:00,311,32.14,5.432,129.59,790.6,41.36,41.46
2026-08-01 11:12:00,312,32.80,5.428,130.04,794.6,42.05,42.10
2026-08-01 11:13:00,313,32.15,5.436,129.41,792.9,41.37,41.44
2026-08-01 11:14:00,314,32.35,5.602,129.94,801.9,41.44,41.42
2026-08-01 11:15:00,315,31.79,5.555,130.53,792.8,40.96,41.04
2026-08-01 11:16:00,316,31.97,5.662,129.35,781.1,40.74,40.93
2026-08-01 11:17:00,317,31.59,5.718,129.90,793.7,40.50,40.56
2026-08-01 11:18:00,318,32.43,5.387,130.51,797.2,41.85,41.88
2026-08-01 11:19:00,319,31.35,5.497,129.79,796.4,40.62,40.66
2026-08-01 11:20:00,320,32.34,5.372,129.71,809.1,41.84,41.74
2026-08-01 11:21:00,321,31.85,5.411,130.58,796.3,41.28,41.32
2026-08-01 11:22:00,322,32.53,5.425,129.85,805.3,41.90,41.85
2026-08-01 11:23:00,323,32.33,5.382,130.55,799.9,41.79,41.79
2026-08-01 11:24:00,324,32.86,5.382,130.21,799.7,42.24,42.25
2026-08-01 11:25:00,325,32.32,5.472,129.83,795.0,41.53,41.58
2026-08-01 11:26:00,326,31.17,5.364,130.24,799.6,40.74,40.75
2026-08-01 11:27:00,327,31.92,5.569,130.16,795.4,41.06,41.10
2026-08-01 11:28:00,328,31.37,5.393,130.51,801.0,40.92,40.91
2026-08-01 11:29:00,329,31.70,5.765,129.73,798.6,40.57,40.58
2026-08-01 11:30:00,330,32.72,5.438,130.02,794.3,41.95,42.01
2026-08-01 11:31:00,331,32.28,5.489,129.97,806.0,41.59,41.53
2026-08-01 11:32:00,332,31.62,5.352,130.35,802.6,41.21,41.18
2026-08-01 11:33:00,333,31.46,5.651,129.49,797.3,40.47,40.50
2026-08-01 11:34:00,334,31.98,5.592,130.51,800.9,41.17,41.16
2026-08-01 11:35:00,335,31.36,5.509,130.23,799.5,40.69,40.69
2026-08-01 11:36:00,336,31.64,5.344,129.34,794.8,41.06,41.12
2026-08-01 11:37:00,337,32.13,5.499,130.60,800.4,41.44,41.44
2026-08-01 11:38:00,338,32.55,5.364,131.12,796.3,42.04,42.08
2026-08-01 11:39:00,339,32.28,5.622,130.50,794.3,41.32,41.38
2026-08-01 11:40:00,340,30.83,5.556,130.71,790.3,40.08,40.19
2026-08-01 11:41:00,341,32.13,5.484,130.04,797.8,41.39,41.41
2026-08-01 11:42:00,342,32.01,5.230,129.17,803.4,41.66,41.63
2026-08-01 11:43:00,343,32.19,5.374,129.08,795.8,41.50,41.54
2026-08-01 11:44:00,344,32.79,5.540,130.13,815.1,42.09,41.93
2026-08-01 11:45:00,345,30.95,5.592,129.70,805.3,40.20,40.15
2026-08-01 11:46:00,346,31.69,5.580,129.54,807.8,40.90,40.82
2026-08-01 11:47:00,347,32.28,5.309,129.97,804.8,41.86,41.81
2026-08-01 11:48:00,348,31.19,5.498,130.31,811.1,40.68,40.57
2026-08-01 11:49:00,349,32.72,5.568,129.27,795.3,41.70,41.75
2026-08-01 11:50:00,350,32.17,5.300,129.78,784.6,41.55,41.71
2026-08-01 11:51:00,351,32.41,5.464,130.75,797.3,41.74,41.76
2026-08-01 11:52:00,352,31.70,5.491,129.46,803.3,40.99,40.96
2026-08-01 11:53:00,353,32.40,5.432,130.43,800.9,41.78,41.77
2026-08-01 11:54:00,354,32.53,5.276,129.76,801.7,42.09,42.07
2026-08-01 11:55:00,355,32.11,5.428,130.27,807.9,41.58,41.50
2026-08-01 11:56:00,356,32.11,5.426,130.55,802.3,41.55,41.53
2026-08-01 11:57:00,357,32.13,5.443,130.37,804.8,41.55,41.50
2026-08-01 11:58:00,358,31.56,5.401,130.45,794.4,41.00,41.07
2026-08-01 11:59:00,359,31.92,5.411,129.42,793.4,41.20,41.27
2026-08-01 12:00:00,360,31.92,5.451,130.56,809.7,41.42,41.32
2026-08-01 12:01:00,361,32.19,5.498,129.57,800.6,41.40,41.40
2026-08-01 12:02:00,362,32.50,5.422,130.13,796.3,41.81,41.85
2026-08-01 12:03:00,363,31.47,5.410,130.13,796.3,40.89,40.93
2026-08-01 12:04:00,364,31.93,5.459,130.24,796.1,41.25,41.29
2026-08-01 12:05:00,365,32.74,5.257,130.17,795.7,42.29,42.33
2026-08-01 12:06:00,366,31.63,5.495,129.58,792.3,40.81,40.89
2026-08-01 12:07:00,367,31.59,5.446,129.33,791.0,40.81,40.91
2026-08-01 12:08:00,368,32.10,5.449,130.44,798.8,41.46,41.47
2026-08-01 12:09:00,369,32.42,5.540,130.09,796.4,41.56,41.59
2026-08-01 12:10:00,370,32.00,5.247,130.57,806.6,41.80,41.73
2026-08-01 12:11:00,371,32.66,5.244,129.98,801.8,42.29,42.27
2026-08-01 12:12:00,372,32.43,5.467,129.30,801.6,41.65,41.63
2026-08-01 12:13:00,373,32.42,5.438,130.48,795.5,41.74,41.79
2026-08-01 12:14:00,374,32.28,5.454,129.81,799.3,41.56,41.57
2026-08-01 12:15:00,375,33.16,5.390,130.17,802.2,42.53,42.50
2026-08-01 12:16:00,376,31.90,5.501,129.68,804.3,41.18,41.14
2026-08-01 12:17:00,377,31.00,5.526,130.82,799.4,40.39,40.39
2026-08-01 12:18:00,378,32.80,5.480,129.56,806.5,42.05,41.98
2026-08-01 12:19:00,379,31.77,5.404,129.83,800.0,41.19,41.19
2026-08-01 12:20:00,380,32.05,5.218,130.05,804.8,41.82,41.77
2026-08-01 12:21:00,381,32.65,5.504,129.45,797.1,41.77,41.80
2026-08-01 12:22:00,382,31.20,5.548,130.17,789.1,40.37,40.48
2026-08-01 12:23:00,383,31.37,5.489,130.81,801.6,40.81,40.79
2026-08-01 12:24:00,384,31.20,5.335,129.75,804.4,40.82,40.77
2026-08-01 12:25:00,385,31.60,5.489,130.20,803.5,40.98,40.94
2026-08-01 12:26:00,386,32.22,5.506,128.63,802.5,41.35,41.32
2026-08-01 12:27:00,387,32.26,5.574,129.98,797.9,41.36,41.39
2026-08-01 12:28:00,388,32.14,5.329,129.84,795.2,41.59,41.64
2026-08-01 12:29:00,389,31.29,5.393,129.59,803.3,40.79,40.75
2026-08-01 12:30:00,390,30.84,5.489,130.54,802.6,40.31,40.28
2026-08-01 12:31:00,391,32.02,5.418,129.84,796.6,41.36,41.40
2026-08-01 12:32:00,392,31.76,5.299,129.91,806.7,41.43,41.36
2026-08-01 12:33:00,393,32.23,5.451,129.81,794.7,41.47,41.53
2026-08-01 12:34:00,394,32.35,5.465,129.04,796.5,41.50,41.54
2026-08-01 12:35:00,395,32.06,5.415,129.43,809.8,41.50,41.40
2026-08-01 12:36:00,396,32.37,5.426,130.48,805.2,41.82,41.76
2026-08-01 12:37:00,397,32.11,5.377,128.95,797.9,41.43,41.45
2026-08-01 12:38:00,398,32.26,5.549,129.62,801.7,41.40,41.39
2026-08-01 12:39:00,399,31.64,5.309,129.80,800.9,41.23,41.22
2026-08-01 12:40:00,400,31.90,5.339,130.87,783.5,41.33,41.51
2026-08-01 12:41:00,401,32.09,5.397,130.38,794.6,41.48,41.54
2026-08-01 12:42:00,402,32.40,5.482,129.72,799.7,41.62,41.63
2026-08-01 12:43:00,403,31.79,5.243,130.65,797.9,41.53,41.55
2026-08-01 12:44:00,404,32.25,5.260,129.63,801.5,41.85,41.83
2026-08-01 12:45:00,405,31.85,5.185,130.50,806.8,41.76,41.69
2026-08-01 12:46:00,406,31.93,5.391,129.32,798.1,41.28,41.30
2026-08-01 12:47:00,407,32.40,5.274,130.54,793.7,41.97,42.03
2026-08-01 12:48:00,408,30.99,5.345,129.80,801.9,40.59,40.57
2026-08-01 12:49:00,409,31.33,5.448,129.49,798.0,40.67,40.69
2026-08-01 12:50:00,410,31.24,5.316,129.89,799.1,40.85,40.86
2026-08-01 12:51:00,411,30.81,5.401,130.14,798.2,40.34,40.36
2026-08-01 12:52:00,412,31.64,5.347,129.75,813.5,41.30,41.15
2026-08-01 12:53:00,413,32.35,5.442,130.28,786.6,41.56,41.70
2026-08-01 12:54:00,414,31.83,5.420,129.71,797.7,41.18,41.21
2026-08-01 12:55:00,415,32.07,5.302,130.31,800.0,41.67,41.67
2026-08-01 12:56:00,416,32.52,5.352,130.22,795.3,41.93,41.98
2026-08-01 12:57:00,417,32.64,5.472,129.97,805.4,41.94,41.88
2026-08-01 12:58:00,418,31.94,5.405,129.78,804.9,41.38,41.33
2026-08-01 12:59:00,419,32.65,5.224,130.08,799.7,42.29,42.29
2026-08-01 13:00:00,420,32.01,5.427,130.28,798.4,41.40,41.42
2026-08-01 13:01:00,421,31.55,5.251,131.03,799.3,41.35,41.35
2026-08-01 13:02:00,422,31.67,5.499,130.47,799.4,41.00,41.01
2026-08-01 13:03:00,423,31.22,5.458,130.49,799.5,40.67,40.67
2026-08-01 13:04:00,424,31.52,5.383,131.54,798.9,41.15,41.16
2026-08-01 13:05:00,425,31.78,5.368,130.26,801.5,41.31,41.30
2026-08-01 13:06:00,426,32.36,5.329,130.24,804.5,41.93,41.88
2026-08-01 13:07:00,427,32.82,5.416,130.35,792.6,42.09,42.17
2026-08-01 13:08:00,428,31.26,5.309,129.50,793.7,40.78,40.85
2026-08-01 13:09:00,429,32.15,5.367,129.78,789.5,41.47,41.58
2026-08-01 13:10:00,430,31.43,5.429,129.75,805.2,40.89,40.83
2026-08-01 13:11:00,431,32.19,5.284,130.32,801.5,41.82,41.81
2026-08-01 13:12:00,432,31.88,5.276,129.91,803.0,41.54,41.50
2026-08-01 13:13:00,433,31.03,5.216,130.07,791.4,40.76,40.85
2026-08-01 13:14:00,434,32.41,5.227,130.54,810.7,42.24,42.12
2026-08-01 13:15:00,435,31.64,5.149,130.43,796.3,41.51,41.55
2026-08-01 13:16:00,436,31.67,5.402,129.92,801.0,41.12,41.11
2026-08-01 13:17:00,437,31.40,5.508,129.67,805.1,40.73,40.68
2026-08-01 13:18:00,438,31.61,5.468,130.57,794.1,40.95,41.01
2026-08-01 13:19:00,439,32.15,5.161,130.39,796.7,41.95,41.98
2026-08-01 13:20:00,440,31.84,5.394,129.20,801.1,41.22,41.20
2026-08-01 13:21:00,441,32.09,5.461,129.84,817.1,41.57,41.39
2026-08-01 13:22:00,442,32.11,5.271,130.08,801.8,41.75,41.73
2026-08-01 13:23:00,443,32.59,5.325,130.39,809.6,42.21,42.10
2026-08-01 13:24:00,444,31.75,5.112,130.46,807.2,41.80,41.72
2026-08-01 13:25:00,445,31.18,5.337,130.14,802.2,40.82,40.79
2026-08-01 13:26:00,446,32.45,5.202,130.29,794.1,42.11,42.18
2026-08-01 13:27:00,447,31.75,5.326,130.03,806.4,41.38,41.31
2026-08-01 13:28:00,448,32.47,5.148,129.66,791.0,42.12,42.22
2026-08-01 13:29:00,449,32.10,5.356,129.87,809.6,41.67,41.57
2026-08-01 13:30:00,450,31.84,5.402,130.01,801.2,41.29,41.27
2026-08-01 13:31:00,451,32.08,5.219,129.98,784.1,41.61,41.78
2026-08-01 13:32:00,452,32.88,5.181,129.06,798.0,42.45,42.47
2026-08-01 13:33:00,453,32.94,5.077,129.80,803.9,42.82,42.78
2026-08-01 13:34:00,454,31.93,5.264,130.03,798.6,41.57,41.58
2026-08-01 13:35:00,455,31.98,5.230,129.86,804.3,41.71,41.66
2026-08-01 13:36:00,456,32.43,5.131,129.88,794.9,42.18,42.24
2026-08-01 13:37:00,457,31.47,5.329,130.24,792.2,40.99,41.07
2026-08-01 13:38:00,458,32.05,5.236,129.46,799.6,41.67,41.68
2026-08-01 13:39:00,459,31.87,5.171,129.19,800.2,41.60,41.60
2026-08-01 13:40:00,460,32.04,5.221,129.83,797.9,41.70,41.73
2026-08-01 13:41:00,461,31.46,5.381,130.38,807.4,41.08,41.00
2026-08-01 13:42:00,462,31.08,5.332,130.84,794.9,40.72,40.78
2026-08-01 13:43:00,463,30.84,5.257,130.39,801.9,40.66,40.64
2026-08-01 13:44:00,464,31.31,5.329,129.27,800.4,40.84,40.84
2026-08-01 13:45:00,465,31.64,5.149,129.88,790.7,41.39,41.49
2026-08-01 13:46:00,466,31.72,5.266,130.13,792.1,41.31,41.39
2026-08-01 13:47:00,467,32.83,5.275,130.09,800.1,42.38,42.38
2026-08-01 13:48:00,468,32.41,5.211,130.27,811.9,42.25,42.12
2026-08-01 13:49:00,469,31.37,5.299,129.54,803.5,41.01,40.97
2026-08-01 13:50:00,470,32.03,5.175,130.03,789.6,41.70,41.81
2026-08-01 13:51:00,471,31.64,5.302,130.21,781.3,41.07,41.28
2026-08-01 13:52:00,472,31.70,5.303,130.41,804.4,41.39,41.35
2026-08-01 13:53:00,473,31.93,4.954,129.60,799.4,42.07,42.08
2026-08-01 13:54:00,474,32.15,5.362,129.83,806.8,41.67,41.60
2026-08-01 13:55:00,475,31.67,4.936,128.65,794.7,41.71,41.77
2026-08-01 13:56:00,476,32.36,5.177,129.69,802.1,42.10,42.08
2026-08-01 13:57:00,477,31.26,5.339,129.74,805.1,40.88,40.82
2026-08-01 13:58:00,478,31.83,5.202,129.49,797.3,41.51,41.54
2026-08-01 13:59:00,479,33.12,5.084,130.08,797.4,42.93,42.96
2026-08-01 14:00:00,480,31.93,5.119,129.97,800.2,41.82,41.82
2026-08-01 14:01:00,481,32.53,5.329,128.87,802.8,41.93,41.90
2026-08-01 14:02:00,482,31.86,5.032,130.11,799.1,41.91,41.92
2026-08-01 14:03:00,483,32.10,5.334,129.54,804.6,41.62,41.57
2026-08-01 14:04:00,484,31.78,5.213,130.24,795.6,41.50,41.54
2026-08-01 14:05:00,485,31.72,5.097,129.36,789.9,41.49,41.60
2026-08-01 14:06:00,486,31.41,5.155,130.02,809.4,41.39,41.29
2026-08-01 14:07:00,487,32.01,5.109,129.86,793.5,41.82,41.89
2026-08-01 14:08:00,488,31.36,5.295,130.15,793.3,40.95,41.03
2026-08-01 14:09:00,489,32.12,5.279,130.06,795.9,41.68,41.73
2026-08-01 14:10:00,490,32.32,5.032,129.87,796.2,42.27,42.32
2026-08-01 14:11:00,491,31.96,5.161,129.23,793.1,41.62,41.70
2026-08-01 14:12:00,492,31.63,5.112,129.26,794.9,41.43,41.49
2026-08-01 14:13:00,493,32.00,5.325,129.71,794.3,41.45,41.51
2026-08-01 14:14:00,494,31.61,5.058,130.00,795.2,41.59,41.64
2026-08-01 14:15:00,495,32.23,5.351,129.70,779.6,41.46,41.68
2026-08-01 14:16:00,496,30.84,5.185,130.31,804.6,40.81,40.76
2026-08-01 14:17:00,497,31.59,5.069,129.86,792.0,41.50,41.59
2026-08-01 14:18:00,498,30.76,5.115,129.52,796.0,40.68,40.72
2026-08-01 14:19:00,499,31.00,5.100,129.86,783.8,40.82,41.00
2026-08-01 14:20:00,500,32.42,5.050,130.11,788.8,42.27,42.40
2026-08-01 14:21:00,501,32.19,5.185,130.16,787.2,41.81,41.95
2026-08-01 14:22:00,502,31.38,5.050,130.94,799.7,41.54,41.54
2026-08-01 14:23:00,503,30.98,4.952,129.67,786.9,41.08,41.23
2026-08-01 14:24:00,504,30.24,5.130,129.96,794.5,40.22,40.28
2026-08-01 14:25:00,505,31.45,4.985,130.21,785.7,41.49,41.65
2026-08-01 14:26:00,506,32.93,5.087,129.99,786.5,42.62,42.77
2026-08-01 14:27:00,507,31.93,5.069,129.75,787.3,41.74,41.88
2026-08-01 14:28:00,508,31.43,5.070,129.23,796.0,41.33,41.38
2026-08-01 14:29:00,509,31.94,5.354,129.74,776.6,41.16,41.41
2026-08-01 14:30:00,510,30.92,5.157,129.46,779.6,40.56,40.79
2026-08-01 14:31:00,511,31.55,5.174,129.14,775.4,41.03,41.30
2026-08-01 14:32:00,512,31.74,4.969,129.60,780.1,41.65,41.88
2026-08-01 14:33:00,513,31.64,5.078,129.48,781.4,41.37,41.58
2026-08-01 14:34:00,514,32.08,5.163,130.29,776.1,41.64,41.91
2026-08-01 14:35:00,515,31.85,5.036,130.30,781.0,41.71,41.93
2026-08-01 14:36:00,516,32.01,5.227,129.55,772.9,41.37,41.66
2026-08-01 14:37:00,517,31.33,5.013,129.87,778.5,41.21,41.45
2026-08-01 14:38:00,518,32.11,5.102,129.07,791.4,41.83,41.92
2026-08-01 14:39:00,519,32.47,5.069,129.75,786.2,42.22,42.37
2026-08-01 14:40:00,520,31.17,5.141,130.20,784.5,40.94,41.12
2026-08-01 14:41:00,521,31.21,5.058,130.41,776.9,41.06,41.32
2026-08-01 14:42:00,522,32.31,5.093,129.64,773.3,41.88,42.18
2026-08-01 14:43:00,523,31.55,5.093,130.53,775.2,41.29,41.57
2026-08-01 14:44:00,524,32.34,5.041,129.24,781.4,42.04,42.25
2026-08-01 14:45:00,525,31.41,5.160,129.38,786.5,41.07,41.22
2026-08-01 14:46:00,526,32.35,5.133,130.35,786.2,42.06,42.21
2026-08-01 14:47:00,527,31.69,5.097,130.84,784.2,41.55,41.73
2026-08-01 14:48:00,528,31.75,5.060,130.25,775.6,41.51,41.78
2026-08-01 14:49:00,529,32.39,5.180,129.98,779.7,41.91,42.13
2026-08-01 14:50:00,530,31.43,5.074,128.90,777.2,41.08,41.33
2026-08-01 14:51:00,531,31.13,5.065,128.99,777.5,40.84,41.10
2026-08-01 14:52:00,532,31.37,5.103,130.06,790.6,41.25,41.35
2026-08-01 14:53:00,533,31.82,5.259,129.82,767.3,41.11,41.46
2026-08-01 14:54:00,534,30.80,4.953,129.45,776.1,40.78,41.05
2026-08-01 14:55:00,535,31.90,5.161,130.03,784.4,41.55,41.72
2026-08-01 14:56:00,536,31.31,4.892,130.06,767.9,41.31,41.68
2026-08-01 14:57:00,537,32.15,5.101,130.47,772.4,41.78,42.09
2026-08-01 14:58:00,538,30.37,5.234,130.07,772.7,39.92,40.23
2026-08-01 14:59:00,539,31.17,5.122,130.61,774.1,40.90,41.19
2026-08-01 15:00:00,540,30.71,5.088,130.00,765.4,40.39,40.78
2026-08-01 15:01:00,541,31.14,5.012,129.94,778.2,41.04,41.29
2026-08-01 15:02:00,542,31.67,5.068,130.53,778.2,41.48,41.73
2026-08-01 15:03:00,543,31.45,5.037,129.51,776.8,41.22,41.48
2026-08-01 15:04:00,544,31.41,4.981,131.41,768.1,41.37,41.74
2026-08-01 15:05:00,545,31.45,5.028,130.19,773.4,41.27,41.57
2026-08-01 15:06:00,546,31.63,5.074,130.19,767.1,41.27,41.65
2026-08-01 15:07:00,547,31.01,4.975,130.26,770.1,40.94,41.28
2026-08-01 15:08:00,548,31.87,4.968,130.94,784.6,41.95,42.13
2026-08-01 15:09:00,549,31.84,4.910,130.40,771.8,41.83,42.16
2026-08-01 15:10:00,550,31.69,5.082,129.20,763.7,41.19,41.59
2026-08-01 15:11:00,551,31.78,5.095,130.70,771.5,41.47,41.79
2026-08-01 15:12:00,552,31.64,5.061,129.83,761.9,41.21,41.64
2026-08-01 15:13:00,553,32.50,5.131,130.05,762.4,41.90,42.32
2026-08-01 15:14:00,554,31.44,5.041,129.36,762.9,41.03,41.45
2026-08-01 15:15:00,555,31.32,5.068,130.26,766.1,41.00,41.39
2026-08-01 15:16:00,556,31.09,5.057,129.67,774.0,40.85,41.14
2026-08-01 15:17:00,557,30.95,5.014,130.05,771.4,40.80,41.13
2026-08-01 15:18:00,558,30.84,4.968,129.86,770.6,40.76,41.09
2026-08-01 15:19:00,559,31.01,5.239,130.96,760.5,40.44,40.88
2026-08-01 15:20:00,560,31.41,4.970,130.99,763.4,41.30,41.72
2026-08-01 15:21:00,561,31.61,4.946,130.02,767.9,41.47,41.84
2026-08-01 15:22:00,562,31.46,5.053,130.03,762.1,41.09,41.52
2026-08-01 15:23:00,563,31.05,5.032,129.81,763.7,40.75,41.16
2026-08-01 15:24:00,564,31.87,4.864,130.55,767.6,41.91,42.29
2026-08-01 15:25:00,565,31.79,5.114,129.84,762.5,41.27,41.68
2026-08-01 15:26:00,566,31.33,4.989,129.79,765.5,41.10,41.49
2026-08-01 15:27:00,567,31.08,4.885,130.49,773.3,41.22,41.53
2026-08-01 15:28:00,568,31.67,5.112,129.73,762.3,41.15,41.58
2026-08-01 15:29:00,569,31.49,5.053,129.98,770.0,41.20,41.54
2026-08-01 15:30:00,570,30.66,4.861,129.21,765.9,40.67,41.07
2026-08-01 15:31:00,571,31.35,5.162,130.35,753.3,40.73,41.26
2026-08-01 15:32:00,572,31.51,5.048,130.97,755.1,41.15,41.66
2026-08-01 15:33:00,573,30.92,4.978,130.36,756.2,40.70,41.20
2026-08-01 15:34:00,574,31.46,5.135,130.73,755.7,40.94,41.44
2026-08-01 15:35:00,575,30.63,4.990,129.58,759.9,40.38,40.84
2026-08-01 15:36:00,576,32.02,4.968,130.12,763.7,41.77,42.18
2026-08-01 15:37:00,577,31.97,4.902,129.53,767.1,41.82,42.20
2026-08-01 15:38:00,578,31.21,5.023,129.89,761.0,40.89,41.33
2026-08-01 15:39:00,579,31.51,5.010,130.39,756.1,41.18,41.68
2026-08-01 15:40:00,580,30.12,4.961,130.05,745.8,39.85,40.49
2026-08-01 15:41:00,581,30.74,4.878,129.29,758.3,40.63,41.12
2026-08-01 15:42:00,582,31.17,4.967,129.34,757.7,40.85,41.34
2026-08-01 15:43:00,583,30.77,4.944,129.31,758.2,40.54,41.02
2026-08-01 15:44:00,584,31.66,4.815,130.25,769.3,41.80,42.16
2026-08-01 15:45:00,585,32.29,4.799,131.03,763.7,42.42,42.84
2026-08-01 15:46:00,586,30.70,5.000,130.68,760.5,40.54,41.00
2026-08-01 15:47:00,587,30.86,4.680,129.05,749.6,40.99,41.59
2026-08-01 15:48:00,588,31.39,4.958,130.71,751.9,41.14,41.70
2026-08-01 15:49:00,589,32.07,4.887,130.47,754.0,41.88,42.42
2026-08-01 15:50:00,590,30.65,5.063,129.23,749.5,40.12,40.69
2026-08-01 15:51:00,591,31.38,4.880,129.85,756.8,41.24,41.75
2026-08-01 15:52:00,592,32.16,4.993,130.55,755.5,41.80,42.31
2026-08-01 15:53:00,593,30.42,4.884,130.28,746.4,40.29,40.92
2026-08-01 15:54:00,594,30.60,4.933,129.35,759.7,40.43,40.89
2026-08-01 15:55:00,595,31.02,4.992,130.31,752.7,40.71,41.26
2026-08-01 15:56:00,596,30.96,4.869,128.93,741.3,40.61,41.30
2026-08-01 15:57:00,597,31.62,5.013,129.89,750.9,41.16,41.72
2026-08-01 15:58:00,598,31.33,4.811,130.57,752.5,41.35,41.91
2026-08-01 15:59:00,599,30.32,4.937,130.01,756.3,40.19,40.70
2026-08-01 16:00:00,600,31.45,4.997,129.75,748.0,40.99,41.59
2026-08-01 16:01:00,601,30.90,4.968,130.44,754.6,40.69,41.21
2026-08-01 16:02:00,602,31.82,5.091,130.49,750.3,41.26,41.82
2026-08-01 16:03:00,603,30.86,4.820,130.66,740.9,40.78,41.48
2026-08-01 16:04:00,604,30.85,4.756,130.44,739.8,40.85,41.58
2026-08-01 16:05:00,605,31.43,4.792,130.54,754.7,41.50,42.04
2026-08-01 16:06:00,606,31.54,4.954,130.37,754.7,41.28,41.80
2026-08-01 16:07:00,607,31.37,4.935,130.13,749.0,41.07,41.67
2026-08-01 16:08:00,608,30.30,4.893,130.04,755.6,40.25,40.77
2026-08-01 16:09:00,609,31.41,4.768,129.88,752.6,41.43,41.99
2026-08-01 16:10:00,610,30.61,4.954,129.39,749.9,40.29,40.87
2026-08-01 16:11:00,611,31.24,4.752,129.52,739.9,41.12,41.83
2026-08-01 16:12:00,612,30.40,4.988,129.86,755.4,40.15,40.67
2026-08-01 16:13:00,613,31.33,5.155,130.12,747.8,40.65,41.23
2026-08-01 16:14:00,614,30.70,4.904,130.72,741.9,40.49,41.18
2026-08-01 16:15:00,615,30.45,4.923,129.98,739.7,40.14,40.85
2026-08-01 16:16:00,616,31.44,4.812,130.50,744.9,41.35,42.00
2026-08-01 16:17:00,617,31.20,4.678,130.54,732.9,41.24,42.06
2026-08-01 16:18:00,618,30.77,4.796,129.88,746.7,40.73,41.36
2026-08-01 16:19:00,619,31.79,4.744,130.30,736.4,41.67,42.43
2026-08-01 16:20:00,620,30.84,4.706,129.88,743.9,40.93,41.61
2026-08-01 16:21:00,621,31.07,5.020,130.66,738.1,40.57,41.29
2026-08-01 16:22:00,622,31.18,4.873,130.32,739.2,40.91,41.63
2026-08-01 16:23:00,623,30.73,4.881,129.40,735.9,40.36,41.11
2026-08-01 16:24:00,624,31.27,4.809,130.08,739.0,41.08,41.81
2026-08-01 16:25:00,625,30.76,4.820,130.82,750.9,40.82,41.41
2026-08-01 16:26:00,626,30.81,4.932,129.91,747.5,40.53,41.15
2026-08-01 16:27:00,627,31.69,4.829,130.22,740.9,41.46,42.16
2026-08-01 16:28:00,628,30.48,4.883,130.27,738.2,40.25,40.98
2026-08-01 16:29:00,629,29.79,4.808,129.48,743.0,39.74,40.42
2026-08-01 16:30:00,630,31.79,4.790,130.26,744.3,41.67,42.33
2026-08-01 16:31:00,631,32.26,4.681,129.30,732.1,42.05,42.86
2026-08-01 16:32:00,632,30.77,4.622,129.69,736.2,40.92,41.70
2026-08-01 16:33:00,633,30.00,4.791,130.54,725.3,39.85,40.76
2026-08-01 16:34:00,634,30.80,4.820,130.18,742.6,40.70,41.38
2026-08-01 16:35:00,635,30.81,4.683,129.85,747.8,40.99,41.62
2026-08-01 16:36:00,636,30.85,4.806,130.22,735.5,40.68,41.45
2026-08-01 16:37:00,637,30.38,4.812,129.97,721.8,40.06,41.00
2026-08-01 16:38:00,638,31.22,4.588,130.01,737.8,41.44,42.21
2026-08-01 16:39:00,639,31.18,4.710,130.33,728.3,41.09,41.96
2026-08-01 16:40:00,640,30.17,4.840,129.64,729.4,39.88,40.72
2026-08-01 16:41:00,641,31.26,4.835,130.02,736.7,40.99,41.74
2026-08-01 16:42:00,642,31.93,4.678,129.84,734.0,41.84,42.63
2026-08-01 16:43:00,643,30.98,4.807,129.21,729.2,40.62,41.46
2026-08-01 16:44:00,644,30.72,4.891,129.54,727.8,40.25,41.10
2026-08-01 16:45:00,645,30.81,4.864,130.78,732.0,40.55,41.36
2026-08-01 16:46:00,646,31.18,4.774,130.19,728.4,40.95,41.81
2026-08-01 16:47:00,647,30.00,4.734,129.34,723.8,39.82,40.74
2026-08-01 16:48:00,648,30.94,4.716,129.23,728.0,40.74,41.61
2026-08-01 16:49:00,649,30.65,4.823,129.94,731.6,40.40,41.21
2026-08-01 16:50:00,650,31.76,4.793,130.78,728.1,41.50,42.36
2026-08-01 16:51:00,651,30.75,4.834,129.91,720.3,40.32,41.27
2026-08-01 16:52:00,652,31.66,4.782,130.65,734.3,41.48,42.27
2026-08-01 16:53:00,653,30.27,4.848,130.18,711.5,39.79,40.84
2026-08-01 16:54:00,654,31.10,4.773,130.24,724.8,40.84,41.75
2026-08-01 16:55:00,655,30.96,4.840,129.33,723.4,40.49,41.39
2026-08-01 16:56:00,656,30.36,4.846,130.47,727.6,40.10,40.96
2026-08-01 16:57:00,657,30.88,4.676,129.83,729.6,40.84,41.70
2026-08-01 16:58:00,658,31.38,4.573,130.43,732.6,41.60,42.43
2026-08-01 16:59:00,659,30.61,4.906,129.59,721.1,40.05,40.98
2026-08-01 17:00:00,660,29.92,4.775,130.09,728.5,39.80,40.67
2026-08-01 17:01:00,661,30.75,4.576,130.18,725.8,40.91,41.83
2026-08-01 17:02:00,662,30.30,4.673,129.92,713.9,40.14,41.20
2026-08-01 17:03:00,663,30.57,4.819,130.20,735.2,40.40,41.18
2026-08-01 17:04:00,664,30.69,4.712,129.87,714.7,40.43,41.46
2026-08-01 17:05:00,665,29.87,4.686,129.68,725.4,39.85,40.77
2026-08-01 17:06:00,666,29.91,4.875,130.80,724.8,39.64,40.54
2026-08-01 17:07:00,667,30.95,4.628,130.52,723.7,41.00,41.94
2026-08-01 17:08:00,668,30.44,4.651,129.62,718.7,40.34,41.34
2026-08-01 17:09:00,669,29.41,4.749,130.28,726.2,39.39,40.29
2026-08-01 17:10:00,670,31.08,4.765,129.63,711.5,40.62,41.68
2026-08-01 17:11:00,671,30.81,4.773,129.41,720.0,40.45,41.40
2026-08-01 17:12:00,672,30.31,4.812,130.52,716.6,39.99,40.99
2026-08-01 17:13:00,673,30.00,4.739,129.15,715.5,39.70,40.72
2026-08-01 17:14:00,674,31.07,4.765,130.46,721.7,40.82,41.76
2026-08-01 17:15:00,675,30.82,4.688,129.87,725.2,40.72,41.63
2026-08-01 17:16:00,676,31.83,4.718,129.89,716.3,41.46,42.47
2026-08-01 17:17:00,677,30.84,4.720,130.20,722.6,40.68,41.62
2026-08-01 17:18:00,678,30.82,4.729,130.29,717.8,40.59,41.59
2026-08-01 17:19:00,679,30.53,4.782,129.59,711.7,40.09,41.15
2026-08-01 17:20:00,680,31.02,4.758,130.36,715.1,40.69,41.71
2026-08-01 17:21:00,681,30.91,4.705,130.06,714.5,40.65,41.69
2026-08-01 17:22:00,682,31.22,4.618,129.37,711.7,40.99,42.07
2026-08-01 17:23:00,683,30.32,4.703,129.92,718.0,40.16,41.16
2026-08-01 17:24:00,684,30.36,4.691,130.69,716.4,40.27,41.30
2026-08-01 17:25:00,685,30.33,4.711,130.84,705.0,40.08,41.25
2026-08-01 17:26:00,686,30.95,4.910,130.36,704.3,40.23,41.36
2026-08-01 17:27:00,687,31.30,4.635,129.40,716.3,41.09,42.11
2026-08-01 17:28:00,688,30.31,4.728,130.25,708.4,40.02,41.14
2026-08-01 17:29:00,689,30.32,4.790,130.43,714.7,40.01,41.04
2026-08-01 17:30:00,690,30.68,4.691,130.36,717.2,40.54,41.55
2026-08-01 17:31:00,691,30.40,4.913,130.39,704.5,39.73,40.86
2026-08-01 17:32:00,692,30.99,4.639,130.18,703.2,40.72,41.91
2026-08-01 17:33:00,693,29.38,4.707,129.96,721.3,39.34,40.31
2026-08-01 17:34:00,694,30.08,4.593,129.70,712.9,40.07,41.15
2026-08-01 17:35:00,695,30.10,4.635,129.05,707.9,39.87,41.00
2026-08-01 17:36:00,696,29.32,4.693,130.17,704.4,39.13,40.31
2026-08-01 17:37:00,697,29.99,4.751,130.09,706.5,39.64,40.78
2026-08-01 17:38:00,698,30.00,4.696,130.28,702.0,39.72,40.93
2026-08-01 17:39:00,699,30.35,4.788,129.33,714.1,39.92,40.95
2026-08-01 17:40:00,700,31.00,4.651,130.32,703.7,40.73,41.92
2026-08-01 17:41:00,701,30.32,4.625,131.03,714.5,40.37,41.44
2026-08-01 17:42:00,702,29.91,4.927,130.04,705.1,39.24,40.37
2026-08-01 17:43:00,703,30.39,4.694,129.97,700.8,40.03,41.25
2026-08-01 17:44:00,704,30.94,4.580,130.15,704.1,40.80,41.99
2026-08-01 17:45:00,705,29.92,4.581,131.02,690.5,39.79,41.18
2026-08-01 17:46:00,706,29.94,4.554,129.49,705.1,39.90,41.09
2026-08-01 17:47:00,707,30.67,4.740,130.10,704.4,40.25,41.41
2026-08-01 17:48:00,708,30.27,4.608,129.60,709.9,40.16,41.28
2026-08-01 17:49:00,709,30.70,4.655,129.73,693.3,40.26,41.57
2026-08-01 17:50:00,710,30.36,4.634,129.98,711.1,40.24,41.34
2026-08-01 17:51:00,711,30.71,4.712,130.67,708.7,40.45,41.57
2026-08-01 17:52:00,712,29.83,4.552,130.90,710.8,40.02,41.15
2026-08-01 17:53:00,713,30.33,4.527,130.22,702.6,40.35,41.58
2026-08-01 17:54:00,714,30.23,4.655,129.81,708.6,40.03,41.16
2026-08-01 17:55:00,715,29.72,4.691,131.25,693.3,39.45,40.79
2026-08-01 17:56:00,716,29.53,4.662,129.79,705.9,39.36,40.53
2026-08-01 17:57:00,717,30.65,4.546,129.71,696.6,40.47,41.76
2026-08-01 17:58:00,718,30.12,4.693,129.11,690.9,39.58,40.91
2026-08-01 17:59:00,719,29.78,4.549,130.70,693.7,39.73,41.09
2026-08-01 18:00:00,720,30.23,4.569,130.48,700.0,40.16,41.42
2026-08-01 18:01:00,721,30.84,4.525,131.21,694.6,40.80,42.14
2026-08-01 18:02:00,722,29.13,4.748,129.31,701.4,38.73,39.93
2026-08-01 18:03:00,723,29.51,4.680,130.73,687.9,39.17,40.57
2026-08-01 18:04:00,724,29.79,4.675,130.04,685.6,39.33,40.75
2026-08-01 18:05:00,725,30.97,4.737,130.40,706.2,40.58,41.72
2026-08-01 18:06:00,726,30.37,4.892,129.18,702.9,39.61,40.75
2026-08-01 18:07:00,727,30.61,4.438,130.73,690.8,40.67,42.08
2026-08-01 18:08:00,728,29.65,4.534,130.39,696.6,39.65,40.97
2026-08-01 18:09:00,729,29.65,4.544,129.98,702.4,39.67,40.90
2026-08-01 18:10:00,730,30.42,4.519,130.32,698.3,40.40,41.69
2026-08-01 18:11:00,731,30.22,4.495,129.62,696.3,40.17,41.48
2026-08-01 18:12:00,732,30.46,4.571,129.71,701.6,40.31,41.53
2026-08-01 18:13:00,733,30.08,4.477,129.77,690.2,40.01,41.41
2026-08-01 18:14:00,734,30.31,4.631,129.07,694.4,39.90,41.20
2026-08-01 18:15:00,735,30.24,4.601,130.43,693.6,40.02,41.35
2026-08-01 18:16:00,736,30.54,4.642,130.60,691.7,40.20,41.55
2026-08-01 18:17:00,737,30.54,4.643,129.65,690.6,40.10,41.45
2026-08-01 18:18:00,738,29.32,4.651,130.17,692.9,39.06,40.40
2026-08-01 18:19:00,739,29.00,4.552,129.87,692.3,38.93,40.30
2026-08-01 18:20:00,740,30.62,4.800,130.16,685.4,39.87,41.25
2026-08-01 18:21:00,741,30.70,4.610,129.69,696.1,40.38,41.67
2026-08-01 18:22:00,742,29.59,4.398,129.56,685.0,39.64,41.13
2026-08-01 18:23:00,743,29.16,4.483,130.53,689.1,39.23,40.67
2026-08-01 18:24:00,744,30.13,4.407,129.97,688.2,40.19,41.64
2026-08-01 18:25:00,745,30.54,4.582,131.01,691.7,40.36,41.73
2026-08-01 18:26:00,746,30.97,4.566,130.02,676.5,40.49,42.03
2026-08-01 18:27:00,747,30.32,4.530,129.54,694.1,40.15,41.48
2026-08-01 18:28:00,748,29.86,4.777,130.61,684.3,39.26,40.67
2026-08-01 18:29:00,749,29.59,4.629,130.32,695.2,39.40,40.71
2026-08-01 18:30:00,750,30.04,4.645,130.36,684.6,39.64,41.08
2026-08-01 18:31:00,751,29.88,4.478,130.60,686.8,39.86,41.32
2026-08-01 18:32:00,752,29.51,4.470,129.67,698.1,39.61,40.91
2026-08-01 18:33:00,753,31.03,4.572,129.94,684.6,40.63,42.07
2026-08-01 18:34:00,754,30.89,4.584,129.91,693.3,40.59,41.91
2026-08-01 18:35:00,755,30.56,4.380,129.35,685.7,40.54,42.01
2026-08-01 18:36:00,756,29.52,4.546,129.87,687.5,39.35,40.77
2026-08-01 18:37:00,757,30.40,4.564,130.67,685.0,40.15,41.61
2026-08-01 18:38:00,758,30.29,4.540,130.12,689.3,40.10,41.49
2026-08-01 18:39:00,759,30.18,4.479,129.33,679.6,39.92,41.45
2026-08-01 18:40:00,760,30.57,4.505,129.22,677.4,40.18,41.73
2026-08-01 18:41:00,761,30.26,4.540,130.83,679.1,40.01,41.55
2026-08-01 18:42:00,762,30.30,4.565,129.95,683.1,39.97,41.44
2026-08-01 18:43:00,763,30.24,4.615,129.68,680.8,39.76,41.24
2026-08-01 18:44:00,764,30.09,4.662,129.86,685.9,39.62,41.03
2026-08-01 18:45:00,765,29.02,4.523,129.26,689.1,38.90,40.31
2026-08-01 18:46:00,766,29.94,4.506,130.71,675.0,39.72,41.33
2026-08-01 18:47:00,767,29.61,4.594,129.80,676.0,39.18,40.74
2026-08-01 18:48:00,768,29.24,4.610,130.68,671.4,38.84,40.48
2026-08-01 18:49:00,769,30.72,4.504,130.03,691.8,40.58,41.94
2026-08-01 18:50:00,770,30.73,4.626,130.71,681.0,40.29,41.77
2026-08-01 18:51:00,771,30.54,4.643,130.13,681.6,40.03,41.50
2026-08-01 18:52:00,772,29.98,4.673,130.43,670.3,39.35,40.97
2026-08-01 18:53:00,773,30.52,4.721,130.36,677.9,39.85,41.34
2026-08-01 18:54:00,774,29.84,4.455,130.31,680.6,39.77,41.31
2026-08-01 18:55:00,775,29.93,4.542,130.17,675.6,39.60,41.18
2026-08-01 18:56:00,776,29.27,4.541,129.88,683.1,39.07,40.56
2026-08-01 18:57:00,777,30.01,4.529,130.96,690.1,39.96,41.37
2026-08-01 18:58:00,778,29.83,4.473,129.55,670.2,39.51,41.17
2026-08-01 18:59:00,779,29.14,4.388,130.00,669.3,39.09,40.81
2026-08-01 19:00:00,780,29.76,4.545,130.01,669.7,39.35,41.00
2026-08-01 19:01:00,781,29.74,4.458,130.20,684.2,39.70,41.20
2026-08-01 19:02:00,782,30.67,4.542,129.79,680.4,40.29,41.79
2026-08-01 19:03:00,783,30.21,4.453,130.16,672.9,39.99,41.62
2026-08-01 19:04:00,784,29.76,4.422,129.92,673.6,39.63,41.27
2026-08-01 19:05:00,785,29.87,4.554,129.21,668.0,39.33,40.99
2026-08-01 19:06:00,786,29.76,4.545,130.00,677.8,39.45,41.00
2026-08-01 19:07:00,787,29.62,4.587,129.45,669.8,39.09,40.73
2026-08-01 19:08:00,788,29.18,4.746,129.13,670.1,38.37,39.96
2026-08-01 19:09:00,789,29.63,4.555,130.07,674.9,39.29,40.88
2026-08-01 19:10:00,790,29.33,4.574,130.24,669.7,38.92,40.58
2026-08-01 19:11:00,791,29.07,4.417,130.26,669.0,38.99,40.71
2026-08-01 19:12:00,792,29.94,4.396,130.28,670.1,39.84,41.53
2026-08-01 19:13:00,793,29.87,4.682,129.03,674.4,39.16,40.70
2026-08-01 19:14:00,794,28.77,4.430,129.32,679.0,38.74,40.31
2026-08-01 19:15:00,795,29.60,4.417,130.99,672.3,39.58,41.26
2026-08-01 19:16:00,796,30.15,4.517,129.48,673.2,39.75,41.35
2026-08-01 19:17:00,797,30.17,4.511,130.31,666.7,39.78,41.48
2026-08-01 19:18:00,798,30.15,4.429,129.66,663.3,39.80,41.57
2026-08-01 19:19:00,799,29.65,4.488,130.04,671.0,39.38,41.03
2026-08-01 19:20:00,800,29.20,4.641,129.68,667.7,38.60,40.26
2026-08-01 19:21:00,801,29.07,4.437,130.28,657.7,38.80,40.67
2026-08-01 19:22:00,802,29.77,4.377,130.07,663.9,39.62,41.41
2026-08-01 19:23:00,803,29.78,4.610,129.78,664.9,39.16,40.86
2026-08-01 19:24:00,804,30.23,4.564,129.47,661.9,39.59,41.32
2026-08-01 19:25:00,805,30.13,4.452,130.13,673.5,39.92,41.55
2026-08-01 19:26:00,806,29.50,4.355,129.39,667.0,39.40,41.14
2026-08-01 19:27:00,807,28.94,4.439,130.21,672.0,38.87,40.54
2026-08-01 19:28:00,808,29.39,4.507,131.31,664.9,39.15,40.91
2026-08-01 19:29:00,809,29.65,4.628,130.68,663.4,39.08,40.80
2026-08-01 19:30:00,810,29.44,4.408,130.36,656.9,39.19,41.07
2026-08-01 19:31:00,811,29.24,4.502,129.96,662.2,38.86,40.63
2026-08-01 19:32:00,812,29.65,4.578,129.03,661.7,38.99,40.72
2026-08-01 19:33:00,813,29.26,4.271,129.34,653.0,39.16,41.12
2026-08-01 19:34:00,814,29.19,4.612,130.64,657.6,38.61,40.42
2026-08-01 19:35:00,815,29.65,4.390,129.61,658.5,39.37,41.21
2026-08-01 19:36:00,816,29.29,4.541,129.65,662.5,38.80,40.55
2026-08-01 19:37:00,817,29.60,4.532,129.92,662.4,39.13,40.88
2026-08-01 19:38:00,818,29.61,4.615,129.47,655.7,38.85,40.66
2026-08-01 19:39:00,819,28.90,4.562,129.39,661.6,38.37,40.13
2026-08-01 19:40:00,820,29.22,4.268,129.97,657.2,39.24,41.16
2026-08-01 19:41:00,821,30.17,4.427,129.55,640.7,39.52,41.58
2026-08-01 19:42:00,822,28.86,4.519,129.63,654.6,38.35,40.22
2026-08-01 19:43:00,823,28.37,4.485,129.61,663.6,38.09,39.86
2026-08-01 19:44:00,824,28.49,4.552,130.26,646.6,37.91,39.89
2026-08-01 19:45:00,825,29.43,4.583,129.88,656.9,38.80,40.61
2026-08-01 19:46:00,826,29.42,4.565,129.91,665.3,38.94,40.65
2026-08-01 19:47:00,827,29.34,4.482,130.30,650.9,38.87,40.81
2026-08-01 19:48:00,828,30.00,4.319,129.93,655.0,39.81,41.73
2026-08-01 19:49:00,829,28.05,4.457,129.86,646.8,37.65,39.67
2026-08-01 19:50:00,830,29.58,4.544,130.24,663.9,39.13,40.87
2026-08-01 19:51:00,831,30.15,4.393,130.33,653.3,39.81,41.73
2026-08-01 19:52:00,832,28.80,4.565,129.93,653.6,38.22,40.10
2026-08-01 19:53:00,833,29.16,4.593,130.04,661.0,38.61,40.37
2026-08-01 19:54:00,834,28.97,4.514,129.61,656.5,38.48,40.32
2026-08-01 19:55:00,835,28.89,4.195,129.57,646.8,38.92,41.01
2026-08-01 19:56:00,836,29.17,4.373,130.38,647.8,38.89,40.91
2026-08-01 19:57:00,837,30.04,4.690,130.22,654.2,39.15,40.96
2026-08-01 19:58:00,838,30.23,4.446,130.23,647.1,39.69,41.67
2026-08-01 19:59:00,839,29.14,4.302,130.14,637.7,38.85,41.03
2026-08-01 20:00:00,840,30.25,4.624,130.02,649.7,39.39,41.27
2026-08-01 20:01:00,841,29.31,4.502,130.35,640.7,38.67,40.74
2026-08-01 20:02:00,842,30.16,4.611,130.47,658.9,39.49,41.27
2026-08-01 20:03:00,843,29.23,4.528,130.46,649.8,38.68,40.62
2026-08-01 20:04:00,844,29.33,4.546,129.95,642.9,38.60,40.62
2026-08-01 20:05:00,845,29.44,4.536,130.69,643.7,38.80,40.82
2026-08-01 20:06:00,846,30.84,4.570,130.11,636.2,39.86,41.92
2026-08-01 20:07:00,847,29.67,4.728,130.32,640.5,38.59,40.57
2026-08-01 20:08:00,848,28.88,4.597,130.14,652.8,38.25,40.13
2026-08-01 20:09:00,849,29.71,4.342,130.12,659.6,39.59,41.44
2026-08-01 20:10:00,850,29.04,4.545,129.63,650.2,38.41,40.32
2026-08-01 20:11:00,851,28.97,4.614,130.35,644.9,38.21,40.19
2026-08-01 20:12:00,852,29.66,4.620,131.42,642.4,38.89,40.91
2026-08-01 20:13:00,853,29.21,4.458,129.81,638.8,38.60,40.69
2026-08-01 20:14:00,854,29.33,4.617,130.04,656.5,38.66,40.47
2026-08-01 20:15:00,855,29.19,4.593,129.78,642.6,38.37,40.37
2026-08-01 20:16:00,856,29.34,4.758,129.76,656.0,38.39,40.16
2026-08-01 20:17:00,857,29.38,4.426,130.77,651.3,39.07,41.02
2026-08-01 20:18:00,858,28.19,4.450,129.66,632.1,37.58,39.79
2026-08-01 20:19:00,859,29.49,4.470,129.76,638.1,38.80,40.90
2026-08-01 20:20:00,860,28.65,4.452,129.21,637.7,38.03,40.14
2026-08-01 20:21:00,861,28.42,4.412,129.62,640.8,37.97,40.07
2026-08-01 20:22:00,862,29.10,4.225,129.15,640.5,38.92,41.07
2026-08-01 20:23:00,863,29.16,4.458,130.32,658.4,38.86,40.71
2026-08-01 20:24:00,864,28.77,4.539,131.40,633.5,38.11,40.29
2026-08-01 20:25:00,865,29.52,4.453,129.82,641.0,38.91,40.98
2026-08-01 20:26:00,866,28.43,4.696,129.17,642.9,37.44,39.40
2026-08-01 20:27:00,867,28.89,4.504,130.45,638.7,38.27,40.37
2026-08-01 20:28:00,868,28.79,4.632,129.64,639.0,37.88,39.91
2026-08-01 20:29:00,869,29.05,4.529,130.65,631.6,38.30,40.48
2026-08-01 20:30:00,870,29.21,4.586,129.86,638.1,38.35,40.41
2026-08-01 20:31:00,871,28.56,4.532,129.68,640.2,37.87,39.93
2026-08-01 20:32:00,872,29.42,4.641,129.91,638.6,38.45,40.48
2026-08-01 20:33:00,873,29.08,4.510,130.38,639.7,38.44,40.52
2026-08-01 20:34:00,874,28.10,4.555,129.89,644.3,37.48,39.49
2026-08-01 20:35:00,875,28.05,4.542,129.75,641.0,37.41,39.47
2026-08-01 20:36:00,876,29.02,4.477,129.90,635.4,38.35,40.49
2026-08-01 20:37:00,877,28.91,4.547,129.36,627.6,37.96,40.17
2026-08-01 20:38:00,878,28.96,4.730,130.20,630.6,37.80,39.92
2026-08-01 20:39:00,879,28.99,4.480,129.11,632.4,38.20,40.36
2026-08-01 20:40:00,880,29.11,4.550,129.78,634.8,38.27,40.39
2026-08-01 20:41:00,881,29.46,4.634,130.38,630.0,38.44,40.59
2026-08-01 20:42:00,882,28.43,4.623,130.15,626.9,37.45,39.67
2026-08-01 20:43:00,883,28.39,4.510,130.30,625.0,37.61,39.90
2026-08-01 20:44:00,884,28.42,4.272,129.97,621.8,38.03,40.45
2026-08-01 20:45:00,885,29.11,4.562,130.58,629.8,38.25,40.45
2026-08-01 20:46:00,886,29.58,4.289,130.46,622.0,39.09,41.49
2026-08-01 20:47:00,887,28.73,4.659,130.22,624.4,37.64,39.87
2026-08-01 20:48:00,888,27.69,4.529,130.46,627.6,36.99,39.25
2026-08-01 20:49:00,889,28.08,4.613,130.38,621.6,37.10,39.40
2026-08-01 20:50:00,890,28.51,4.423,129.78,631.4,37.92,40.15
2026-08-01 20:51:00,891,28.64,4.359,129.33,633.2,38.15,40.36
2026-08-01 20:52:00,892,28.71,4.541,130.21,625.0,37.83,40.10
2026-08-01 20:53:00,893,28.92,4.512,130.27,625.3,38.09,40.37
2026-08-01 20:54:00,894,28.74,4.467,130.55,630.7,38.11,40.34
2026-08-01 20:55:00,895,29.42,4.525,129.53,622.8,38.42,40.69
2026-08-01 20:56:00,896,28.55,4.794,129.55,622.0,37.15,39.35
2026-08-01 20:57:00,897,28.45,4.602,130.23,633.4,37.60,39.74
2026-08-01 20:58:00,898,29.11,4.624,129.96,631.1,38.11,40.25
2026-08-01 20:59:00,899,28.10,4.604,129.06,629.0,37.11,39.29
2026-08-01 21:00:00,900,29.05,4.668,130.19,630.6,37.99,40.13
2026-08-01 21:01:00,901,28.90,4.502,129.07,612.7,37.81,40.23
2026-08-01 21:02:00,902,28.77,4.317,129.53,632.3,38.35,40.60
2026-08-01 21:03:00,903,29.63,4.504,130.68,626.1,38.80,41.06
2026-08-01 21:04:00,904,28.52,4.605,130.91,629.4,37.67,39.87
2026-08-01 21:05:00,905,29.85,4.428,129.39,625.2,39.01,41.28
2026-08-01 21:06:00,906,28.70,4.508,129.84,622.8,37.83,40.13
2026-08-01 21:07:00,907,28.17,4.457,130.02,620.4,37.42,39.79
2026-08-01 21:08:00,908,28.84,4.678,130.89,623.9,37.75,40.00
2026-08-01 21:09:00,909,28.26,4.603,129.75,619.4,37.20,39.51
2026-08-01 21:10:00,910,28.41,4.594,129.76,626.0,37.44,39.67
2026-08-01 21:11:00,911,28.98,4.592,130.77,610.9,37.85,40.29
2026-08-01 21:12:00,912,29.05,4.527,129.81,616.8,38.03,40.39
2026-08-01 21:13:00,913,28.46,4.552,130.36,631.9,37.69,39.87
2026-08-01 21:14:00,914,29.26,4.414,129.26,615.4,38.35,40.77
2026-08-01 21:15:00,915,29.34,4.315,129.91,617.3,38.70,41.15
2026-08-01 21:16:00,916,29.47,4.550,129.17,613.0,38.26,40.64
2026-08-01 21:17:00,917,29.01,4.568,129.47,619.9,37.92,40.22
2026-08-01 21:18:00,918,29.42,4.658,130.42,613.1,38.14,40.50
2026-08-01 21:19:00,919,27.79,4.695,129.98,616.0,36.58,38.92
2026-08-01 21:20:00,920,28.57,4.696,129.84,621.8,37.35,39.60
2026-08-01 21:21:00,921,28.28,4.441,129.63,612.1,37.41,39.89
2026-08-01 21:22:00,922,28.77,4.506,129.89,620.6,37.87,40.20
2026-08-01 21:23:00,923,28.42,4.591,130.15,620.4,37.41,39.73
2026-08-01 21:24:00,924,28.62,4.797,130.49,621.3,37.28,39.51
2026-08-01 21:25:00,925,29.63,4.693,128.69,615.4,38.15,40.43
2026-08-01 21:26:00,926,28.60,4.658,129.58,633.6,37.58,39.68
2026-08-01 21:27:00,927,28.89,4.508,130.08,620.1,37.98,40.32
2026-08-01 21:28:00,928,28.56,4.460,129.95,615.3,37.69,40.12
2026-08-01 21:29:00,929,28.71,4.628,130.20,607.7,37.45,39.91
2026-08-01 21:30:00,930,28.66,4.441,130.13,611.9,37.80,40.28
2026-08-01 21:31:00,931,28.88,4.528,129.85,620.6,37.92,40.24
2026-08-01 21:32:00,932,29.23,4.542,129.74,621.9,38.23,40.51
2026-08-01 21:33:00,933,29.47,4.714,129.88,620.1,38.13,40.37
2026-08-01 21:34:00,934,28.79,4.520,130.57,615.5,37.85,40.26
2026-08-01 21:35:00,935,28.93,4.313,129.63,602.9,38.11,40.76
2026-08-01 21:36:00,936,28.05,4.609,129.97,612.9,36.93,39.34
2026-08-01 21:37:00,937,28.57,4.490,130.09,602.1,37.49,40.08
2026-08-01 21:38:00,938,29.08,4.565,130.78,600.2,37.85,40.44
2026-08-01 21:39:00,939,29.04,4.554,129.85,610.2,37.88,40.33
2026-08-01 21:40:00,940,28.71,4.536,130.48,611.5,37.68,40.14
2026-08-01 21:41:00,941,29.04,4.644,130.62,613.3,37.83,40.21
2026-08-01 21:42:00,942,28.83,4.413,129.97,610.5,37.97,40.48
2026-08-01 21:43:00,943,29.18,4.516,129.89,610.3,38.09,40.54
2026-08-01 21:44:00,944,28.72,4.638,129.84,600.8,37.32,39.86
2026-08-01 21:45:00,945,28.39,4.509,129.87,605.6,37.32,39.86
2026-08-01 21:46:00,946,28.73,4.411,130.43,596.8,37.73,40.45
2026-08-01 21:47:00,947,27.09,4.640,130.12,593.4,35.75,38.44
2026-08-01 21:48:00,948,28.75,4.687,130.12,609.4,37.40,39.81
2026-08-01 21:49:00,949,26.72,4.572,129.44,600.1,35.57,38.18
2026-08-01 21:50:00,950,27.68,4.382,129.52,609.4,36.92,39.48
2026-08-01 21:51:00,951,28.76,4.650,131.07,610.4,37.57,40.01
2026-08-01 21:52:00,952,28.77,4.415,129.91,599.6,37.75,40.41
2026-08-01 21:53:00,953,27.94,4.613,129.61,606.5,36.71,39.20
2026-08-01 21:54:00,954,28.16,4.495,130.72,598.5,37.11,39.78
2026-08-01 21:55:00,955,29.20,4.469,130.14,591.0,37.95,40.69
2026-08-01 21:56:00,956,28.27,4.543,130.29,602.4,37.13,39.71
2026-08-01 21:57:00,957,29.62,4.570,129.93,598.4,38.24,40.82
2026-08-01 21:58:00,958,28.50,4.526,129.84,598.2,37.28,39.91
2026-08-01 21:59:00,959,28.70,4.651,129.92,612.3,37.43,39.82
2026-08-01 22:00:00,960,29.29,4.549,129.31,590.8,37.82,40.50
2026-08-01 22:01:00,961,28.55,4.693,129.96,601.9,37.09,39.60
2026-08-01 22:02:00,962,27.97,4.625,130.15,593.2,36.59,39.26
2026-08-01 22:03:00,963,28.42,4.528,130.93,604.2,37.37,39.95
2026-08-01 22:04:00,964,28.45,4.513,130.04,600.1,37.30,39.91
2026-08-01 22:05:00,965,27.78,4.437,128.83,600.2,36.72,39.36
2026-08-01 22:06:00,966,28.33,4.632,129.95,591.8,36.86,39.53
2026-08-01 22:07:00,967,28.08,4.569,131.37,592.5,36.87,39.61
2026-08-01 22:08:00,968,28.91,4.369,130.43,602.2,38.04,40.70
2026-08-01 22:09:00,969,28.46,4.555,129.59,606.9,37.28,39.78
2026-08-01 22:10:00,970,28.29,4.520,130.30,598.7,37.15,39.79
2026-08-01 22:11:00,971,28.37,4.769,129.63,590.0,36.63,39.25
2026-08-01 22:12:00,972,28.53,4.443,129.32,597.0,37.40,40.07
2026-08-01 22:13:00,973,28.73,4.471,129.83,609.1,37.73,40.23
2026-08-01 22:14:00,974,27.91,4.728,130.05,594.8,36.37,38.97
2026-08-01 22:15:00,975,27.89,4.755,129.06,602.5,36.32,38.79
2026-08-01 22:16:00,976,28.96,4.546,129.43,588.9,37.50,40.22
2026-08-01 22:17:00,977,28.19,4.559,130.01,592.7,36.88,39.58
2026-08-01 22:18:00,978,27.68,4.686,129.80,596.2,36.23,38.83
2026-08-01 22:19:00,979,28.61,4.394,130.20,594.5,37.60,40.35
2026-08-01 22:20:00,980,28.61,4.442,129.39,587.1,37.35,40.15
2026-08-01 22:21:00,981,27.61,4.602,130.36,586.4,36.22,39.01
2026-08-01 22:22:00,982,28.49,4.787,129.41,596.8,36.78,39.30
2026-08-01 22:23:00,983,28.74,4.590,130.82,597.6,37.46,40.09
2026-08-01 22:24:00,984,28.55,4.646,129.14,599.1,37.07,39.62
2026-08-01 22:25:00,985,28.67,4.751,129.45,600.4,37.06,39.54
2026-08-01 22:26:00,986,27.65,4.850,130.21,590.0,35.89,38.51
2026-08-01 22:27:00,987,28.51,4.584,130.83,586.9,37.13,39.90
2026-08-01 22:28:00,988,28.19,4.642,130.16,596.4,36.80,39.42
2026-08-01 22:29:00,989,28.10,4.827,130.28,592.2,36.37,38.96
2026-08-01 22:30:00,990,28.77,4.495,130.01,581.6,37.37,40.24
2026-08-01 22:31:00,991,29.07,4.752,129.49,580.9,37.17,39.90
2026-08-01 22:32:00,992,29.22,4.549,129.75,589.6,37.78,40.49
2026-08-01 22:33:00,993,28.98,4.663,129.39,585.2,37.28,39.99
2026-08-01 22:34:00,994,28.26,4.631,129.36,585.7,36.68,39.41
2026-08-01 22:35:00,995,28.49,4.561,130.20,591.9,37.15,39.86
2026-08-01 22:36:00,996,28.69,4.561,129.44,589.6,37.24,39.96
2026-08-01 22:37:00,997,28.36,4.689,130.16,592.6,36.83,39.47
2026-08-01 22:38:00,998,28.36,4.763,129.35,572.6,36.39,39.23
2026-08-01 22:39:00,999,28.71,4.652,130.15,585.3,37.11,39.85
2026-08-01 22:40:00,1000,28.26,4.674,129.76,587.5,36.66,39.36
2026-08-01 22:41:00,1001,27.92,4.727,130.70,573.8,36.16,39.05
2026-08-01 22:42:00,1002,28.07,4.574,130.16,578.6,36.57,39.46
2026-08-01 22:43:00,1003,28.59,4.748,130.62,577.0,36.78,39.60
2026-08-01 22:44:00,1004,28.27,4.758,129.62,581.8,36.45,39.19
2026-08-01 22:45:00,1005,28.44,4.938,130.03,591.0,36.48,39.02
2026-08-01 22:46:00,1006,28.60,4.642,129.51,593.0,37.07,39.71
2026-08-01 22:47:00,1007,28.07,4.636,129.79,575.5,36.39,39.28
2026-08-01 22:48:00,1008,28.63,4.761,129.87,583.2,36.81,39.53
2026-08-01 22:49:00,1009,28.44,4.768,129.64,582.9,36.60,39.32
2026-08-01 22:50:00,1010,27.63,4.635,129.39,581.5,36.04,38.85
2026-08-01 22:51:00,1011,28.97,4.651,129.29,581.1,37.22,39.99
2026-08-01 22:52:00,1012,27.99,4.747,128.83,580.2,36.12,38.87
2026-08-01 22:53:00,1013,27.41,4.613,129.47,588.0,35.97,38.71
2026-08-01 22:54:00,1014,27.71,4.656,130.31,584.1,36.18,38.97
2026-08-01 22:55:00,1015,27.72,4.709,129.20,570.7,35.84,38.75
2026-08-01 22:56:00,1016,28.25,4.802,129.32,581.4,36.33,39.05
2026-08-01 22:57:00,1017,28.08,4.644,130.90,581.6,36.56,39.40
2026-08-01 22:58:00,1018,28.05,4.522,129.68,577.7,36.59,39.50
2026-08-01 22:59:00,1019,28.52,4.517,130.16,582.2,37.13,39.99
2026-08-01 23:00:00,1020,28.38,4.585,130.32,576.1,36.81,39.73
2026-08-01 23:01:00,1021,28.36,4.582,130.33,575.8,36.80,39.72
2026-08-01 23:02:00,1022,28.41,4.700,129.24,574.9,36.54,39.38
2026-08-01 23:03:00,1023,28.51,4.599,129.88,561.6,36.68,39.76
2026-08-01 23:04:00,1024,27.14,4.650,129.19,572.9,35.43,38.36
2026-08-01 23:05:00,1025,28.01,4.645,131.22,568.9,36.35,39.36
2026-08-01 23:06:00,1026,27.10,4.681,129.20,565.4,35.24,38.25
2026-08-01 23:07:00,1027,28.20,4.859,129.48,580.7,36.20,38.90
2026-08-01 23:08:00,1028,28.18,4.796,129.48,574.7,36.20,39.01
2026-08-01 23:09:00,1029,28.70,4.733,129.25,571.1,36.71,39.58
2026-08-01 23:10:00,1030,28.77,4.688,130.68,567.4,36.91,39.89
2026-08-01 23:11:00,1031,28.27,4.693,131.21,572.2,36.56,39.49
2026-08-01 23:12:00,1032,27.92,4.771,129.76,575.9,36.04,38.86
2026-08-01 23:13:00,1033,28.41,4.800,129.34,564.6,36.27,39.19
2026-08-01 23:14:00,1034,27.90,4.653,128.88,569.1,36.05,38.99
2026-08-01 23:15:00,1035,28.16,4.750,129.88,574.0,36.28,39.13
2026-08-01 23:16:00,1036,28.65,4.545,129.84,556.7,36.82,40.00
2026-08-01 23:17:00,1037,27.87,4.772,129.67,567.6,35.88,38.81
2026-08-01 23:18:00,1038,28.55,4.829,130.11,564.9,36.42,39.34
2026-08-01 23:19:00,1039,28.48,4.727,130.20,566.3,36.54,39.50
2026-08-01 23:20:00,1040,27.66,4.940,130.16,563.7,35.42,38.34
2026-08-01 23:21:00,1041,28.63,4.672,129.84,567.1,36.74,39.70
2026-08-01 23:22:00,1042,28.49,4.785,129.45,577.4,36.53,39.30
2026-08-01 23:23:00,1043,28.18,4.762,130.33,563.5,36.18,39.18
2026-08-01 23:24:00,1044,27.75,4.758,130.01,566.8,35.80,38.76
2026-08-01 23:25:00,1045,27.70,4.759,130.44,576.6,35.92,38.76
2026-08-01 23:26:00,1046,27.86,4.783,130.40,560.9,35.81,38.84
2026-08-01 23:27:00,1047,28.39,4.860,129.29,574.6,36.28,39.05
2026-08-01 23:28:00,1048,27.64,4.915,129.28,563.4,35.37,38.27
2026-08-01 23:29:00,1049,28.33,4.780,129.62,573.6,36.37,39.20
2026-08-01 23:30:00,1050,27.49,4.864,129.47,567.0,35.36,38.26
2026-08-01 23:31:00,1051,28.01,4.715,130.38,563.9,36.10,39.12
2026-08-01 23:32:00,1052,28.16,4.864,130.18,561.3,35.96,38.93
2026-08-01 23:33:00,1053,29.33,4.714,130.55,557.5,37.25,40.32
2026-08-01 23:34:00,1054,27.41,4.902,130.20,561.3,35.22,38.19
2026-08-01 23:35:00,1055,28.84,5.016,130.10,565.8,36.42,39.24
2026-08-01 23:36:00,1056,28.17,4.786,130.60,559.9,36.11,39.14
2026-08-01 23:37:00,1057,28.30,4.581,130.23,557.7,36.49,39.65
2026-08-01 23:38:00,1058,28.15,4.748,130.03,557.7,36.07,39.14
2026-08-01 23:39:00,1059,28.31,4.929,130.74,564.7,36.09,39.00
2026-08-01 23:40:00,1060,28.01,4.863,130.06,565.7,35.87,38.79
2026-08-01 23:41:00,1061,28.81,4.835,129.85,553.9,36.49,39.54
2026-08-01 23:42:00,1062,27.85,4.914,129.58,553.5,35.46,38.50
2026-08-01 23:43:00,1063,28.65,4.864,130.35,559.4,36.40,39.38
2026-08-01 23:44:00,1064,27.76,4.940,130.62,565.8,35.57,38.47
2026-08-01 23:45:00,1065,28.04,4.913,129.97,563.1,35.79,38.71
2026-08-01 23:46:00,1066,27.54,4.976,130.65,548.3,35.09,38.21
2026-08-01 23:47:00,1067,28.30,4.862,129.01,553.8,35.91,38.94
2026-08-01 23:48:00,1068,28.79,4.919,129.97,549.4,36.30,39.37
2026-08-01 23:49:00,1069,28.03,4.801,129.98,553.0,35.81,38.92
2026-08-01 23:50:00,1070,27.97,4.774,129.64,563.8,35.91,38.88
2026-08-01 23:51:00,1071,27.50,5.007,131.19,545.2,35.02,38.17
2026-08-01 23:52:00,1072,27.95,4.861,129.97,543.6,35.53,38.72
2026-08-01 23:53:00,1073,27.26,4.922,129.80,547.9,34.85,37.97
2026-08-01 23:54:00,1074,27.60,4.857,130.01,554.2,35.35,38.43
2026-08-01 23:55:00,1075,28.17,4.788,129.00,555.8,35.92,38.96
2026-08-01 23:56:00,1076,28.71,4.851,129.62,554.3,36.36,39.39
2026-08-01 23:57:00,1077,29.45,4.996,130.49,558.3,36.96,39.87
2026-08-01 23:58:00,1078,27.76,4.910,129.69,540.3,35.21,38.43
2026-08-01 23:59:00,1079,28.76,4.686,129.59,557.5,36.70,39.77
2026-08-02 00:00:00,1080,28.17,4.839,130.65,548.1,35.87,39.04
2026-08-02 00:01:00,1081,27.97,5.041,130.67,554.0,35.48,38.47
2026-08-02 00:02:00,1082,28.26,4.844,130.26,541.2,35.83,39.07
2026-08-02 00:03:00,1083,28.07,4.688,129.77,548.8,35.95,39.17
2026-08-02 00:04:00,1084,28.09,5.060,129.88,549.8,35.46,38.47
2026-08-02 00:05:00,1085,27.83,4.942,129.60,554.9,35.42,38.43
2026-08-02 00:06:00,1086,27.34,4.869,129.50,538.0,34.84,38.11
2026-08-02 00:07:00,1087,27.26,4.842,129.48,547.3,34.93,38.10
2026-08-02 00:08:00,1088,28.36,4.990,129.69,540.2,35.66,38.82
2026-08-02 00:09:00,1089,27.89,4.830,129.48,549.3,35.56,38.69
2026-08-02 00:10:00,1090,27.73,5.002,129.22,550.5,35.16,38.18
2026-08-02 00:11:00,1091,28.03,4.944,130.11,553.1,35.62,38.65
2026-08-02 00:12:00,1092,28.42,4.917,130.12,541.8,35.88,39.06
2026-08-02 00:13:00,1093,28.12,4.910,130.85,550.1,35.76,38.87
2026-08-02 00:14:00,1094,27.70,4.881,129.67,552.3,35.36,38.43
2026-08-02 00:15:00,1095,28.64,5.005,130.15,533.9,35.85,39.08
2026-08-02 00:16:00,1096,28.81,4.817,130.16,547.0,36.45,39.60
2026-08-02 00:17:00,1097,28.27,4.744,129.87,548.7,36.05,39.24
2026-08-02 00:18:00,1098,28.51,4.970,130.37,540.9,35.89,39.05
2026-08-02 00:19:00,1099,28.64,4.975,130.39,534.8,35.93,39.17
2026-08-02 00:20:00,1100,28.58,4.962,130.16,547.3,36.03,39.12
2026-08-02 00:21:00,1101,28.32,4.958,129.87,534.1,35.61,38.86
2026-08-02 00:22:00,1102,28.31,4.888,129.82,539.8,35.77,38.98
2026-08-02 00:23:00,1103,28.27,5.001,129.32,540.2,35.54,38.68
2026-08-02 00:24:00,1104,27.46,4.921,129.60,544.3,34.98,38.14
2026-08-02 00:25:00,1105,28.36,4.879,129.69,535.8,35.76,39.03
2026-08-02 00:26:00,1106,27.33,4.900,129.44,535.1,34.75,38.04
2026-08-02 00:27:00,1107,27.61,5.136,130.22,539.3,34.80,37.93
2026-08-02 00:28:00,1108,28.66,4.763,130.60,544.4,36.39,39.63
2026-08-02 00:29:00,1109,28.43,4.989,129.55,551.6,35.86,38.86
2026-08-02 00:30:00,1110,28.75,4.774,130.14,528.5,36.21,39.64
2026-08-02 00:31:00,1111,27.87,4.934,129.48,539.0,35.26,38.46
2026-08-02 00:32:00,1112,27.43,4.904,129.85,530.1,34.80,38.16
2026-08-02 00:33:00,1113,27.89,4.742,129.65,542.4,35.61,38.88
2026-08-02 00:34:00,1114,28.06,4.992,130.30,530.2,35.30,38.60
2026-08-02 00:35:00,1115,28.04,4.918,129.66,531.4,35.36,38.67
2026-08-02 00:36:00,1116,28.57,4.749,130.51,531.5,36.15,39.57
2026-08-02 00:37:00,1117,27.82,5.045,129.88,534.1,35.03,38.25
2026-08-02 00:38:00,1118,28.18,5.107,129.68,536.1,35.29,38.44
2026-08-02 00:39:00,1119,27.51,5.116,129.37,536.7,34.64,37.79
2026-08-02 00:40:00,1120,28.23,5.005,130.13,533.3,35.47,38.71
2026-08-02 00:41:00,1121,28.00,4.977,130.45,524.9,35.21,38.60
2026-08-02 00:42:00,1122,27.63,5.108,130.14,536.9,34.82,37.98
2026-08-02 00:43:00,1123,27.88,5.146,131.12,531.8,35.01,38.25
2026-08-02 00:44:00,1124,27.91,5.094,130.71,538.6,35.16,38.32
2026-08-02 00:45:00,1125,27.87,4.889,129.85,527.0,35.19,38.58
2026-08-02 00:46:00,1126,28.89,5.006,129.84,521.2,35.91,39.27
2026-08-02 00:47:00,1127,27.95,5.033,130.23,530.2,35.14,38.42
2026-08-02 00:48:00,1128,27.88,4.811,129.58,537.8,35.43,38.72
2026-08-02 00:49:00,1129,26.95,5.041,130.58,530.5,34.23,37.55
2026-08-02 00:50:00,1130,27.55,5.225,130.18,528.0,34.49,37.71
2026-08-02 00:51:00,1131,27.87,5.064,130.13,523.5,34.93,38.28
2026-08-02 00:52:00,1132,27.66,5.150,130.34,538.9,34.83,37.96
2026-08-02 00:53:00,1133,28.69,5.024,130.86,521.7,35.78,39.17
2026-08-02 00:54:00,1134,27.92,5.001,130.09,523.1,35.05,38.44
2026-08-02 00:55:00,1135,28.64,5.049,129.94,530.5,35.75,38.99
2026-08-02 00:56:00,1136,28.03,4.932,130.75,515.5,35.20,38.74
2026-08-02 00:57:00,1137,28.02,4.920,130.48,533.9,35.42,38.73
2026-08-02 00:58:00,1138,27.96,5.146,129.84,529.6,34.96,38.18
2026-08-02 00:59:00,1139,28.00,5.160,130.00,530.8,35.02,38.22
2026-08-02 01:00:00,1140,28.86,4.926,130.10,528.3,36.10,39.43
2026-08-02 01:01:00,1141,26.84,5.125,130.18,523.6,33.90,37.25
2026-08-02 01:02:00,1142,27.00,5.022,129.32,517.8,34.05,37.50
2026-08-02 01:03:00,1143,27.73,5.067,129.23,522.9,34.73,38.06
2026-08-02 01:04:00,1144,28.01,5.082,129.56,517.5,34.93,38.32
2026-08-02 01:05:00,1145,28.35,5.138,129.52,525.8,35.27,38.52
2026-08-02 01:06:00,1146,28.24,5.050,129.68,527.3,35.31,38.60
2026-08-02 01:07:00,1147,27.81,5.185,130.32,530.9,34.83,38.03
2026-08-02 01:08:00,1148,28.51,5.078,129.92,523.9,35.50,38.81
2026-08-02 01:09:00,1149,28.52,5.112,130.10,526.8,35.52,38.78
2026-08-02 01:10:00,1150,28.10,4.969,129.39,519.1,35.16,38.59
2026-08-02 01:11:00,1151,28.49,5.271,129.77,517.5,35.16,38.44
2026-08-02 01:12:00,1152,28.14,5.105,130.29,522.8,35.14,38.47
2026-08-02 01:13:00,1153,27.73,5.132,130.30,517.3,34.65,38.05
2026-08-02 01:14:00,1154,28.36,4.903,129.64,520.8,35.53,38.98
2026-08-02 01:15:00,1155,28.07,4.984,130.08,512.4,35.07,38.60
2026-08-02 01:16:00,1156,28.01,5.193,131.10,513.0,34.84,38.27
2026-08-02 01:17:00,1157,28.75,5.101,129.99,521.7,35.67,38.99
2026-08-02 01:18:00,1158,26.79,4.883,129.65,522.8,34.13,37.61
2026-08-02 01:19:00,1159,27.30,5.181,129.91,511.2,34.09,37.54
2026-08-02 01:20:00,1160,27.42,5.026,130.05,520.7,34.52,37.94
2026-08-02 01:21:00,1161,27.83,5.224,129.92,513.1,34.56,37.94
2026-08-02 01:22:00,1162,27.89,5.077,129.98,515.9,34.83,38.26
2026-08-02 01:23:00,1163,27.26,5.109,129.28,523.9,34.26,37.57
2026-08-02 01:24:00,1164,27.53,5.209,129.52,519.8,34.34,37.65
2026-08-02 01:25:00,1165,27.59,5.004,129.93,519.4,34.68,38.12
2026-08-02 01:26:00,1166,29.25,4.997,129.92,525.6,36.32,39.62
2026-08-02 01:27:00,1167,28.92,5.080,129.72,509.5,35.69,39.16
2026-08-02 01:28:00,1168,27.82,5.185,129.91,507.4,34.52,38.00
2026-08-02 01:29:00,1169,27.84,4.972,130.03,508.6,34.83,38.42
2026-08-02 01:30:00,1170,27.45,4.941,130.44,511.0,34.57,38.17
2026-08-02 01:31:00,1171,27.07,5.193,129.95,498.0,33.70,37.32
2026-08-02 01:32:00,1172,27.97,5.053,130.20,510.4,34.88,38.40
2026-08-02 01:33:00,1173,27.53,5.076,129.73,508.0,34.38,37.92
2026-08-02 01:34:00,1174,27.99,4.933,130.29,515.5,35.13,38.66
2026-08-02 01:35:00,1175,27.23,5.053,130.19,512.5,34.22,37.74
2026-08-02 01:36:00,1176,27.65,5.123,130.43,506.4,34.46,38.01
2026-08-02 01:37:00,1177,28.11,5.220,130.36,513.1,34.85,38.24
2026-08-02 01:38:00,1178,28.22,5.052,130.29,513.5,35.16,38.64
2026-08-02 01:39:00,1179,28.25,5.298,129.95,504.1,34.75,38.19
2026-08-02 01:40:00,1180,27.38,5.066,130.12,505.4,34.25,37.84
2026-08-02 01:41:00,1181,28.47,5.069,130.53,494.6,35.15,38.86
2026-08-02 01:42:00,1182,27.64,5.294,129.67,501.0,34.13,37.63
2026-08-02 01:43:00,1183,28.36,5.164,129.69,502.6,34.98,38.50
2026-08-02 01:44:00,1184,28.04,5.090,130.09,507.1,34.85,38.39
2026-08-02 01:45:00,1185,27.36,5.132,130.21,500.6,34.09,37.71
2026-08-02 01:46:00,1186,27.89,5.286,129.59,502.8,34.39,37.86
2026-08-02 01:47:00,1187,28.24,5.300,129.96,498.1,34.66,38.18
2026-08-02 01:48:00,1188,28.36,5.074,129.95,506.0,35.15,38.69
2026-08-02 01:49:00,1189,27.99,5.154,128.89,507.1,34.64,38.10
2026-08-02 01:50:00,1190,28.83,5.170,129.89,506.6,35.47,38.93
2026-08-02 01:51:00,1191,28.57,5.065,129.92,503.8,35.32,38.89
2026-08-02 01:52:00,1192,27.94,5.161,129.92,494.1,34.49,38.15
2026-08-02 01:53:00,1193,28.44,5.169,130.71,499.2,35.07,38.66
2026-08-02 01:54:00,1194,29.04,5.286,129.39,500.1,35.42,38.87
2026-08-02 01:55:00,1195,29.05,5.295,129.59,499.7,35.43,38.89
2026-08-02 01:56:00,1196,27.46,5.144,128.69,502.1,34.09,37.62
2026-08-02 01:57:00,1197,27.61,5.158,129.76,509.8,34.38,37.84
2026-08-02 01:58:00,1198,28.82,5.248,129.80,505.7,35.35,38.78
2026-08-02 01:59:00,1199,27.55,5.126,129.75,494.5,34.17,37.84
2026-08-02 02:00:00,1200,27.42,5.246,130.55,504.1,34.07,37.60
2026-08-02 02:01:00,1201,27.84,5.181,130.43,503.4,34.53,38.08
2026-08-02 02:02:00,1202,28.30,5.095,130.04,494.3,34.92,38.60
2026-08-02 02:03:00,1203,28.04,5.099,129.81,503.8,34.78,38.34
2026-08-02 02:04:00,1204,27.77,5.342,130.51,497.4,34.20,37.74
2026-08-02 02:05:00,1205,27.76,5.184,129.99,489.5,34.24,37.95
2026-08-02 02:06:00,1206,27.74,5.366,129.59,500.2,34.13,37.58
2026-08-02 02:07:00,1207,27.66,5.154,129.14,498.4,34.25,37.83
2026-08-02 02:08:00,1208,29.24,5.237,129.78,495.3,35.63,39.18
2026-08-02 02:09:00,1209,28.25,5.449,130.38,496.0,34.52,37.99
2026-08-02 02:10:00,1210,28.55,5.107,131.14,491.5,35.18,38.92
2026-08-02 02:11:00,1211,27.87,5.025,130.03,499.1,34.66,38.34
2026-08-02 02:12:00,1212,28.02,5.346,129.62,494.7,34.35,37.87
2026-08-02 02:13:00,1213,27.76,5.137,129.41,495.6,34.34,37.98
2026-08-02 02:14:00,1214,26.79,5.220,130.28,496.3,33.40,37.05
2026-08-02 02:15:00,1215,27.43,5.166,129.12,486.8,33.87,37.60
2026-08-02 02:16:00,1216,27.22,5.254,130.28,488.0,33.66,37.37
2026-08-02 02:17:00,1217,27.00,5.135,130.41,479.7,33.50,37.40
2026-08-02 02:18:00,1218,27.53,5.214,130.22,495.9,34.09,37.72
2026-08-02 02:19:00,1219,28.80,5.280,129.89,484.8,35.05,38.71
2026-08-02 02:20:00,1220,28.11,5.137,130.28,492.5,34.69,38.39
2026-08-02 02:21:00,1221,28.78,5.170,130.09,493.5,35.28,38.91
2026-08-02 02:22:00,1222,28.35,5.207,129.61,494.4,34.81,38.40
2026-08-02 02:23:00,1223,28.54,5.102,130.93,483.2,35.05,38.89
2026-08-02 02:24:00,1224,27.70,5.205,129.82,489.6,34.16,37.84
2026-08-02 02:25:00,1225,28.41,5.261,130.39,499.6,34.92,38.45
2026-08-02 02:26:00,1226,28.52,5.212,128.79,499.5,34.97,38.47
2026-08-02 02:27:00,1227,27.87,5.227,130.64,494.7,34.41,38.04
2026-08-02 02:28:00,1228,28.44,5.255,130.73,490.4,34.86,38.52
2026-08-02 02:29:00,1229,28.45,5.193,130.01,481.9,34.79,38.56
2026-08-02 02:30:00,1230,27.89,5.331,130.28,491.8,34.25,37.85
2026-08-02 02:31:00,1231,27.61,5.407,130.28,486.1,33.83,37.46
2026-08-02 02:32:00,1232,27.58,5.220,129.68,490.0,34.03,37.70
2026-08-02 02:33:00,1233,28.22,5.317,130.27,482.5,34.46,38.17
2026-08-02 02:34:00,1234,28.34,5.247,129.60,484.8,34.64,38.33
2026-08-02 02:35:00,1235,27.79,5.310,129.70,486.4,34.08,37.73
2026-08-02 02:36:00,1236,28.20,5.432,130.56,486.5,34.38,37.99
2026-08-02 02:37:00,1237,28.48,5.329,130.49,487.5,34.76,38.40
2026-08-02 02:38:00,1238,28.50,5.103,129.65,480.7,34.91,38.73
2026-08-02 02:39:00,1239,28.98,5.328,129.63,475.7,35.04,38.77
2026-08-02 02:40:00,1240,28.84,5.408,129.68,493.1,35.03,38.52
2026-08-02 02:41:00,1241,27.71,5.265,130.37,497.9,34.23,37.80
2026-08-02 02:42:00,1242,29.05,5.389,129.50,485.2,35.15,38.72
2026-08-02 02:43:00,1243,27.95,5.222,130.18,474.1,34.20,38.07
2026-08-02 02:44:00,1244,28.74,5.145,130.37,477.0,35.08,38.94
2026-08-02 02:45:00,1245,28.26,5.310,129.96,484.3,34.50,38.18
2026-08-02 02:46:00,1246,28.02,5.123,130.51,488.9,34.59,38.35
2026-08-02 02:47:00,1247,27.33,5.276,129.85,473.1,33.52,37.39
2026-08-02 02:48:00,1248,28.15,5.431,129.89,479.3,34.21,37.87
2026-08-02 02:49:00,1249,27.46,5.114,129.51,480.8,33.91,37.76
2026-08-02 02:50:00,1250,28.72,5.179,130.51,484.4,35.13,38.88
2026-08-02 02:51:00,1251,29.00,5.206,129.62,476.7,35.21,39.00
2026-08-02 02:52:00,1252,27.85,5.305,130.17,469.0,33.95,37.84
2026-08-02 02:53:00,1253,28.40,5.277,129.96,481.6,34.65,38.37
2026-08-02 02:54:00,1254,27.89,5.456,129.47,484.2,33.98,37.57
2026-08-02 02:55:00,1255,27.95,5.413,129.70,476.6,33.99,37.70
2026-08-02 02:56:00,1256,28.65,5.370,130.69,479.1,34.79,38.51
2026-08-02 02:57:00,1257,28.25,5.337,130.10,473.4,34.35,38.14
2026-08-02 02:58:00,1258,29.14,5.364,129.50,470.8,35.09,38.85
2026-08-02 02:59:00,1259,28.04,5.240,130.15,481.6,34.36,38.12
2026-08-02 03:00:00,1260,28.78,5.414,129.93,477.3,34.80,38.48
2026-08-02 03:01:00,1261,28.34,5.219,131.73,477.5,34.71,38.58
2026-08-02 03:02:00,1262,28.69,5.416,130.14,483.2,34.79,38.41
2026-08-02 03:03:00,1263,28.07,5.453,129.81,467.4,33.97,37.76
2026-08-02 03:04:00,1264,28.27,5.358,130.71,470.0,34.34,38.19
2026-08-02 03:05:00,1265,28.25,5.321,129.08,473.9,34.30,38.07
2026-08-02 03:06:00,1266,27.89,5.381,130.05,469.1,33.91,37.74
2026-08-02 03:07:00,1267,28.64,5.057,131.00,476.8,35.13,39.08
2026-08-02 03:08:00,1268,28.64,5.375,129.94,470.5,34.63,38.42
2026-08-02 03:09:00,1269,28.62,5.336,129.13,465.3,34.54,38.38
2026-08-02 03:10:00,1270,29.09,5.344,129.80,471.2,35.09,38.87
2026-08-02 03:11:00,1271,29.06,5.422,130.73,471.4,35.03,38.79
2026-08-02 03:12:00,1272,28.15,5.345,130.19,475.6,34.27,38.05
2026-08-02 03:13:00,1273,28.53,5.241,129.58,471.9,34.66,38.50
2026-08-02 03:14:00,1274,28.03,5.343,129.66,471.9,34.09,37.89
2026-08-02 03:15:00,1275,28.36,5.365,129.72,470.7,34.36,38.16
2026-08-02 03:16:00,1276,28.05,5.372,130.18,467.2,34.05,37.92
2026-08-02 03:17:00,1277,29.17,5.379,130.67,463.6,35.08,38.96
2026-08-02 03:18:00,1278,28.55,5.468,130.53,469.2,34.46,38.24
2026-08-02 03:19:00,1279,28.26,5.258,130.23,465.1,34.35,38.30
2026-08-02 03:20:00,1280,28.97,5.386,129.33,476.8,34.97,38.64
2026-08-02 03:21:00,1281,27.29,5.499,129.34,474.3,33.24,36.94
2026-08-02 03:22:00,1282,27.38,5.199,130.27,469.6,33.64,37.61
2026-08-02 03:23:00,1283,28.79,5.392,129.33,467.7,34.68,38.46
2026-08-02 03:24:00,1284,28.42,5.317,129.89,464.5,34.41,38.31
2026-08-02 03:25:00,1285,28.52,5.340,130.15,457.0,34.40,38.39
2026-08-02 03:26:00,1286,27.74,5.289,129.43,462.9,33.75,37.70
2026-08-02 03:27:00,1287,28.40,5.364,129.49,464.4,34.31,38.17
2026-08-02 03:28:00,1288,29.41,5.567,129.95,464.7,35.10,38.81
2026-08-02 03:29:00,1289,28.83,5.258,130.25,465.7,34.89,38.81
2026-08-02 03:30:00,1290,28.51,5.270,130.53,468.0,34.62,38.53
2026-08-02 03:31:00,1291,28.21,5.258,130.30,457.9,34.21,38.26
2026-08-02 03:32:00,1292,28.24,5.563,130.04,457.6,33.91,37.76
2026-08-02 03:33:00,1293,27.37,5.345,129.63,470.0,33.44,37.29
2026-08-02 03:34:00,1294,28.57,5.391,129.46,465.5,34.46,38.28
2026-08-02 03:35:00,1295,28.87,5.355,129.74,458.1,34.71,38.64
2026-08-02 03:36:00,1296,27.67,5.302,130.20,459.4,33.67,37.69
2026-08-02 03:37:00,1297,28.13,5.375,130.17,459.0,34.02,37.98
2026-08-02 03:38:00,1298,27.89,5.646,128.95,459.4,33.46,37.22
2026-08-02 03:39:00,1299,27.99,5.541,129.61,461.6,33.72,37.53
2026-08-02 03:40:00,1300,28.50,5.318,130.60,473.5,34.64,38.45
2026-08-02 03:41:00,1301,27.44,5.470,130.04,459.1,33.27,37.19
2026-08-02 03:42:00,1302,28.79,5.324,129.29,461.5,34.68,38.58
2026-08-02 03:43:00,1303,28.87,5.231,131.18,447.0,34.78,38.99
2026-08-02 03:44:00,1304,28.37,5.512,129.99,453.8,34.04,37.96
2026-08-02 03:45:00,1305,27.26,5.528,130.19,463.6,33.11,36.95
2026-08-02 03:46:00,1306,28.01,5.518,130.20,458.2,33.76,37.64
2026-08-02 03:47:00,1307,29.13,5.368,129.82,429.1,34.59,38.86
2026-08-02 03:48:00,1308,27.13,5.400,129.64,459.0,33.03,36.98
2026-08-02 03:49:00,1309,28.35,5.493,131.06,466.1,34.25,38.07
2026-08-02 03:50:00,1310,27.94,5.458,130.50,442.2,33.58,37.70
2026-08-02 03:51:00,1311,28.94,5.381,130.41,462.9,34.84,38.72
2026-08-02 03:52:00,1312,28.20,5.260,130.29,436.7,33.95,38.25
2026-08-02 03:53:00,1313,28.75,5.435,129.50,458.5,34.50,38.38
2026-08-02 03:54:00,1314,28.84,5.533,130.64,452.4,34.48,38.41
2026-08-02 03:55:00,1315,29.48,5.307,129.58,438.0,35.08,39.25
2026-08-02 03:56:00,1316,28.46,5.492,130.14,454.3,34.16,38.09
2026-08-02 03:57:00,1317,28.76,5.463,129.18,458.2,34.46,38.31
2026-08-02 03:58:00,1318,27.83,5.506,128.98,453.0,33.47,37.39
2026-08-02 03:59:00,1319,29.18,5.520,130.16,453.9,34.81,38.69
2026-08-02 04:00:00,1320,28.21,5.364,129.60,447.5,33.94,38.01
2026-08-02 04:01:00,1321,28.31,5.273,129.01,438.4,33.98,38.20
2026-08-02 04:02:00,1322,28.59,5.383,130.27,453.3,34.38,38.39
2026-08-02 04:03:00,1323,27.83,5.527,131.06,459.2,33.64,37.54
2026-08-02 04:04:00,1324,28.73,5.385,130.69,455.1,34.56,38.55
2026-08-02 04:05:00,1325,29.10,5.371,129.87,436.0,34.65,38.83
2026-08-02 04:06:00,1326,28.77,5.260,130.00,438.4,34.49,38.73
2026-08-02 04:07:00,1327,27.84,5.618,130.44,442.0,33.32,37.35
2026-08-02 04:08:00,1328,28.58,5.527,130.56,437.1,34.05,38.17
2026-08-02 04:09:00,1329,29.01,5.523,129.83,446.5,34.54,38.51
2026-08-02 04:10:00,1330,27.71,5.544,130.02,448.2,33.32,37.31
2026-08-02 04:11:00,1331,28.12,5.506,130.15,436.8,33.61,37.75
2026-08-02 04:12:00,1332,29.10,5.425,130.28,449.7,34.78,38.78
2026-08-02 04:13:00,1333,28.80,5.434,129.93,448.2,34.45,38.47
2026-08-02 04:14:00,1334,28.88,5.409,129.94,440.9,34.47,38.58
2026-08-02 04:15:00,1335,29.61,5.716,130.69,442.7,34.93,38.84
2026-08-02 04:16:00,1336,28.92,5.510,130.60,431.6,34.33,38.52
2026-08-02 04:17:00,1337,29.02,5.409,130.24,440.9,34.62,38.73
2026-08-02 04:18:00,1338,30.05,5.503,130.86,442.5,35.56,39.58
2026-08-02 04:19:00,1339,28.60,5.356,129.81,443.1,34.27,38.40
2026-08-02 04:20:00,1340,28.31,5.609,130.81,443.9,33.82,37.83
2026-08-02 04:21:00,1341,28.93,5.394,130.27,442.7,34.57,38.68
2026-08-02 04:22:00,1342,28.94,5.511,131.64,439.2,34.50,38.63
2026-08-02 04:23:00,1343,28.47,5.569,129.40,442.1,33.91,37.90
2026-08-02 04:24:00,1344,28.22,5.501,129.66,446.0,33.80,37.81
2026-08-02 04:25:00,1345,29.90,5.473,130.21,439.0,35.36,39.42
2026-08-02 04:26:00,1346,28.91,5.466,130.20,441.1,34.46,38.54
2026-08-02 04:27:00,1347,28.39,5.460,130.98,437.6,33.97,38.15
2026-08-02 04:28:00,1348,29.22,5.409,129.67,434.5,34.70,38.86
2026-08-02 04:29:00,1349,28.72,5.423,130.45,441.1,34.33,38.46
2026-08-02 04:30:00,1350,28.65,5.617,130.58,434.2,34.01,38.10
2026-08-02 04:31:00,1351,29.06,5.459,130.35,439.4,34.60,38.70
2026-08-02 04:32:00,1352,28.14,5.392,129.52,436.8,33.71,37.90
2026-08-02 04:33:00,1353,28.97,5.420,130.70,434.4,34.51,38.72
2026-08-02 04:34:00,1354,29.76,5.583,130.61,433.9,35.09,39.16
2026-08-02 04:35:00,1355,29.04,5.541,130.30,432.4,34.41,38.55
2026-08-02 04:36:00,1356,28.63,5.531,130.10,425.1,33.93,38.17
2026-08-02 04:37:00,1357,28.57,5.450,130.11,436.9,34.09,38.25
2026-08-02 04:38:00,1358,28.62,5.534,129.96,435.6,34.04,38.15
2026-08-02 04:39:00,1359,28.71,5.413,130.32,438.8,34.30,38.45
2026-08-02 04:40:00,1360,28.65,5.452,130.02,430.1,34.09,38.31
2026-08-02 04:41:00,1361,29.31,5.576,129.58,444.3,34.73,38.67
2026-08-02 04:42:00,1362,27.99,5.567,129.48,430.2,33.32,37.48
2026-08-02 04:43:00,1363,29.30,5.382,129.62,426.8,34.70,38.97
2026-08-02 04:44:00,1364,28.68,5.395,130.11,425.7,34.12,38.44
2026-08-02 04:45:00,1365,29.07,5.493,129.99,420.8,34.33,38.62
2026-08-02 04:46:00,1366,28.32,5.655,130.11,440.0,33.70,37.70
2026-08-02 04:47:00,1367,29.56,5.292,130.25,438.6,35.21,39.41
2026-08-02 04:48:00,1368,29.52,5.512,129.69,433.6,34.87,38.97
2026-08-02 04:49:00,1369,29.39,5.347,130.73,424.2,34.85,39.21
2026-08-02 04:50:00,1370,28.16,5.422,129.87,440.0,33.75,37.89
2026-08-02 04:51:00,1371,29.33,5.450,129.78,426.6,34.68,38.91
2026-08-02 04:52:00,1372,29.13,5.445,130.24,426.7,34.51,38.77
2026-08-02 04:53:00,1373,28.13,5.434,129.08,436.5,33.63,37.78
2026-08-02 04:54:00,1374,28.93,5.489,129.60,431.5,34.31,38.46
2026-08-02 04:55:00,1375,29.13,5.435,130.49,440.3,34.70,38.81
2026-08-02 04:56:00,1376,29.23,5.343,129.13,428.2,34.67,38.93
2026-08-02 04:57:00,1377,29.05,5.568,130.56,423.9,34.31,38.54
2026-08-02 04:58:00,1378,29.11,5.565,130.76,422.2,34.36,38.62
2026-08-02 04:59:00,1379,29.71,5.575,129.82,414.3,34.78,39.06
2026-08-02 05:00:00,1380,29.60,5.337,130.15,423.3,35.01,39.36
2026-08-02 05:01:00,1381,27.56,5.522,130.56,431.5,33.03,37.26
2026-08-02 05:02:00,1382,28.84,5.560,129.77,427.8,34.12,38.29
2026-08-02 05:03:00,1383,28.92,5.390,130.43,423.9,34.35,38.70
2026-08-02 05:04:00,1384,28.14,5.494,129.66,417.4,33.39,37.74
2026-08-02 05:05:00,1385,29.07,5.482,129.76,424.3,34.37,38.61
2026-08-02 05:06:00,1386,29.65,5.678,129.60,428.6,34.79,38.83
2026-08-02 05:07:00,1387,28.49,5.687,130.17,424.7,33.66,37.82
2026-08-02 05:08:00,1388,29.21,5.328,130.58,422.7,34.67,39.07
2026-08-02 05:09:00,1389,28.59,5.745,129.91,416.5,33.60,37.80
2026-08-02 05:10:00,1390,28.72,5.404,129.36,426.0,34.11,38.39
2026-08-02 05:11:00,1391,29.80,5.594,129.46,401.6,34.69,39.08
2026-08-02 05:12:00,1392,28.80,5.593,130.20,422.3,34.01,38.24
2026-08-02 05:13:00,1393,29.31,5.397,130.92,435.0,34.87,39.08
2026-08-02 05:14:00,1394,28.15,5.546,130.20,410.1,33.29,37.72
2026-08-02 05:15:00,1395,30.02,5.487,129.81,417.3,35.19,39.48
2026-08-02 05:16:00,1396,29.40,5.553,130.38,418.3,34.58,38.86
2026-08-02 05:17:00,1397,29.02,5.521,129.88,415.1,34.18,38.52
2026-08-02 05:18:00,1398,29.40,5.618,129.81,423.7,34.56,38.71
2026-08-02 05:19:00,1399,28.42,5.506,129.52,419.9,33.66,37.97
2026-08-02 05:20:00,1400,29.72,5.482,130.70,417.6,34.96,39.30
2026-08-02 05:21:00,1401,28.98,5.608,128.73,421.0,34.08,38.24
2026-08-02 05:22:00,1402,29.04,5.557,130.40,415.9,34.21,38.53
2026-08-02 05:23:00,1403,28.91,5.572,129.77,434.5,34.25,38.33
2026-08-02 05:24:00,1404,28.87,5.433,129.79,415.9,34.13,38.52
2026-08-02 05:25:00,1405,29.52,5.395,130.85,415.8,34.83,39.26
2026-08-02 05:26:00,1406,29.30,5.443,129.64,403.9,34.38,38.88
2026-08-02 05:27:00,1407,29.51,5.438,129.66,410.5,34.66,39.07
2026-08-02 05:28:00,1408,29.19,5.578,129.93,420.2,34.35,38.59
2026-08-02 05:29:00,1409,29.46,5.597,130.21,404.9,34.43,38.83
2026-08-02 05:30:00,1410,29.00,5.484,129.78,399.6,34.00,38.55
2026-08-02 05:31:00,1411,30.33,5.643,129.21,412.3,35.26,39.46
2026-08-02 05:32:00,1412,28.44,5.637,129.57,419.9,33.57,37.79
2026-08-02 05:33:00,1413,29.86,5.524,130.64,411.5,34.97,39.35
2026-08-02 05:34:00,1414,29.92,5.418,130.04,408.8,35.06,39.51
2026-08-02 05:35:00,1415,28.82,5.658,130.23,399.3,33.71,38.16
2026-08-02 05:36:00,1416,30.37,5.494,129.87,412.7,35.46,39.78
2026-08-02 05:37:00,1417,29.76,5.513,129.67,413.6,34.86,39.18
2026-08-02 05:38:00,1418,29.75,5.466,130.84,398.5,34.78,39.36
2026-08-02 05:39:00,1419,29.29,5.411,129.91,415.6,34.55,38.94
2026-08-02 05:40:00,1420,29.17,5.353,129.78,412.9,34.45,38.92
2026-08-02 05:41:00,1421,29.19,5.563,130.55,414.7,34.33,38.67
2026-08-02 05:42:00,1422,29.49,5.421,129.64,411.0,34.66,39.08
2026-08-02 05:43:00,1423,30.01,5.805,129.70,411.0,34.83,38.98
2026-08-02 05:44:00,1424,29.41,5.391,130.01,409.8,34.61,39.09
2026-08-02 05:45:00,1425,28.87,5.373,130.00,411.5,34.14,38.63
2026-08-02 05:46:00,1426,29.74,5.550,130.13,394.9,34.62,39.15
2026-08-02 05:47:00,1427,29.80,5.652,131.05,396.4,34.65,39.14
2026-08-02 05:48:00,1428,29.67,5.505,130.17,400.6,34.66,39.16
2026-08-02 05:49:00,1429,29.73,5.555,128.81,403.8,34.64,39.01
2026-08-02 05:50:00,1430,29.23,5.314,130.16,406.5,34.48,39.07
2026-08-02 05:51:00,1431,28.91,5.430,130.02,405.7,34.05,38.57
2026-08-02 05:52:00,1432,28.94,5.390,130.02,410.0,34.18,38.67
2026-08-02 05:53:00,1433,28.57,5.308,130.12,409.8,33.90,38.48
2026-08-02 05:54:00,1434,29.51,5.509,129.99,397.3,34.46,39.00
2026-08-02 05:55:00,1435,29.36,5.272,129.97,403.5,34.60,39.24
2026-08-02 05:56:00,1436,29.19,5.364,130.31,396.6,34.28,38.97
2026-08-02 05:57:00,1437,27.94,5.442,129.73,400.1,33.04,37.65
2026-08-02 05:58:00,1438,28.80,5.412,129.53,402.8,33.91,38.46
2026-08-02 05:59:00,1439,29.99,5.535,131.51,380.0,34.76,39.54
