timestamp,T_reator_C,F_alimentacao_L_min,C_A0_mol_L,C_A_mol_L
2026-08-01 06:00:00,134.833,21.009,1.700,0.5008
2026-08-01 06:01:00,127.421,23.456,1.668,0.7935
2026-08-01 06:02:00,126.333,17.905,1.180,0.3571
2026-08-01 06:03:00,129.132,12.071,1.884,0.5403
2026-08-01 06:04:00,126.512,10.719,1.720,0.4880
2026-08-01 06:05:00,129.708,25.837,1.202,0.5168
2026-08-01 06:06:00,131.192,15.621,1.905,0.6259
2026-08-01 06:07:00,128.951,21.784,1.737,0.6326
2026-08-01 06:08:00,127.528,26.820,1.908,0.8479
2026-08-01 06:09:00,129.604,29.004,1.891,0.8247
2026-08-01 06:10:00,132.908,29.398,1.003,0.4047
2026-08-01 06:11:00,133.176,26.112,1.538,0.6949
2026-08-01 06:12:00,125.062,20.440,1.101,0.5420
2026-08-01 06:13:00,125.450,15.325,1.340,0.4681
2026-08-01 06:14:00,134.173,10.348,1.298,0.2847
2026-08-01 06:15:00,127.278,14.513,1.513,0.6073
2026-08-01 06:16:00,129.063,14.730,1.846,0.5558
2026-08-01 06:17:00,126.124,20.524,1.145,0.4365
2026-08-01 06:18:00,128.345,22.548,1.467,0.6694
2026-08-01 06:19:00,132.612,29.603,1.854,0.7976
2026-08-01 06:20:00,125.530,17.814,1.467,0.5111
2026-08-01 06:21:00,129.484,28.769,1.269,0.6469
2026-08-01 06:22:00,131.158,26.145,1.561,0.7524
2026-08-01 06:23:00,127.865,24.139,1.016,0.4178
2026-08-01 06:24:00,133.212,13.500,1.454,0.3837
2026-08-01 06:25:00,125.037,22.359,1.525,0.7359
2026-08-01 06:26:00,129.271,21.857,1.221,0.4467
2026-08-01 06:27:00,133.520,25.809,1.251,0.5638
2026-08-01 06:28:00,126.167,21.584,1.104,0.5597
2026-08-01 06:29:00,126.920,29.269,1.893,0.8670
2026-08-01 06:30:00,131.552,13.981,1.049,0.2179
2026-08-01 06:31:00,128.145,13.310,1.892,0.4713
2026-08-01 06:32:00,127.470,24.532,1.960,0.8468
2026-08-01 06:33:00,130.221,29.915,1.575,0.6675
2026-08-01 06:34:00,131.321,14.759,1.892,0.6275
2026-08-01 06:35:00,132.151,11.077,1.521,0.3003
2026-08-01 06:36:00,128.821,23.147,1.034,0.4113
2026-08-01 06:37:00,130.891,24.946,1.248,0.5467
2026-08-01 06:38:00,134.179,20.208,1.971,0.6265
2026-08-01 06:39:00,134.505,14.558,1.813,0.4917
2026-08-01 06:40:00,131.325,19.925,1.983,0.7596
2026-08-01 06:41:00,130.379,16.153,1.428,0.6486
2026-08-01 06:42:00,132.424,14.353,1.227,0.3702
2026-08-01 06:43:00,134.085,20.023,1.266,0.3376
2026-08-01 06:44:00,127.250,10.955,1.826,0.5300
2026-08-01 06:45:00,128.726,24.337,1.202,0.5405
2026-08-01 06:46:00,125.222,25.312,1.608,0.7965
2026-08-01 06:47:00,134.673,29.705,1.900,0.8104
2026-08-01 06:48:00,133.176,27.575,1.815,0.8236
2026-08-01 06:49:00,125.766,15.894,1.423,0.4959
2026-08-01 06:50:00,133.690,16.084,1.390,0.4313
2026-08-01 06:51:00,132.074,18.877,1.594,0.5621
2026-08-01 06:52:00,133.627,24.484,1.438,0.5700
2026-08-01 06:53:00,133.511,10.819,1.275,0.2640
2026-08-01 06:54:00,127.475,29.235,1.113,0.6141
2026-08-01 06:55:00,127.917,24.053,1.312,0.6583
2026-08-01 06:56:00,128.381,27.013,1.141,0.6446
2026-08-01 06:57:00,131.954,23.802,1.063,0.4329
2026-08-01 06:58:00,131.599,28.417,1.896,0.8600
2026-08-01 06:59:00,129.880,26.341,1.660,0.7532
2026-08-01 07:00:00,130.443,18.719,1.964,0.6532
2026-08-01 07:01:00,129.509,24.177,1.747,0.7967
2026-08-01 07:02:00,128.249,28.842,1.730,0.8163
2026-08-01 07:03:00,133.141,28.900,1.477,0.6808
2026-08-01 07:04:00,130.713,28.004,1.619,0.6611
2026-08-01 07:05:00,132.656,25.002,1.096,0.4788
2026-08-01 07:06:00,126.591,22.694,1.664,0.8043
2026-08-01 07:07:00,127.466,20.997,1.643,0.6347
2026-08-01 07:08:00,129.055,13.802,1.489,0.4226
2026-08-01 07:09:00,127.244,19.173,1.656,0.6190
2026-08-01 07:10:00,131.103,12.695,1.807,0.4579
2026-08-01 07:11:00,132.144,13.072,1.416,0.4595
2026-08-01 07:12:00,127.271,13.155,1.327,0.4133
2026-08-01 07:13:00,125.131,19.455,1.294,0.4783
2026-08-01 07:14:00,131.066,11.740,1.875,0.4289
2026-08-01 07:15:00,134.812,27.183,1.967,0.6800
2026-08-01 07:16:00,128.273,28.130,1.805,0.8129
2026-08-01 07:17:00,131.343,23.519,1.693,0.6085
2026-08-01 07:18:00,125.479,20.364,1.841,0.7043
2026-08-01 07:19:00,130.688,29.076,1.765,0.7900
2026-08-01 07:20:00,130.600,16.435,1.300,0.3614
2026-08-01 07:21:00,130.673,22.081,1.264,0.4899
2026-08-01 07:22:00,129.857,25.963,1.871,0.8472
2026-08-01 07:23:00,129.505,24.726,1.858,0.8211
2026-08-01 07:24:00,133.649,26.878,1.286,0.5476
2026-08-01 07:25:00,125.133,14.660,1.273,0.2903
2026-08-01 07:26:00,128.747,26.035,1.965,0.8574
2026-08-01 07:27:00,129.167,10.709,1.576,0.4698
2026-08-01 07:28:00,133.288,21.028,1.756,0.7592
2026-08-01 07:29:00,128.897,10.193,1.041,0.3006
2026-08-01 07:30:00,125.893,16.986,1.509,0.5671
2026-08-01 07:31:00,126.225,21.586,1.403,0.5504
2026-08-01 07:32:00,126.203,24.208,1.265,0.6524
2026-08-01 07:33:00,131.039,19.961,1.319,0.4741
2026-08-01 07:34:00,130.301,28.963,1.853,0.8430
2026-08-01 07:35:00,127.493,20.228,1.019,0.4773
2026-08-01 07:36:00,126.889,11.434,1.698,0.2883
2026-08-01 07:37:00,134.095,13.632,1.510,0.3899
2026-08-01 07:38:00,130.859,26.907,1.376,0.5164
2026-08-01 07:39:00,133.433,28.904,1.894,0.8555
2026-08-01 07:40:00,127.646,23.381,1.760,0.8615
2026-08-01 07:41:00,129.747,24.882,1.605,0.7206
2026-08-01 07:42:00,127.570,22.379,1.418,0.7199
2026-08-01 07:43:00,126.596,22.772,1.914,0.8504
2026-08-01 07:44:00,128.892,28.292,1.939,0.9980
2026-08-01 07:45:00,125.031,18.714,1.734,0.6054
2026-08-01 07:46:00,133.900,23.340,1.424,0.5517
2026-08-01 07:47:00,129.499,23.474,1.983,0.7506
2026-08-01 07:48:00,126.236,17.924,1.045,0.4232
2026-08-01 07:49:00,129.670,18.974,1.849,0.6583
2026-08-01 07:50:00,133.705,16.406,1.297,0.3787
2026-08-01 07:51:00,134.573,29.076,1.487,0.6199
2026-08-01 07:52:00,125.017,12.634,1.086,0.4042
2026-08-01 07:53:00,134.747,15.074,1.466,0.4165
2026-08-01 07:54:00,128.236,25.453,1.229,0.5645
2026-08-01 07:55:00,132.070,16.854,1.316,0.4217
2026-08-01 07:56:00,132.528,23.858,1.566,0.6626
2026-08-01 07:57:00,134.065,24.538,1.972,0.7538
2026-08-01 07:58:00,129.098,21.057,1.225,0.4188
2026-08-01 07:59:00,132.663,18.170,1.343,0.5028
2026-08-01 08:00:00,131.852,24.023,1.240,0.4734
2026-08-01 08:01:00,128.254,10.205,1.505,0.3883
2026-08-01 08:02:00,133.261,24.169,1.268,0.5430
2026-08-01 08:03:00,133.918,21.524,1.192,0.3644
2026-08-01 08:04:00,130.669,26.871,1.652,0.6796
2026-08-01 08:05:00,133.191,24.818,1.176,0.3835
2026-08-01 08:06:00,131.248,21.238,1.563,0.5716
2026-08-01 08:07:00,132.891,25.618,1.054,0.4951
2026-08-01 08:08:00,131.182,13.397,1.718,0.4771
2026-08-01 08:09:00,131.930,17.928,1.000,0.4194
2026-08-01 08:10:00,125.376,20.633,1.679,0.7327
2026-08-01 08:11:00,125.964,25.430,1.145,0.5050
2026-08-01 08:12:00,129.135,13.954,1.703,0.4742
2026-08-01 08:13:00,132.894,24.114,1.081,0.5219
2026-08-01 08:14:00,125.637,15.521,1.319,0.5149
2026-08-01 08:15:00,125.137,13.971,1.710,0.5628
2026-08-01 08:16:00,127.181,17.981,1.619,0.6160
2026-08-01 08:17:00,133.603,13.935,1.290,0.3199
2026-08-01 08:18:00,133.872,18.727,1.457,0.3272
2026-08-01 08:19:00,127.944,20.846,1.333,0.5436
2026-08-01 08:20:00,131.818,17.428,1.012,0.2584
2026-08-01 08:21:00,132.034,28.810,1.562,0.6745
2026-08-01 08:22:00,125.009,23.481,1.990,0.8398
2026-08-01 08:23:00,128.741,18.074,1.513,0.5383
2026-08-01 08:24:00,126.501,28.935,1.372,0.6238
2026-08-01 08:25:00,128.462,16.354,1.495,0.5163
2026-08-01 08:26:00,127.652,22.787,1.715,0.7759
2026-08-01 08:27:00,125.763,19.406,1.099,0.4653
2026-08-01 08:28:00,134.860,27.452,1.447,0.5033
2026-08-01 08:29:00,130.011,18.771,1.173,0.3236
2026-08-01 08:30:00,126.450,10.791,1.647,0.3687
2026-08-01 08:31:00,127.344,16.157,1.952,0.7434
2026-08-01 08:32:00,125.368,16.316,1.233,0.5859
2026-08-01 08:33:00,128.001,17.899,1.391,0.4704
2026-08-01 08:34:00,125.644,24.615,1.271,0.5306
2026-08-01 08:35:00,127.476,24.162,1.387,0.6991
2026-08-01 08:36:00,129.353,12.168,1.459,0.3729
2026-08-01 08:37:00,131.717,11.130,1.779,0.4208
2026-08-01 08:38:00,133.325,13.790,1.562,0.4294
2026-08-01 08:39:00,125.551,18.989,1.501,0.5639
2026-08-01 08:40:00,127.466,21.510,1.030,0.3818
2026-08-01 08:41:00,126.356,19.196,1.042,0.4105
2026-08-01 08:42:00,128.481,26.240,1.861,0.8225
2026-08-01 08:43:00,126.763,20.157,1.829,0.6364
2026-08-01 08:44:00,127.352,24.797,1.139,0.4606
2026-08-01 08:45:00,134.175,29.772,1.880,0.8089
2026-08-01 08:46:00,131.414,23.132,1.979,0.7543
2026-08-01 08:47:00,133.665,22.367,1.715,0.6654
2026-08-01 08:48:00,130.435,25.291,1.464,0.5803
2026-08-01 08:49:00,133.198,20.093,1.221,0.5359
2026-08-01 08:50:00,128.497,28.348,1.888,0.8987
2026-08-01 08:51:00,127.445,22.659,1.354,0.5850
2026-08-01 08:52:00,130.488,28.019,1.240,0.5311
2026-08-01 08:53:00,134.421,19.743,1.576,0.5132
2026-08-01 08:54:00,133.351,14.606,1.906,0.4202
2026-08-01 08:55:00,127.431,26.836,1.871,0.8802
2026-08-01 08:56:00,134.547,13.603,1.810,0.5839
2026-08-01 08:57:00,130.250,29.250,1.309,0.6638
2026-08-01 08:58:00,129.209,28.308,1.764,0.7266
2026-08-01 08:59:00,127.882,17.621,1.898,0.7095
2026-08-01 09:00:00,131.271,27.276,1.838,0.8341
2026-08-01 09:01:00,130.789,28.192,1.612,0.8193
2026-08-01 09:02:00,133.250,17.546,1.566,0.4524
2026-08-01 09:03:00,134.148,27.785,1.844,0.9080
2026-08-01 09:04:00,132.465,23.394,1.524,0.6031
2026-08-01 09:05:00,126.850,16.317,1.246,0.3936
2026-08-01 09:06:00,126.325,19.276,1.451,0.4821
2026-08-01 09:07:00,130.361,28.368,1.849,0.8384
2026-08-01 09:08:00,126.536,22.780,1.019,0.4589
2026-08-01 09:09:00,131.171,22.960,1.414,0.4948
2026-08-01 09:10:00,126.617,24.532,1.858,0.8845
2026-08-01 09:11:00,127.322,24.938,1.543,0.7310
2026-08-01 09:12:00,125.837,16.735,1.394,0.5169
2026-08-01 09:13:00,133.371,26.997,1.713,0.6644
2026-08-01 09:14:00,130.896,21.756,1.614,0.6272
2026-08-01 09:15:00,128.465,29.483,1.563,0.8675
2026-08-01 09:16:00,128.967,21.089,1.231,0.4339
2026-08-01 09:17:00,126.347,13.883,1.921,0.5167
2026-08-01 09:18:00,133.479,11.382,1.084,0.2289
2026-08-01 09:19:00,128.051,23.758,1.692,0.6867
2026-08-01 09:20:00,125.713,21.262,1.669,0.6049
2026-08-01 09:21:00,128.592,27.362,1.130,0.5495
2026-08-01 09:22:00,127.430,27.011,1.100,0.4402
2026-08-01 09:23:00,129.076,17.572,1.342,0.3894
2026-08-01 09:24:00,133.603,29.864,1.081,0.5255
2026-08-01 09:25:00,132.449,26.970,1.954,0.9161
2026-08-01 09:26:00,127.436,11.421,1.859,0.6654
2026-08-01 09:27:00,128.214,16.755,1.948,0.5888
2026-08-01 09:28:00,129.331,23.004,1.992,0.8503
2026-08-01 09:29:00,126.615,10.887,1.220,0.2466
2026-08-01 09:30:00,127.850,15.780,1.770,0.6057
2026-08-01 09:31:00,128.084,21.037,1.456,0.5801
2026-08-01 09:32:00,126.889,29.161,1.043,0.3893
2026-08-01 09:33:00,127.734,27.382,1.515,0.7478
2026-08-01 09:34:00,129.247,10.706,1.082,0.2693
2026-08-01 09:35:00,133.478,25.848,1.986,0.8437
2026-08-01 09:36:00,131.800,12.949,1.832,0.4141
2026-08-01 09:37:00,125.670,28.436,1.826,1.0429
2026-08-01 09:38:00,130.084,23.302,1.078,0.4594
2026-08-01 09:39:00,127.348,12.889,1.008,0.3222
2026-08-01 09:40:00,125.013,29.688,1.268,0.7402
2026-08-01 09:41:00,130.655,12.167,1.831,0.4814
2026-08-01 09:42:00,126.991,13.954,1.580,0.4514
2026-08-01 09:43:00,131.470,11.504,1.652,0.4735
2026-08-01 09:44:00,127.607,17.471,1.129,0.4029
2026-08-01 09:45:00,127.421,13.483,1.461,0.5090
2026-08-01 09:46:00,130.908,29.838,1.465,0.6739
2026-08-01 09:47:00,130.907,20.698,1.979,0.8745
2026-08-01 09:48:00,133.488,25.532,1.774,0.7124
2026-08-01 09:49:00,126.983,15.949,1.134,0.3580
2026-08-01 09:50:00,134.869,15.254,1.459,0.4245
2026-08-01 09:51:00,128.693,19.855,1.771,0.6537
2026-08-01 09:52:00,134.700,25.548,1.785,0.6484
2026-08-01 09:53:00,126.554,22.596,1.455,0.7144
2026-08-01 09:54:00,134.527,19.597,1.824,0.5303
2026-08-01 09:55:00,134.641,12.860,1.475,0.4241
2026-08-01 09:56:00,127.904,19.931,1.033,0.5017
2026-08-01 09:57:00,127.032,22.817,1.812,0.7651
2026-08-01 09:58:00,131.030,11.295,1.994,0.5069
2026-08-01 09:59:00,126.373,22.506,1.278,0.5072
2026-08-01 10:00:00,127.951,29.221,1.666,0.8788
2026-08-01 10:01:00,134.829,14.115,1.405,0.2905
2026-08-01 10:02:00,132.650,14.601,1.406,0.4594
2026-08-01 10:03:00,132.960,18.900,1.917,0.6470
2026-08-01 10:04:00,133.734,24.369,1.960,0.7124
2026-08-01 10:05:00,131.894,19.697,1.109,0.3516
2026-08-01 10:06:00,132.166,12.983,1.727,0.4859
2026-08-01 10:07:00,132.325,24.552,1.180,0.4041
2026-08-01 10:08:00,128.914,20.606,1.531,0.6322
2026-08-01 10:09:00,126.001,25.353,1.801,0.8548
2026-08-01 10:10:00,131.100,15.236,1.223,0.3488
2026-08-01 10:11:00,132.999,29.659,1.325,0.6166
2026-08-01 10:12:00,127.344,13.203,1.944,0.5434
2026-08-01 10:13:00,126.824,29.301,1.418,0.6881
2026-08-01 10:14:00,134.570,11.764,1.077,0.2234
2026-08-01 10:15:00,126.384,15.261,1.416,0.4104
2026-08-01 10:16:00,130.488,12.814,1.452,0.3771
2026-08-01 10:17:00,132.411,26.487,1.779,0.6547
2026-08-01 10:18:00,125.950,23.922,1.348,0.5796
2026-08-01 10:19:00,130.606,20.191,1.127,0.3147
2026-08-01 10:20:00,131.802,28.781,1.778,0.7332
2026-08-01 10:21:00,125.437,13.561,1.375,0.3917
2026-08-01 10:22:00,129.198,17.255,1.031,0.3828
2026-08-01 10:23:00,129.743,10.192,1.832,0.3741
2026-08-01 10:24:00,130.559,18.433,1.967,0.6158
2026-08-01 10:25:00,125.397,11.021,1.963,0.5303
2026-08-01 10:26:00,133.935,14.288,1.621,0.5520
2026-08-01 10:27:00,133.605,13.915,1.264,0.2380
2026-08-01 10:28:00,133.533,21.310,1.867,0.7133
2026-08-01 10:29:00,130.196,15.782,1.178,0.3972
2026-08-01 10:30:00,132.881,11.641,1.749,0.5432
2026-08-01 10:31:00,133.012,23.402,1.872,0.7403
2026-08-01 10:32:00,134.631,13.337,1.928,0.4892
2026-08-01 10:33:00,133.162,14.560,1.569,0.4415
2026-08-01 10:34:00,126.194,21.106,1.957,0.8239
2026-08-01 10:35:00,126.427,29.549,1.036,0.5630
2026-08-01 10:36:00,130.086,26.447,1.038,0.4259
2026-08-01 10:37:00,132.094,26.343,1.762,0.9267
2026-08-01 10:38:00,133.353,23.078,1.998,0.8105
2026-08-01 10:39:00,125.118,15.945,1.148,0.4069
2026-08-01 10:40:00,129.336,21.769,1.374,0.5361
2026-08-01 10:41:00,129.235,25.958,1.986,0.8829
2026-08-01 10:42:00,131.945,13.586,1.872,0.5122
2026-08-01 10:43:00,130.543,29.113,1.411,0.6893
2026-08-01 10:44:00,133.027,26.234,1.891,0.7995
2026-08-01 10:45:00,132.001,21.481,1.451,0.6313
2026-08-01 10:46:00,129.806,19.775,1.339,0.4435
2026-08-01 10:47:00,127.378,24.956,1.588,0.7163
2026-08-01 10:48:00,131.443,29.165,1.279,0.5217
2026-08-01 10:49:00,127.269,15.041,1.657,0.5240
2026-08-01 10:50:00,131.475,11.821,1.291,0.2938
2026-08-01 10:51:00,126.512,22.747,1.508,0.7069
2026-08-01 10:52:00,127.120,16.994,1.773,0.6045
2026-08-01 10:53:00,129.297,15.740,1.863,0.6929
2026-08-01 10:54:00,130.188,18.711,1.040,0.4600
2026-08-01 10:55:00,134.537,22.378,1.726,0.6695
2026-08-01 10:56:00,131.076,13.817,1.888,0.4706
2026-08-01 10:57:00,129.247,19.358,1.736,0.7366
2026-08-01 10:58:00,133.281,19.340,1.230,0.3929
2026-08-01 10:59:00,126.393,14.499,1.747,0.5615
2026-08-01 11:00:00,125.148,10.027,1.805,0.5104
2026-08-01 11:01:00,127.556,14.113,1.180,0.3229
2026-08-01 11:02:00,130.328,10.520,1.912,0.5302
2026-08-01 11:03:00,131.364,10.701,1.272,0.3461
2026-08-01 11:04:00,133.015,21.480,1.946,0.8917
2026-08-01 11:05:00,131.033,29.802,1.500,0.7128
2026-08-01 11:06:00,126.161,16.597,1.129,0.4050
2026-08-01 11:07:00,132.915,26.681,1.707,0.8359
2026-08-01 11:08:00,125.125,17.921,1.567,0.5040
2026-08-01 11:09:00,132.054,23.188,1.763,0.7062
2026-08-01 11:10:00,130.214,19.539,1.299,0.4704
2026-08-01 11:11:00,129.952,29.641,1.057,0.5727
2026-08-01 11:12:00,132.452,22.699,1.172,0.6370
2026-08-01 11:13:00,125.441,21.225,1.477,0.5963
2026-08-01 11:14:00,129.106,16.981,1.046,0.4309
2026-08-01 11:15:00,134.415,26.291,1.659,0.7511
2026-08-01 11:16:00,125.138,29.916,1.505,0.8603
2026-08-01 11:17:00,133.774,15.485,1.210,0.3639
2026-08-01 11:18:00,131.486,12.626,1.799,0.5189
2026-08-01 11:19:00,134.081,29.430,1.654,0.6586
2026-08-01 11:20:00,125.459,24.167,1.549,0.8238
2026-08-01 11:21:00,133.073,11.176,1.723,0.3333
2026-08-01 11:22:00,130.314,14.069,1.593,0.4118
2026-08-01 11:23:00,127.485,25.174,1.010,0.4415
2026-08-01 11:24:00,129.710,28.284,1.547,0.6813
2026-08-01 11:25:00,134.231,11.292,1.252,0.3083
2026-08-01 11:26:00,129.394,12.324,1.769,0.4675
2026-08-01 11:27:00,126.369,12.612,1.666,0.4526
2026-08-01 11:28:00,125.655,28.612,1.594,0.7347
2026-08-01 11:29:00,125.143,28.618,1.534,0.8510
2026-08-01 11:30:00,127.112,22.480,1.257,0.5720
2026-08-01 11:31:00,130.494,18.254,1.655,0.5018
2026-08-01 11:32:00,128.503,21.194,1.794,0.7610
2026-08-01 11:33:00,133.750,22.903,1.393,0.5034
2026-08-01 11:34:00,132.860,26.966,1.351,0.4757
2026-08-01 11:35:00,129.648,23.410,1.938,0.7328
2026-08-01 11:36:00,127.303,23.625,1.801,0.8538
2026-08-01 11:37:00,129.147,29.450,1.063,0.5891
2026-08-01 11:38:00,131.379,13.315,1.277,0.3944
2026-08-01 11:39:00,125.232,25.071,1.852,0.8345
2026-08-01 11:40:00,133.892,28.889,1.754,0.7849
2026-08-01 11:41:00,131.547,13.643,1.194,0.3632
2026-08-01 11:42:00,134.626,17.496,1.489,0.3083
2026-08-01 11:43:00,131.642,17.431,1.187,0.4275
2026-08-01 11:44:00,128.627,27.164,1.590,0.7469
2026-08-01 11:45:00,129.381,21.902,1.088,0.5791
2026-08-01 11:46:00,125.070,22.569,1.264,0.6875
2026-08-01 11:47:00,125.572,22.023,1.084,0.4709
2026-08-01 11:48:00,126.030,18.783,1.924,0.7888
2026-08-01 11:49:00,128.935,13.640,1.180,0.3606
2026-08-01 11:50:00,127.869,10.909,1.522,0.3710
2026-08-01 11:51:00,129.007,15.594,1.180,0.3046
2026-08-01 11:52:00,129.061,29.602,1.128,0.5012
2026-08-01 11:53:00,128.509,26.321,1.004,0.4302
2026-08-01 11:54:00,130.138,14.175,1.082,0.3941
2026-08-01 11:55:00,134.356,15.663,1.529,0.4513
2026-08-01 11:56:00,130.228,20.476,1.526,0.5450
2026-08-01 11:57:00,133.202,23.276,1.255,0.4374
2026-08-01 11:58:00,132.795,11.406,1.933,0.4837
2026-08-01 11:59:00,129.174,11.307,1.440,0.3553
2026-08-01 12:00:00,127.397,22.859,1.807,0.7160
2026-08-01 12:01:00,125.317,22.106,1.510,0.6118
2026-08-01 12:02:00,125.557,20.980,1.244,0.6370
2026-08-01 12:03:00,127.191,16.375,1.159,0.4024
2026-08-01 12:04:00,133.772,19.770,1.175,0.4672
2026-08-01 12:05:00,126.054,23.270,1.675,0.6445
2026-08-01 12:06:00,133.254,14.628,1.749,0.5623
2026-08-01 12:07:00,129.572,10.631,1.167,0.3330
2026-08-01 12:08:00,131.456,19.851,1.988,0.7722
2026-08-01 12:09:00,126.438,24.060,1.914,0.7707
2026-08-01 12:10:00,132.940,13.937,1.243,0.3419
2026-08-01 12:11:00,125.897,17.253,1.314,0.4464
2026-08-01 12:12:00,130.230,16.406,1.972,0.5778
2026-08-01 12:13:00,126.031,26.538,1.998,0.8479
2026-08-01 12:14:00,133.551,29.531,1.411,0.5538
2026-08-01 12:15:00,130.884,20.089,1.838,0.6095
2026-08-01 12:16:00,130.457,17.948,1.921,0.7135
2026-08-01 12:17:00,127.727,22.506,1.880,0.7614
2026-08-01 12:18:00,130.110,29.559,1.670,0.7751
2026-08-01 12:19:00,125.207,24.942,1.418,0.7433
2026-08-01 12:20:00,129.808,11.412,1.505,0.3910
2026-08-01 12:21:00,127.144,18.407,1.713,0.6103
2026-08-01 12:22:00,133.921,13.931,1.259,0.3477
2026-08-01 12:23:00,127.723,13.118,1.710,0.4669
2026-08-01 12:24:00,130.113,23.626,1.526,0.5272
2026-08-01 12:25:00,125.031,24.810,1.582,0.7714
2026-08-01 12:26:00,132.429,19.719,1.836,0.6848
2026-08-01 12:27:00,126.607,19.009,1.943,0.7534
2026-08-01 12:28:00,134.988,17.259,1.305,0.3866
2026-08-01 12:29:00,127.928,28.969,1.763,0.8295
2026-08-01 12:30:00,131.654,15.607,1.599,0.5830
2026-08-01 12:31:00,134.599,14.289,1.291,0.3621
2026-08-01 12:32:00,132.563,28.895,1.647,0.7200
2026-08-01 12:33:00,128.497,21.201,1.655,0.7248
2026-08-01 12:34:00,134.208,12.613,1.820,0.5104
2026-08-01 12:35:00,127.127,25.968,1.406,0.6806
2026-08-01 12:36:00,131.345,22.355,1.811,0.7651
2026-08-01 12:37:00,132.450,26.063,1.244,0.5530
2026-08-01 12:38:00,128.569,22.034,1.461,0.6043
2026-08-01 12:39:00,133.313,27.273,1.619,0.7412
2026-08-01 12:40:00,129.725,24.718,1.598,0.6298
2026-08-01 12:41:00,133.615,23.645,1.049,0.3454
2026-08-01 12:42:00,127.146,27.130,1.353,0.6736
2026-08-01 12:43:00,133.956,15.581,1.319,0.3399
2026-08-01 12:44:00,130.331,11.571,1.968,0.5531
2026-08-01 12:45:00,129.287,10.869,1.969,0.5101
2026-08-01 12:46:00,127.354,13.791,1.363,0.5523
2026-08-01 12:47:00,126.031,19.236,1.786,0.6583
2026-08-01 12:48:00,127.912,10.151,1.552,0.4412
2026-08-01 12:49:00,128.977,23.356,1.396,0.5593
2026-08-01 12:50:00,130.991,29.051,1.782,0.8327
2026-08-01 12:51:00,132.233,18.408,1.952,0.7033
2026-08-01 12:52:00,125.428,20.922,1.360,0.6052
2026-08-01 12:53:00,134.514,29.152,1.169,0.5289
2026-08-01 12:54:00,127.486,12.413,1.950,0.5926
2026-08-01 12:55:00,131.786,17.945,1.708,0.5594
2026-08-01 12:56:00,133.067,29.741,1.216,0.5916
2026-08-01 12:57:00,129.173,12.807,1.009,0.3415
2026-08-01 12:58:00,129.377,27.621,1.663,0.7446
2026-08-01 12:59:00,125.478,18.143,1.623,0.5905
2026-08-01 13:00:00,129.081,20.340,1.224,0.4911
2026-08-01 13:01:00,134.371,26.487,1.642,0.6771
2026-08-01 13:02:00,128.692,29.700,1.154,0.4628
2026-08-01 13:03:00,133.973,10.533,1.404,0.3159
2026-08-01 13:04:00,132.009,16.958,1.311,0.3737
2026-08-01 13:05:00,133.849,15.839,1.864,0.4308
2026-08-01 13:06:00,126.959,19.207,1.292,0.5315
2026-08-01 13:07:00,131.687,13.112,1.282,0.2743
2026-08-01 13:08:00,125.994,16.370,1.754,0.7159
2026-08-01 13:09:00,129.874,22.359,1.017,0.4575
2026-08-01 13:10:00,132.243,26.054,1.719,0.7356
2026-08-01 13:11:00,126.617,29.221,1.047,0.6065
2026-08-01 13:12:00,134.588,15.194,1.056,0.3523
2026-08-01 13:13:00,129.698,29.491,1.491,0.6515
2026-08-01 13:14:00,129.475,16.056,1.958,0.7071
2026-08-01 13:15:00,133.860,28.539,1.163,0.4556
2026-08-01 13:16:00,133.602,24.956,1.304,0.5728
2026-08-01 13:17:00,134.168,18.241,1.681,0.5133
2026-08-01 13:18:00,131.698,29.473,1.893,0.7846
2026-08-01 13:19:00,131.620,10.585,1.495,0.3708
2026-08-01 13:20:00,127.297,25.692,1.497,0.6613
2026-08-01 13:21:00,132.423,23.471,1.311,0.5796
2026-08-01 13:22:00,131.215,11.809,1.377,0.4278
2026-08-01 13:23:00,128.431,15.694,1.141,0.2771
2026-08-01 13:24:00,134.666,18.968,1.121,0.3644
2026-08-01 13:25:00,129.862,14.844,1.735,0.5768
2026-08-01 13:26:00,132.234,28.671,1.485,0.6649
2026-08-01 13:27:00,131.660,13.090,1.777,0.4894
2026-08-01 13:28:00,125.105,21.183,1.648,0.7312
2026-08-01 13:29:00,129.567,20.948,1.003,0.2957
2026-08-01 13:30:00,131.070,20.684,1.504,0.6589
2026-08-01 13:31:00,134.999,12.765,1.550,0.4154
2026-08-01 13:32:00,126.543,19.820,1.137,0.4207
2026-08-01 13:33:00,131.820,28.414,1.956,0.8243
2026-08-01 13:34:00,129.366,14.182,1.798,0.5988
2026-08-01 13:35:00,129.705,11.486,1.900,0.5078
2026-08-01 13:36:00,126.583,28.980,1.597,0.8168
2026-08-01 13:37:00,130.301,28.448,1.833,0.8735
2026-08-01 13:38:00,125.458,21.145,1.180,0.5212
2026-08-01 13:39:00,129.141,27.736,1.854,0.7456
2026-08-01 13:40:00,129.055,29.484,1.920,0.8951
2026-08-01 13:41:00,126.735,13.469,1.019,0.3536
2026-08-01 13:42:00,134.977,14.365,1.641,0.4734
2026-08-01 13:43:00,132.124,20.684,1.095,0.3716
2026-08-01 13:44:00,134.556,24.083,1.647,0.6241
2026-08-01 13:45:00,132.425,26.230,1.896,0.8648
2026-08-01 13:46:00,129.939,19.848,1.180,0.5264
2026-08-01 13:47:00,131.127,10.467,1.494,0.3665
2026-08-01 13:48:00,126.679,11.439,1.096,0.3606
2026-08-01 13:49:00,126.529,26.741,1.650,0.8105
2026-08-01 13:50:00,129.863,21.259,1.118,0.4801
2026-08-01 13:51:00,127.031,11.072,1.972,0.5343
2026-08-01 13:52:00,132.700,23.901,1.321,0.4848
2026-08-01 13:53:00,127.970,22.608,1.185,0.6125
2026-08-01 13:54:00,125.873,18.513,1.953,0.8774
2026-08-01 13:55:00,130.854,27.178,1.644,0.7287
2026-08-01 13:56:00,130.554,15.859,1.487,0.4977
2026-08-01 13:57:00,127.612,25.135,1.754,0.8040
2026-08-01 13:58:00,126.288,16.603,1.866,0.6836
2026-08-01 13:59:00,131.285,21.144,1.809,0.6891
2026-08-01 14:00:00,132.404,29.919,1.356,0.6830
2026-08-01 14:01:00,126.891,22.257,1.396,0.5353
2026-08-01 14:02:00,132.459,21.254,1.527,0.5265
2026-08-01 14:03:00,131.555,21.421,1.586,0.6563
2026-08-01 14:04:00,132.745,23.914,1.301,0.5241
2026-08-01 14:05:00,125.639,26.043,1.136,0.6230
2026-08-01 14:06:00,134.661,25.896,1.439,0.5773
2026-08-01 14:07:00,131.596,25.279,1.815,0.7820
2026-08-01 14:08:00,127.588,16.766,1.276,0.4440
2026-08-01 14:09:00,133.772,14.834,1.375,0.4685
2026-08-01 14:10:00,130.807,18.048,1.274,0.4945
2026-08-01 14:11:00,126.605,20.394,1.610,0.5958
2026-08-01 14:12:00,133.526,26.245,1.952,0.8395
2026-08-01 14:13:00,132.222,20.479,1.180,0.4921
2026-08-01 14:14:00,127.803,17.349,1.780,0.6441
2026-08-01 14:15:00,130.438,20.744,1.665,0.6778
2026-08-01 14:16:00,128.992,11.471,1.987,0.6050
2026-08-01 14:17:00,125.068,20.763,1.100,0.4685
2026-08-01 14:18:00,129.777,20.352,1.909,0.7519
2026-08-01 14:19:00,127.356,21.808,1.808,0.7332
2026-08-01 14:20:00,126.544,27.289,1.906,0.9554
2026-08-01 14:21:00,125.926,21.372,1.751,0.6961
2026-08-01 14:22:00,127.234,21.251,1.281,0.5744
2026-08-01 14:23:00,132.595,23.600,1.417,0.6511
2026-08-01 14:24:00,128.587,29.412,1.109,0.4852
2026-08-01 14:25:00,126.391,24.516,1.002,0.5421
2026-08-01 14:26:00,126.696,13.908,1.947,0.6279
2026-08-01 14:27:00,131.523,18.672,1.827,0.5997
2026-08-01 14:28:00,129.034,12.697,1.081,0.2986
2026-08-01 14:29:00,131.220,10.661,1.455,0.3479
2026-08-01 14:30:00,125.522,26.384,1.289,0.6049
2026-08-01 14:31:00,132.285,17.113,1.297,0.4899
2026-08-01 14:32:00,134.627,15.330,1.895,0.5194
2026-08-01 14:33:00,132.865,19.698,1.992,0.7169
2026-08-01 14:34:00,132.217,14.100,1.422,0.5316
2026-08-01 14:35:00,126.986,10.945,1.815,0.4831
2026-08-01 14:36:00,129.056,23.379,1.166,0.4669
2026-08-01 14:37:00,126.557,14.388,1.770,0.5658
2026-08-01 14:38:00,132.621,10.529,1.051,0.3064
2026-08-01 14:39:00,132.422,24.760,1.342,0.5429
2026-08-01 14:40:00,126.232,28.948,1.569,0.8056
2026-08-01 14:41:00,132.452,12.327,1.063,0.2314
2026-08-01 14:42:00,130.711,19.306,1.118,0.3904
2026-08-01 14:43:00,134.807,14.173,1.319,0.4095
2026-08-01 14:44:00,134.896,10.854,1.475,0.2329
2026-08-01 14:45:00,125.807,17.852,1.215,0.3660
2026-08-01 14:46:00,133.368,26.040,1.318,0.5129
2026-08-01 14:47:00,126.605,16.190,1.169,0.3961
2026-08-01 14:48:00,130.499,11.912,1.101,0.2741
2026-08-01 14:49:00,130.051,22.055,1.420,0.5549
2026-08-01 14:50:00,127.739,26.812,1.221,0.5749
2026-08-01 14:51:00,132.221,16.905,1.652,0.5059
2026-08-01 14:52:00,130.359,18.970,1.227,0.5273
2026-08-01 14:53:00,131.221,13.381,1.190,0.3836
2026-08-01 14:54:00,131.911,29.825,1.368,0.6192
2026-08-01 14:55:00,129.045,29.320,1.104,0.5850
2026-08-01 14:56:00,125.415,26.027,1.041,0.3498
2026-08-01 14:57:00,127.577,11.450,1.765,0.5069
2026-08-01 14:58:00,126.756,16.013,1.173,0.4679
2026-08-01 14:59:00,132.533,13.935,1.612,0.4149
2026-08-01 15:00:00,127.496,12.340,1.305,0.4130
2026-08-01 15:01:00,128.652,18.419,1.326,0.4536
2026-08-01 15:02:00,129.461,18.349,1.158,0.4407
2026-08-01 15:03:00,133.353,29.182,1.230,0.4624
2026-08-01 15:04:00,133.445,24.539,1.572,0.6772
2026-08-01 15:05:00,127.199,11.577,1.588,0.4462
2026-08-01 15:06:00,129.083,11.029,1.287,0.3461
2026-08-01 15:07:00,127.444,28.997,1.210,0.5916
2026-08-01 15:08:00,134.760,26.071,1.343,0.6020
2026-08-01 15:09:00,130.331,10.788,1.088,0.2825
2026-08-01 15:10:00,125.008,27.159,1.529,0.8189
2026-08-01 15:11:00,125.906,19.819,1.823,0.7183
2026-08-01 15:12:00,133.560,24.887,1.630,0.6836
2026-08-01 15:13:00,128.981,21.668,1.022,0.5102
2026-08-01 15:14:00,134.053,23.653,1.273,0.5842
2026-08-01 15:15:00,131.632,16.524,1.471,0.3189
2026-08-01 15:16:00,130.332,20.393,1.910,0.7339
2026-08-01 15:17:00,133.150,13.947,1.170,0.2331
2026-08-01 15:18:00,132.304,17.934,1.074,0.3359
2026-08-01 15:19:00,130.818,11.872,1.530,0.3640
2026-08-01 15:20:00,125.850,23.230,1.559,0.7403
2026-08-01 15:21:00,133.025,11.193,1.982,0.4538
2026-08-01 15:22:00,133.313,15.926,1.541,0.4178
2026-08-01 15:23:00,133.938,12.028,1.017,0.2775
2026-08-01 15:24:00,126.017,23.313,1.669,0.6899
2026-08-01 15:25:00,134.721,19.368,1.206,0.3533
2026-08-01 15:26:00,129.375,17.292,1.814,0.6105
2026-08-01 15:27:00,127.178,19.487,1.441,0.5595
2026-08-01 15:28:00,132.108,13.225,1.863,0.5150
2026-08-01 15:29:00,132.745,27.823,1.176,0.5208
2026-08-01 15:30:00,125.005,16.931,1.597,0.5733
2026-08-01 15:31:00,128.251,23.418,1.702,0.7478
2026-08-01 15:32:00,129.684,28.914,1.043,0.4961
2026-08-01 15:33:00,133.491,12.492,1.474,0.3695
2026-08-01 15:34:00,125.199,23.540,1.680,0.6813
2026-08-01 15:35:00,132.517,10.156,1.623,0.3831
2026-08-01 15:36:00,134.314,28.970,1.106,0.5092
2026-08-01 15:37:00,134.416,16.773,1.033,0.3571
2026-08-01 15:38:00,127.252,15.811,1.217,0.4305
2026-08-01 15:39:00,131.174,16.140,1.240,0.4589
2026-08-01 15:40:00,129.767,29.800,1.598,0.7891
2026-08-01 15:41:00,131.162,15.926,1.024,0.2984
2026-08-01 15:42:00,130.465,28.230,1.273,0.5763
2026-08-01 15:43:00,134.046,27.975,1.233,0.4852
2026-08-01 15:44:00,132.327,27.101,1.836,0.7277
2026-08-01 15:45:00,130.460,13.171,1.355,0.4227
2026-08-01 15:46:00,134.974,23.195,1.721,0.6185
2026-08-01 15:47:00,134.387,17.598,1.825,0.6095
2026-08-01 15:48:00,126.497,19.456,1.708,0.7962
2026-08-01 15:49:00,131.358,13.083,1.112,0.3665
2026-08-01 15:50:00,134.358,29.544,1.739,0.6927
2026-08-01 15:51:00,133.450,15.312,1.849,0.5008
2026-08-01 15:52:00,133.940,27.170,1.375,0.6048
2026-08-01 15:53:00,131.167,11.205,1.888,0.4867
2026-08-01 15:54:00,125.781,25.846,1.689,0.8855
2026-08-01 15:55:00,125.170,25.936,1.710,0.8054
2026-08-01 15:56:00,128.016,15.219,1.546,0.4356
2026-08-01 15:57:00,131.163,21.349,1.383,0.4721
2026-08-01 15:58:00,134.255,15.953,1.321,0.4567
2026-08-01 15:59:00,128.942,14.212,1.799,0.5640
2026-08-01 16:00:00,131.268,22.365,1.839,0.7701
2026-08-01 16:01:00,130.336,24.507,1.332,0.5418
2026-08-01 16:02:00,127.360,24.252,1.631,0.6846
2026-08-01 16:03:00,128.137,26.770,1.723,0.8386
2026-08-01 16:04:00,128.732,24.305,1.214,0.4481
2026-08-01 16:05:00,132.646,17.649,1.630,0.5602
2026-08-01 16:06:00,131.685,29.584,1.339,0.7082
2026-08-01 16:07:00,129.744,29.117,1.273,0.4627
2026-08-01 16:08:00,134.913,19.039,1.316,0.3704
2026-08-01 16:09:00,127.985,29.423,1.326,0.6469
2026-08-01 16:10:00,132.332,29.663,1.495,0.6460
2026-08-01 16:11:00,126.106,24.871,1.355,0.6216
2026-08-01 16:12:00,129.517,26.151,1.719,0.8981
2026-08-01 16:13:00,132.782,12.283,1.899,0.4367
2026-08-01 16:14:00,129.782,15.406,1.773,0.5526
2026-08-01 16:15:00,130.858,12.449,1.551,0.3542
2026-08-01 16:16:00,129.778,13.064,1.682,0.3937
2026-08-01 16:17:00,127.257,25.544,1.898,0.8994
2026-08-01 16:18:00,133.711,14.094,1.592,0.3332
2026-08-01 16:19:00,131.638,17.560,1.054,0.2722
2026-08-01 16:20:00,132.432,18.729,1.298,0.4441
2026-08-01 16:21:00,134.491,11.368,1.331,0.3346
2026-08-01 16:22:00,131.924,27.226,1.984,0.8068
2026-08-01 16:23:00,125.650,26.914,1.738,0.8039
2026-08-01 16:24:00,131.294,10.383,1.428,0.2298
2026-08-01 16:25:00,130.051,21.844,1.352,0.5663
2026-08-01 16:26:00,127.215,21.970,1.962,0.8322
2026-08-01 16:27:00,130.933,22.502,1.766,0.6989
2026-08-01 16:28:00,131.730,15.174,1.205,0.2828
2026-08-01 16:29:00,130.591,13.383,1.474,0.4655
2026-08-01 16:30:00,126.532,11.732,1.226,0.3214
2026-08-01 16:31:00,131.350,24.425,1.990,0.8724
2026-08-01 16:32:00,125.248,19.847,1.572,0.6154
2026-08-01 16:33:00,126.594,22.255,1.081,0.4868
2026-08-01 16:34:00,132.982,21.153,1.311,0.4311
2026-08-01 16:35:00,129.898,23.158,1.531,0.6881
2026-08-01 16:36:00,130.906,24.109,1.513,0.5514
2026-08-01 16:37:00,128.392,14.233,1.220,0.3996
2026-08-01 16:38:00,130.661,23.759,1.685,0.6195
2026-08-01 16:39:00,125.379,15.521,1.233,0.4147
2026-08-01 16:40:00,125.239,10.554,1.983,0.5840
2026-08-01 16:41:00,134.039,26.378,1.825,0.6731
2026-08-01 16:42:00,127.863,25.032,1.447,0.6784
2026-08-01 16:43:00,133.036,25.051,1.366,0.5957
2026-08-01 16:44:00,130.163,17.514,1.177,0.2845
2026-08-01 16:45:00,125.753,25.471,1.084,0.5417
2026-08-01 16:46:00,125.627,15.798,1.755,0.6974
2026-08-01 16:47:00,125.620,15.960,1.887,0.6370
2026-08-01 16:48:00,130.024,17.318,1.499,0.4619
2026-08-01 16:49:00,128.336,24.471,1.895,0.7350
2026-08-01 16:50:00,134.780,14.966,1.949,0.4772
2026-08-01 16:51:00,126.075,11.487,1.590,0.5158
2026-08-01 16:52:00,128.968,15.185,1.254,0.3788
2026-08-01 16:53:00,125.139,19.184,1.817,0.7736
2026-08-01 16:54:00,131.138,16.378,1.219,0.3538
2026-08-01 16:55:00,125.945,24.394,1.929,0.8822
2026-08-01 16:56:00,131.807,11.548,1.191,0.3670
2026-08-01 16:57:00,132.188,23.119,1.355,0.6106
2026-08-01 16:58:00,134.861,16.276,1.121,0.3352
2026-08-01 16:59:00,127.212,13.677,1.283,0.3898
2026-08-01 17:00:00,131.565,14.665,1.504,0.3950
2026-08-01 17:01:00,128.058,13.971,1.388,0.4803
2026-08-01 17:02:00,128.044,27.219,1.629,0.7557
2026-08-01 17:03:00,133.566,15.909,1.366,0.4818
2026-08-01 17:04:00,133.904,26.256,1.569,0.5371
2026-08-01 17:05:00,127.690,15.803,1.629,0.5304
2026-08-01 17:06:00,130.983,10.075,1.926,0.4269
2026-08-01 17:07:00,132.402,10.137,1.882,0.4416
2026-08-01 17:08:00,128.393,17.355,1.265,0.3736
2026-08-01 17:09:00,126.540,27.084,1.471,0.6997
2026-08-01 17:10:00,133.164,21.834,1.099,0.4643
2026-08-01 17:11:00,130.230,23.590,1.222,0.5239
2026-08-01 17:12:00,127.778,18.294,1.294,0.5044
2026-08-01 17:13:00,125.276,15.506,1.954,0.6504
2026-08-01 17:14:00,133.578,22.859,1.756,0.6477
2026-08-01 17:15:00,129.448,21.589,1.897,0.6948
2026-08-01 17:16:00,130.547,10.697,1.299,0.3722
2026-08-01 17:17:00,126.341,21.062,1.859,0.8077
2026-08-01 17:18:00,125.827,22.615,1.772,0.7928
2026-08-01 17:19:00,128.560,17.368,1.145,0.4178
2026-08-01 17:20:00,127.291,16.839,1.322,0.5476
2026-08-01 17:21:00,125.343,25.748,1.711,0.9423
2026-08-01 17:22:00,126.761,17.418,1.326,0.4978
2026-08-01 17:23:00,131.538,15.729,1.252,0.3918
2026-08-01 17:24:00,127.509,25.694,1.991,0.9379
2026-08-01 17:25:00,134.658,29.697,1.484,0.7251
2026-08-01 17:26:00,134.009,13.696,1.348,0.4005
2026-08-01 17:27:00,128.457,17.569,1.357,0.5110
2026-08-01 17:28:00,132.913,10.052,1.618,0.3923
2026-08-01 17:29:00,126.797,19.715,1.645,0.6842
2026-08-01 17:30:00,129.652,15.657,1.865,0.5190
2026-08-01 17:31:00,129.291,26.512,1.657,0.8105
2026-08-01 17:32:00,133.730,28.315,1.937,0.7783
2026-08-01 17:33:00,129.051,12.323,1.574,0.4319
2026-08-01 17:34:00,126.626,27.276,1.493,0.6736
2026-08-01 17:35:00,131.987,14.300,1.785,0.4944
2026-08-01 17:36:00,131.404,16.159,1.213,0.3977
2026-08-01 17:37:00,128.220,27.715,1.634,0.8518
2026-08-01 17:38:00,132.418,17.305,1.400,0.4267
2026-08-01 17:39:00,131.402,10.337,1.134,0.3464
2026-08-01 17:40:00,126.546,11.036,1.318,0.2654
2026-08-01 17:41:00,127.021,16.753,1.632,0.5145
2026-08-01 17:42:00,131.623,27.688,1.942,0.8031
2026-08-01 17:43:00,131.002,11.773,1.552,0.4410
2026-08-01 17:44:00,125.348,13.911,1.413,0.4141
2026-08-01 17:45:00,127.557,29.347,1.895,0.8570
2026-08-01 17:46:00,125.927,18.229,1.199,0.5753
2026-08-01 17:47:00,134.740,27.453,1.081,0.4353
2026-08-01 17:48:00,129.831,17.668,1.323,0.5505
2026-08-01 17:49:00,130.068,20.366,1.087,0.4745
2026-08-01 17:50:00,126.465,28.939,1.420,0.7560
2026-08-01 17:51:00,129.685,29.128,1.241,0.6589
2026-08-01 17:52:00,134.636,13.311,1.188,0.2839
2026-08-01 17:53:00,133.649,23.535,1.193,0.3870
2026-08-01 17:54:00,129.817,18.484,1.249,0.4795
2026-08-01 17:55:00,133.807,12.995,1.540,0.3698
2026-08-01 17:56:00,129.217,10.515,1.002,0.2823
2026-08-01 17:57:00,131.125,20.156,1.617,0.6490
2026-08-01 17:58:00,128.824,11.875,1.704,0.4149
2026-08-01 17:59:00,131.807,28.767,1.715,0.7320
2026-08-01 18:00:00,132.019,14.999,1.508,0.4399
2026-08-01 18:01:00,126.038,18.796,1.464,0.6562
2026-08-01 18:02:00,133.986,24.528,1.602,0.5767
2026-08-01 18:03:00,127.506,20.153,1.299,0.6291
2026-08-01 18:04:00,132.620,17.547,1.115,0.2626
2026-08-01 18:05:00,134.422,22.592,1.508,0.6498
2026-08-01 18:06:00,127.932,13.954,1.867,0.5970
2026-08-01 18:07:00,134.751,19.815,1.486,0.5283
2026-08-01 18:08:00,132.743,29.263,1.280,0.6018
2026-08-01 18:09:00,132.335,25.695,1.211,0.3639
2026-08-01 18:10:00,126.060,16.694,1.066,0.3753
2026-08-01 18:11:00,129.634,28.253,1.925,0.8822
2026-08-01 18:12:00,129.734,27.497,1.328,0.6772
2026-08-01 18:13:00,133.951,15.429,1.898,0.5391
2026-08-01 18:14:00,129.904,28.684,1.945,0.9885
2026-08-01 18:15:00,128.857,19.707,1.445,0.6615
2026-08-01 18:16:00,129.244,28.656,1.422,0.7037
2026-08-01 18:17:00,134.637,20.993,1.316,0.4693
2026-08-01 18:18:00,131.138,11.935,1.638,0.3584
2026-08-01 18:19:00,129.981,12.783,1.214,0.3762
2026-08-01 18:20:00,132.639,19.957,1.338,0.4539
2026-08-01 18:21:00,127.809,10.497,1.294,0.4151
2026-08-01 18:22:00,133.554,25.368,1.374,0.4648
2026-08-01 18:23:00,131.231,16.154,1.074,0.3016
2026-08-01 18:24:00,127.643,10.626,1.529,0.4528
2026-08-01 18:25:00,125.975,22.973,1.092,0.5910
2026-08-01 18:26:00,130.025,22.113,1.784,0.7572
2026-08-01 18:27:00,132.625,12.532,1.420,0.4405
2026-08-01 18:28:00,128.274,13.625,1.736,0.5409
2026-08-01 18:29:00,134.631,24.868,1.130,0.5419
2026-08-01 18:30:00,130.357,13.022,1.579,0.4573
2026-08-01 18:31:00,133.507,10.129,1.191,0.2853
2026-08-01 18:32:00,126.238,29.994,1.580,0.8204
2026-08-01 18:33:00,130.454,15.803,1.423,0.4407
2026-08-01 18:34:00,134.780,27.821,1.647,0.7087
2026-08-01 18:35:00,129.345,18.282,1.091,0.4117
2026-08-01 18:36:00,132.782,29.256,1.902,0.8730
2026-08-01 18:37:00,132.051,18.598,1.482,0.3754
2026-08-01 18:38:00,128.408,24.986,1.673,0.6938
2026-08-01 18:39:00,133.302,29.313,1.257,0.5235
2026-08-01 18:40:00,129.426,15.646,1.723,0.4736
2026-08-01 18:41:00,128.846,10.594,1.940,0.4318
2026-08-01 18:42:00,131.634,18.973,1.957,0.7299
2026-08-01 18:43:00,127.138,25.226,1.797,0.8453
2026-08-01 18:44:00,134.074,21.280,1.400,0.5597
2026-08-01 18:45:00,125.668,26.705,1.184,0.6328
2026-08-01 18:46:00,133.974,15.334,1.266,0.4235
2026-08-01 18:47:00,130.413,11.359,1.752,0.4471
2026-08-01 18:48:00,131.690,14.418,1.283,0.4557
2026-08-01 18:49:00,134.572,14.575,1.281,0.3156
2026-08-01 18:50:00,134.609,16.705,1.274,0.4607
2026-08-01 18:51:00,133.526,16.236,1.321,0.4530
2026-08-01 18:52:00,132.638,14.684,1.545,0.4844
2026-08-01 18:53:00,130.691,12.437,1.696,0.4552
2026-08-01 18:54:00,127.257,20.437,1.389,0.5251
2026-08-01 18:55:00,129.402,24.228,1.386,0.5948
2026-08-01 18:56:00,130.787,28.167,1.831,0.7383
2026-08-01 18:57:00,127.434,15.515,1.198,0.4717
2026-08-01 18:58:00,131.026,23.211,1.611,0.6216
2026-08-01 18:59:00,130.628,20.551,1.556,0.5636
2026-08-01 19:00:00,132.180,27.678,1.460,0.5275
2026-08-01 19:01:00,131.309,23.901,1.902,0.7130
2026-08-01 19:02:00,133.648,13.659,1.012,0.4273
2026-08-01 19:03:00,129.196,15.327,1.803,0.5445
2026-08-01 19:04:00,130.766,22.490,1.408,0.6222
2026-08-01 19:05:00,131.051,25.024,1.824,0.6909
2026-08-01 19:06:00,128.478,11.574,1.452,0.3117
2026-08-01 19:07:00,131.619,22.928,1.182,0.4650
2026-08-01 19:08:00,128.304,13.408,1.565,0.4748
2026-08-01 19:09:00,132.780,28.859,1.973,0.8318
2026-08-01 19:10:00,134.078,29.275,1.108,0.4782
2026-08-01 19:11:00,127.525,27.184,1.885,0.8453
2026-08-01 19:12:00,130.852,27.211,1.623,0.7914
2026-08-01 19:13:00,133.611,29.223,1.822,0.9141
2026-08-01 19:14:00,130.841,15.721,1.825,0.6371
2026-08-01 19:15:00,129.207,20.452,1.123,0.3541
2026-08-01 19:16:00,131.938,12.678,1.397,0.3936
2026-08-01 19:17:00,129.023,19.124,1.573,0.5534
2026-08-01 19:18:00,129.784,12.093,1.818,0.4534
2026-08-01 19:19:00,134.927,23.833,1.300,0.5301
2026-08-01 19:20:00,128.795,11.513,1.964,0.5292
2026-08-01 19:21:00,134.074,27.191,1.043,0.4383
2026-08-01 19:22:00,132.421,27.031,1.572,0.6738
2026-08-01 19:23:00,129.203,29.312,1.649,0.7314
2026-08-01 19:24:00,134.022,10.545,1.576,0.2780
2026-08-01 19:25:00,126.506,26.372,1.060,0.4865
2026-08-01 19:26:00,134.536,15.857,1.454,0.4071
2026-08-01 19:27:00,132.065,13.918,1.192,0.3585
2026-08-01 19:28:00,130.466,25.011,1.544,0.7100
2026-08-01 19:29:00,129.476,12.401,1.366,0.3660
2026-08-01 19:30:00,134.299,27.516,1.826,0.7673
2026-08-01 19:31:00,133.098,27.507,1.064,0.5073
2026-08-01 19:32:00,130.495,21.119,1.427,0.5333
2026-08-01 19:33:00,133.153,18.455,1.859,0.6412
2026-08-01 19:34:00,130.587,27.790,1.655,0.7581
2026-08-01 19:35:00,132.277,24.247,1.176,0.4532
2026-08-01 19:36:00,131.370,10.644,1.808,0.3459
2026-08-01 19:37:00,126.948,18.240,1.336,0.4519
2026-08-01 19:38:00,127.175,18.596,1.522,0.6459
2026-08-01 19:39:00,132.220,27.123,1.587,0.5842
2026-08-01 19:40:00,127.803,27.655,1.118,0.6372
2026-08-01 19:41:00,133.934,20.871,1.661,0.5447
2026-08-01 19:42:00,130.324,12.245,1.684,0.3434
2026-08-01 19:43:00,126.386,22.182,1.634,0.6754
2026-08-01 19:44:00,132.662,19.209,1.677,0.4415
2026-08-01 19:45:00,132.492,18.458,1.240,0.3149
2026-08-01 19:46:00,131.508,29.686,1.230,0.5695
2026-08-01 19:47:00,134.090,29.917,1.249,0.4514
2026-08-01 19:48:00,132.461,18.192,1.264,0.3304
2026-08-01 19:49:00,132.721,28.692,1.362,0.6009
2026-08-01 19:50:00,130.044,14.892,1.250,0.3909
2026-08-01 19:51:00,132.643,13.870,1.967,0.5703
2026-08-01 19:52:00,129.272,23.134,1.084,0.4657
2026-08-01 19:53:00,129.492,20.009,1.849,0.6995
2026-08-01 19:54:00,131.007,24.915,1.357,0.6033
2026-08-01 19:55:00,132.569,12.198,1.608,0.4569
2026-08-01 19:56:00,125.914,19.648,1.317,0.5409
2026-08-01 19:57:00,129.844,23.636,1.902,0.8237
2026-08-01 19:58:00,125.134,20.021,1.066,0.2905
2026-08-01 19:59:00,130.018,15.727,1.264,0.3796
2026-08-01 20:00:00,129.330,20.016,1.961,0.8349
2026-08-01 20:01:00,125.619,21.705,1.358,0.5567
2026-08-01 20:02:00,128.545,21.007,1.251,0.5310
2026-08-01 20:03:00,127.820,21.318,1.297,0.5460
2026-08-01 20:04:00,133.930,18.856,1.115,0.3295
2026-08-01 20:05:00,129.381,16.620,1.340,0.4806
2026-08-01 20:06:00,125.875,11.408,1.318,0.3496
2026-08-01 20:07:00,129.002,10.929,1.279,0.2959
2026-08-01 20:08:00,131.422,20.676,1.081,0.3712
2026-08-01 20:09:00,134.164,27.176,1.594,0.6055
2026-08-01 20:10:00,133.727,25.714,1.687,0.6195
2026-08-01 20:11:00,129.393,20.725,1.703,0.6337
2026-08-01 20:12:00,131.331,22.790,1.161,0.4627
2026-08-01 20:13:00,134.674,29.529,1.647,0.6826
2026-08-01 20:14:00,126.490,29.345,1.889,0.9210
2026-08-01 20:15:00,133.832,29.896,1.978,1.0218
2026-08-01 20:16:00,133.465,10.330,1.894,0.4504
2026-08-01 20:17:00,134.146,22.724,1.137,0.3217
2026-08-01 20:18:00,134.668,24.901,1.954,0.7715
2026-08-01 20:19:00,126.647,12.061,1.324,0.4033
2026-08-01 20:20:00,130.606,17.265,1.030,0.5575
2026-08-01 20:21:00,126.655,13.302,1.364,0.4460
2026-08-01 20:22:00,127.705,17.693,1.307,0.6063
2026-08-01 20:23:00,132.944,18.824,1.676,0.5408
2026-08-01 20:24:00,133.792,13.567,1.984,0.4735
2026-08-01 20:25:00,129.572,19.922,1.727,0.5844
2026-08-01 20:26:00,132.477,13.752,1.678,0.5131
2026-08-01 20:27:00,127.045,28.446,1.169,0.5166
2026-08-01 20:28:00,129.525,13.390,1.720,0.4613
2026-08-01 20:29:00,125.042,20.251,1.272,0.5693
2026-08-01 20:30:00,132.787,16.886,1.279,0.3826
2026-08-01 20:31:00,127.665,18.455,1.433,0.5498
2026-08-01 20:32:00,125.342,17.788,1.893,0.6615
2026-08-01 20:33:00,128.517,29.573,1.217,0.4469
2026-08-01 20:34:00,128.579,23.272,1.892,0.8809
2026-08-01 20:35:00,132.195,10.974,1.496,0.4190
2026-08-01 20:36:00,128.663,26.702,1.069,0.4746
2026-08-01 20:37:00,128.009,20.909,1.674,0.6823
2026-08-01 20:38:00,125.081,12.330,1.671,0.4593
2026-08-01 20:39:00,132.817,19.432,1.966,0.6631
2026-08-01 20:40:00,125.732,12.670,1.320,0.5533
2026-08-01 20:41:00,128.427,21.150,1.099,0.5503
2026-08-01 20:42:00,127.463,17.414,1.444,0.5446
2026-08-01 20:43:00,134.551,11.336,1.282,0.1731
2026-08-01 20:44:00,131.063,23.071,1.547,0.6508
2026-08-01 20:45:00,125.291,14.668,1.569,0.5252
2026-08-01 20:46:00,131.755,25.327,1.343,0.5348
2026-08-01 20:47:00,133.828,28.076,1.953,0.8267
2026-08-01 20:48:00,131.682,14.855,1.174,0.4630
2026-08-01 20:49:00,130.236,16.117,1.217,0.4041
2026-08-01 20:50:00,128.267,10.932,1.385,0.4197
2026-08-01 20:51:00,131.191,19.630,1.539,0.5817
2026-08-01 20:52:00,125.412,26.806,1.536,0.7753
2026-08-01 20:53:00,127.249,12.203,1.706,0.5335
2026-08-01 20:54:00,134.204,13.355,1.087,0.2537
2026-08-01 20:55:00,132.107,24.892,1.944,0.7147
2026-08-01 20:56:00,125.947,22.762,1.055,0.5640
2026-08-01 20:57:00,131.705,13.987,1.637,0.3727
2026-08-01 20:58:00,133.996,13.425,1.525,0.4123
2026-08-01 20:59:00,131.707,11.409,1.248,0.4134
2026-08-01 21:00:00,130.907,10.353,1.378,0.3400
2026-08-01 21:01:00,129.947,18.452,1.491,0.5693
2026-08-01 21:02:00,130.911,12.157,1.054,0.3119
2026-08-01 21:03:00,133.711,15.842,1.361,0.4702
2026-08-01 21:04:00,128.160,27.479,1.416,0.7470
2026-08-01 21:05:00,132.723,10.987,1.492,0.2579
2026-08-01 21:06:00,131.411,25.935,1.483,0.7101
2026-08-01 21:07:00,126.307,17.632,1.974,0.7438
2026-08-01 21:08:00,127.387,18.238,1.883,0.6644
2026-08-01 21:09:00,133.837,29.453,1.701,0.6759
2026-08-01 21:10:00,128.243,21.370,1.977,0.8202
2026-08-01 21:11:00,129.092,10.733,1.329,0.2993
2026-08-01 21:12:00,128.327,25.877,1.303,0.5952
2026-08-01 21:13:00,130.560,21.090,1.464,0.5614
2026-08-01 21:14:00,125.661,25.541,1.681,0.8159
2026-08-01 21:15:00,129.416,13.024,1.706,0.5359
2026-08-01 21:16:00,129.998,15.250,1.652,0.5906
2026-08-01 21:17:00,133.142,28.211,1.192,0.5831
2026-08-01 21:18:00,127.127,18.597,1.218,0.5587
2026-08-01 21:19:00,128.881,20.214,1.313,0.4939
2026-08-01 21:20:00,130.268,22.863,1.435,0.5375
2026-08-01 21:21:00,133.097,20.566,1.364,0.4803
2026-08-01 21:22:00,132.019,25.012,1.667,0.6564
2026-08-01 21:23:00,125.450,14.463,1.668,0.4890
2026-08-01 21:24:00,128.493,28.417,1.319,0.6109
2026-08-01 21:25:00,127.174,11.074,1.745,0.5129
2026-08-01 21:26:00,126.228,19.990,1.368,0.6323
2026-08-01 21:27:00,127.754,29.953,1.035,0.5065
2026-08-01 21:28:00,130.714,23.176,1.653,0.7337
2026-08-01 21:29:00,133.169,19.643,1.789,0.6171
2026-08-01 21:30:00,133.850,29.051,1.678,0.5813
2026-08-01 21:31:00,128.355,11.560,1.188,0.2392
2026-08-01 21:32:00,127.305,18.448,1.431,0.5686
2026-08-01 21:33:00,130.738,28.071,1.800,0.7035
2026-08-01 21:34:00,131.664,23.605,1.073,0.3499
2026-08-01 21:35:00,130.528,17.369,1.944,0.5674
2026-08-01 21:36:00,133.300,29.551,1.040,0.4457
2026-08-01 21:37:00,128.958,25.183,1.187,0.5373
2026-08-01 21:38:00,128.317,29.546,1.613,0.6819
2026-08-01 21:39:00,130.668,21.674,1.473,0.6183
2026-08-01 21:40:00,131.599,10.164,1.600,0.3588
2026-08-01 21:41:00,128.344,29.439,1.453,0.6256
2026-08-01 21:42:00,127.537,26.481,1.833,0.8571
2026-08-01 21:43:00,134.667,21.006,1.965,0.6378
2026-08-01 21:44:00,132.078,13.218,1.771,0.4305
2026-08-01 21:45:00,131.131,27.619,1.595,0.6314
2026-08-01 21:46:00,127.848,22.747,1.379,0.5863
2026-08-01 21:47:00,134.215,10.061,1.633,0.3212
2026-08-01 21:48:00,130.287,19.876,1.794,0.6513
2026-08-01 21:49:00,127.701,29.646,1.788,0.8734
2026-08-01 21:50:00,128.615,21.720,1.008,0.4250
2026-08-01 21:51:00,128.722,24.215,1.700,0.7241
2026-08-01 21:52:00,125.341,23.161,1.203,0.4261
2026-08-01 21:53:00,129.090,20.375,1.533,0.5920
2026-08-01 21:54:00,127.607,23.842,1.745,0.7091
2026-08-01 21:55:00,129.523,13.915,1.958,0.6524
2026-08-01 21:56:00,130.607,16.759,1.036,0.3677
2026-08-01 21:57:00,128.356,27.788,1.328,0.6840
2026-08-01 21:58:00,125.305,15.397,1.062,0.3448
2026-08-01 21:59:00,134.275,18.335,1.771,0.6211
2026-08-01 22:00:00,126.176,12.068,1.172,0.2788
2026-08-01 22:01:00,128.506,28.610,1.124,0.5344
2026-08-01 22:02:00,132.272,15.386,1.097,0.2728
2026-08-01 22:03:00,133.794,21.619,1.710,0.6539
2026-08-01 22:04:00,131.462,17.975,1.090,0.4726
2026-08-01 22:05:00,127.404,16.934,1.448,0.5417
2026-08-01 22:06:00,131.635,13.364,1.160,0.2289
2026-08-01 22:07:00,129.024,29.920,1.631,0.7470
2026-08-01 22:08:00,132.448,15.784,1.144,0.5299
2026-08-01 22:09:00,128.955,17.929,1.233,0.4922
2026-08-01 22:10:00,125.878,13.855,1.857,0.5613
2026-08-01 22:11:00,130.267,22.552,1.017,0.4638
2026-08-01 22:12:00,125.422,11.723,1.035,0.3128
2026-08-01 22:13:00,131.234,23.259,1.734,0.8525
2026-08-01 22:14:00,128.173,20.062,1.212,0.4799
2026-08-01 22:15:00,133.821,22.950,1.232,0.4469
2026-08-01 22:16:00,130.009,10.094,1.008,0.2304
2026-08-01 22:17:00,125.340,23.470,1.511,0.6668
2026-08-01 22:18:00,131.385,10.914,1.396,0.2892
2026-08-01 22:19:00,133.311,28.350,1.833,0.7216
2026-08-01 22:20:00,125.449,25.868,1.104,0.5010
2026-08-01 22:21:00,132.449,12.478,1.998,0.5567
2026-08-01 22:22:00,132.615,21.125,1.055,0.3710
2026-08-01 22:23:00,131.806,29.137,1.220,0.5155
2026-08-01 22:24:00,129.901,14.852,1.140,0.2735
2026-08-01 22:25:00,131.474,11.454,1.777,0.4796
2026-08-01 22:26:00,129.896,18.451,1.284,0.5560
2026-08-01 22:27:00,128.763,12.764,1.023,0.2427
2026-08-01 22:28:00,125.497,25.551,1.531,0.6911
2026-08-01 22:29:00,129.963,28.243,1.239,0.5143
2026-08-01 22:30:00,132.830,18.992,1.620,0.5998
2026-08-01 22:31:00,125.509,29.958,1.447,0.8092
2026-08-01 22:32:00,125.372,13.802,1.086,0.3682
2026-08-01 22:33:00,126.693,28.355,1.900,0.8621
2026-08-01 22:34:00,127.952,16.470,1.227,0.4509
2026-08-01 22:35:00,130.000,28.038,1.008,0.4753
2026-08-01 22:36:00,133.287,28.090,1.582,0.6979
2026-08-01 22:37:00,125.297,16.977,1.828,0.6293
2026-08-01 22:38:00,132.819,10.406,1.493,0.2620
2026-08-01 22:39:00,132.144,16.052,1.849,0.4735
2026-08-01 22:40:00,129.992,18.727,1.074,0.4562
2026-08-01 22:41:00,126.924,29.676,1.285,0.7143
2026-08-01 22:42:00,125.850,23.794,1.642,0.6506
2026-08-01 22:43:00,126.582,22.697,1.773,0.7269
2026-08-01 22:44:00,128.328,22.904,1.078,0.4087
2026-08-01 22:45:00,130.308,17.925,1.612,0.6153
2026-08-01 22:46:00,128.494,23.793,1.770,0.7678
2026-08-01 22:47:00,130.588,15.593,1.127,0.4471
2026-08-01 22:48:00,133.814,25.046,1.148,0.4369
2026-08-01 22:49:00,126.298,23.037,1.508,0.5879
2026-08-01 22:50:00,133.944,24.926,1.433,0.5198
2026-08-01 22:51:00,126.943,13.027,1.425,0.3805
2026-08-01 22:52:00,129.925,21.046,1.868,0.7886
2026-08-01 22:53:00,132.336,13.834,1.066,0.4099
2026-08-01 22:54:00,131.969,16.237,1.736,0.5718
2026-08-01 22:55:00,132.582,25.838,1.818,0.7113
2026-08-01 22:56:00,132.136,18.348,1.384,0.4833
2026-08-01 22:57:00,125.160,10.997,1.693,0.3829
2026-08-01 22:58:00,129.960,27.841,1.587,0.7121
2026-08-01 22:59:00,128.791,12.147,1.265,0.2495
2026-08-01 23:00:00,134.279,19.946,1.512,0.5417
2026-08-01 23:01:00,134.547,19.507,1.058,0.3413
2026-08-01 23:02:00,127.563,17.982,1.810,0.7226
2026-08-01 23:03:00,132.120,10.104,1.056,0.2763
2026-08-01 23:04:00,127.371,15.083,1.291,0.3975
2026-08-01 23:05:00,132.486,13.111,1.410,0.4341
2026-08-01 23:06:00,127.991,13.272,1.500,0.3802
2026-08-01 23:07:00,132.306,12.528,1.533,0.5525
2026-08-01 23:08:00,125.271,26.481,1.603,0.7014
2026-08-01 23:09:00,132.027,12.019,1.917,0.5265
2026-08-01 23:10:00,129.208,16.660,1.478,0.5778
2026-08-01 23:11:00,132.386,21.597,1.652,0.6275
2026-08-01 23:12:00,125.916,10.818,1.089,0.2375
2026-08-01 23:13:00,133.680,20.501,1.842,0.5986
2026-08-01 23:14:00,131.655,19.276,1.338,0.4111
2026-08-01 23:15:00,128.708,27.162,1.591,0.7342
2026-08-01 23:16:00,128.415,12.321,1.981,0.6067
2026-08-01 23:17:00,127.955,11.169,1.758,0.4969
2026-08-01 23:18:00,130.888,12.943,1.405,0.3881
2026-08-01 23:19:00,125.394,19.526,1.451,0.5130
2026-08-01 23:20:00,132.120,12.100,1.146,0.3908
2026-08-01 23:21:00,132.867,22.314,1.631,0.6041
2026-08-01 23:22:00,127.533,25.868,1.553,0.6922
2026-08-01 23:23:00,126.400,21.110,1.593,0.6843
2026-08-01 23:24:00,134.715,17.169,1.268,0.2847
2026-08-01 23:25:00,131.340,18.934,1.710,0.5980
2026-08-01 23:26:00,131.939,14.849,1.299,0.3690
2026-08-01 23:27:00,131.324,27.042,1.447,0.6216
2026-08-01 23:28:00,127.492,16.470,1.149,0.4783
2026-08-01 23:29:00,133.017,27.173,1.715,0.6499
2026-08-01 23:30:00,129.814,29.318,1.176,0.5509
2026-08-01 23:31:00,127.634,15.113,1.587,0.4898
2026-08-01 23:32:00,130.935,27.158,1.825,0.7925
2026-08-01 23:33:00,133.836,26.729,1.590,0.7040
2026-08-01 23:34:00,132.762,22.227,1.605,0.5969
2026-08-01 23:35:00,132.116,26.677,1.880,0.7847
2026-08-01 23:36:00,127.674,18.510,1.997,0.6139
2026-08-01 23:37:00,127.790,22.058,1.195,0.5476
2026-08-01 23:38:00,133.309,18.114,1.476,0.3834
2026-08-01 23:39:00,132.997,29.978,1.363,0.5808
2026-08-01 23:40:00,133.612,20.637,1.070,0.3256
2026-08-01 23:41:00,134.487,14.745,1.367,0.2371
2026-08-01 23:42:00,128.655,23.403,1.700,0.7314
2026-08-01 23:43:00,130.999,25.161,1.851,0.7559
2026-08-01 23:44:00,130.643,27.227,1.822,0.8409
2026-08-01 23:45:00,128.036,10.254,1.020,0.2870
2026-08-01 23:46:00,130.461,24.946,1.395,0.6293
2026-08-01 23:47:00,134.842,20.611,1.949,0.6968
2026-08-01 23:48:00,134.356,24.529,1.553,0.6296
2026-08-01 23:49:00,130.193,20.547,1.980,0.8106
2026-08-01 23:50:00,127.448,16.594,1.344,0.4981
2026-08-01 23:51:00,133.351,10.702,1.400,0.3232
2026-08-01 23:52:00,133.569,16.407,1.456,0.4300
2026-08-01 23:53:00,130.629,23.120,1.853,0.7654
2026-08-01 23:54:00,129.679,10.194,1.290,0.3368
2026-08-01 23:55:00,126.819,28.429,1.437,0.7347
2026-08-01 23:56:00,128.298,17.986,1.786,0.6423
2026-08-01 23:57:00,125.145,11.258,1.331,0.5118
2026-08-01 23:58:00,129.385,27.640,1.408,0.7391
2026-08-01 23:59:00,126.281,13.614,1.881,0.5528
2026-08-02 00:00:00,130.174,11.166,1.352,0.3380
2026-08-02 00:01:00,127.482,11.569,1.547,0.5247
2026-08-02 00:02:00,133.867,20.560,1.068,0.3199
2026-08-02 00:03:00,126.233,15.718,1.951,0.6136
2026-08-02 00:04:00,129.396,26.836,1.662,0.9123
2026-08-02 00:05:00,126.388,20.911,1.963,0.7926
2026-08-02 00:06:00,130.697,15.562,1.812,0.4467
2026-08-02 00:07:00,128.152,21.685,1.763,0.6762
2026-08-02 00:08:00,126.045,28.881,1.135,0.5440
2026-08-02 00:09:00,131.005,27.248,1.487,0.7047
2026-08-02 00:10:00,130.381,12.730,1.015,0.2804
2026-08-02 00:11:00,127.103,27.439,1.562,0.6636
2026-08-02 00:12:00,134.668,17.325,1.957,0.4212
2026-08-02 00:13:00,132.883,17.689,1.386,0.4782
2026-08-02 00:14:00,131.173,20.081,1.348,0.4977
2026-08-02 00:15:00,134.434,25.364,1.286,0.5784
2026-08-02 00:16:00,132.469,18.450,1.575,0.4918
2026-08-02 00:17:00,129.827,23.221,1.905,0.7701
2026-08-02 00:18:00,134.632,13.403,1.589,0.3709
2026-08-02 00:19:00,131.420,15.902,1.754,0.5108
2026-08-02 00:20:00,126.365,28.957,1.368,0.7062
2026-08-02 00:21:00,125.986,18.401,1.370,0.5087
2026-08-02 00:22:00,125.923,24.528,1.237,0.4705
2026-08-02 00:23:00,128.554,11.591,1.097,0.3735
2026-08-02 00:24:00,125.084,10.606,1.836,0.5219
2026-08-02 00:25:00,130.588,11.053,1.727,0.4633
2026-08-02 00:26:00,129.364,24.029,1.131,0.5596
2026-08-02 00:27:00,128.639,11.135,1.538,0.3879
2026-08-02 00:28:00,129.295,22.040,1.625,0.6458
2026-08-02 00:29:00,129.244,15.014,1.865,0.5266
2026-08-02 00:30:00,134.882,12.807,1.141,0.3293
2026-08-02 00:31:00,129.187,23.855,1.113,0.3799
2026-08-02 00:32:00,134.221,20.878,1.258,0.4518
2026-08-02 00:33:00,133.537,27.825,1.239,0.5560
2026-08-02 00:34:00,129.278,24.544,1.147,0.4155
2026-08-02 00:35:00,125.423,16.454,1.877,0.7687
2026-08-02 00:36:00,133.482,12.531,1.993,0.3776
2026-08-02 00:37:00,127.123,22.745,1.655,0.6361
2026-08-02 00:38:00,125.585,16.949,1.757,0.6581
2026-08-02 00:39:00,133.711,13.310,1.525,0.4378
2026-08-02 00:40:00,131.583,21.461,1.625,0.5330
2026-08-02 00:41:00,126.781,23.234,1.851,0.8593
2026-08-02 00:42:00,127.890,15.711,1.886,0.6873
2026-08-02 00:43:00,132.457,24.434,1.326,0.5092
2026-08-02 00:44:00,126.234,11.362,1.797,0.5155
2026-08-02 00:45:00,132.226,24.594,1.016,0.4820
2026-08-02 00:46:00,129.584,12.114,1.122,0.3947
2026-08-02 00:47:00,133.372,23.814,1.293,0.4705
2026-08-02 00:48:00,131.430,18.704,1.493,0.4698
2026-08-02 00:49:00,134.821,13.037,1.232,0.2955
2026-08-02 00:50:00,133.571,10.422,1.871,0.3388
2026-08-02 00:51:00,128.437,26.907,1.542,0.7872
2026-08-02 00:52:00,129.816,27.595,1.413,0.6730
2026-08-02 00:53:00,134.395,17.400,1.794,0.5530
2026-08-02 00:54:00,126.521,23.187,1.706,0.8223
2026-08-02 00:55:00,129.172,27.394,1.754,0.8523
2026-08-02 00:56:00,130.763,11.792,1.324,0.3980
2026-08-02 00:57:00,128.512,20.120,1.314,0.5459
2026-08-02 00:58:00,125.942,18.498,1.300,0.5961
2026-08-02 00:59:00,127.064,14.311,1.790,0.4989
2026-08-02 01:00:00,129.330,15.016,1.382,0.4689
2026-08-02 01:01:00,133.722,28.359,1.123,0.5735
2026-08-02 01:02:00,130.720,23.898,1.502,0.5995
2026-08-02 01:03:00,127.985,22.490,1.211,0.4764
2026-08-02 01:04:00,126.680,22.945,1.577,0.6697
2026-08-02 01:05:00,131.183,18.264,1.525,0.5259
2026-08-02 01:06:00,126.807,25.752,1.271,0.6575
2026-08-02 01:07:00,125.707,24.916,1.926,0.9021
2026-08-02 01:08:00,125.330,18.726,1.440,0.6465
2026-08-02 01:09:00,131.977,12.935,1.532,0.4362
2026-08-02 01:10:00,133.864,11.949,1.714,0.4640
2026-08-02 01:11:00,130.301,25.898,1.638,0.7158
2026-08-02 01:12:00,127.791,24.056,1.040,0.4431
2026-08-02 01:13:00,127.044,18.997,1.493,0.5020
2026-08-02 01:14:00,127.763,12.722,1.902,0.4131
2026-08-02 01:15:00,128.052,25.468,1.889,0.8299
2026-08-02 01:16:00,131.039,17.183,1.129,0.2236
2026-08-02 01:17:00,134.235,25.534,1.298,0.5094
2026-08-02 01:18:00,127.241,23.985,1.275,0.6064
2026-08-02 01:19:00,128.593,28.601,1.916,0.9127
2026-08-02 01:20:00,130.945,11.357,1.968,0.3189
2026-08-02 01:21:00,129.431,22.868,1.439,0.5684
2026-08-02 01:22:00,126.166,25.851,1.695,0.8334
2026-08-02 01:23:00,126.566,15.829,1.167,0.4849
2026-08-02 01:24:00,130.785,24.739,1.660,0.7268
2026-08-02 01:25:00,131.086,15.955,1.048,0.3293
2026-08-02 01:26:00,130.886,22.699,1.078,0.4560
2026-08-02 01:27:00,133.152,23.611,1.394,0.6496
2026-08-02 01:28:00,126.924,27.902,1.857,0.9010
2026-08-02 01:29:00,129.509,29.018,1.013,0.3862
2026-08-02 01:30:00,129.655,29.937,1.331,0.6054
2026-08-02 01:31:00,127.152,23.877,1.634,0.6799
2026-08-02 01:32:00,132.096,21.579,1.307,0.4195
2026-08-02 01:33:00,128.123,23.657,1.007,0.3920
2026-08-02 01:34:00,131.190,24.946,1.531,0.8043
2026-08-02 01:35:00,129.213,26.315,1.123,0.4418
2026-08-02 01:36:00,127.400,15.819,1.315,0.4208
2026-08-02 01:37:00,127.069,24.177,1.899,1.0169
2026-08-02 01:38:00,129.919,13.841,1.593,0.5021
2026-08-02 01:39:00,127.405,12.061,1.732,0.5134
2026-08-02 01:40:00,131.741,25.864,1.159,0.5192
2026-08-02 01:41:00,131.171,21.604,1.748,0.6801
2026-08-02 01:42:00,132.900,19.520,1.169,0.3739
2026-08-02 01:43:00,126.332,17.965,1.877,0.7353
2026-08-02 01:44:00,133.822,15.113,1.690,0.5095
2026-08-02 01:45:00,130.232,21.724,1.671,0.5533
2026-08-02 01:46:00,131.512,11.704,1.220,0.2752
2026-08-02 01:47:00,134.791,23.934,1.432,0.4352
2026-08-02 01:48:00,130.191,19.752,1.040,0.3295
2026-08-02 01:49:00,133.799,22.611,1.346,0.5295
2026-08-02 01:50:00,128.248,10.632,1.023,0.2321
2026-08-02 01:51:00,133.301,17.487,1.006,0.3031
2026-08-02 01:52:00,134.356,17.993,1.181,0.2072
2026-08-02 01:53:00,126.874,21.556,1.677,0.6236
2026-08-02 01:54:00,129.984,28.038,1.233,0.4925
2026-08-02 01:55:00,133.952,24.334,1.900,0.6316
2026-08-02 01:56:00,128.564,26.122,1.553,0.7129
2026-08-02 01:57:00,131.960,25.175,1.449,0.6017
2026-08-02 01:58:00,126.017,13.912,1.424,0.5136
2026-08-02 01:59:00,128.008,20.270,1.449,0.6506
2026-08-02 02:00:00,131.594,24.700,1.210,0.5810
2026-08-02 02:01:00,129.418,20.717,1.418,0.5732
2026-08-02 02:02:00,131.585,28.989,1.014,0.4691
2026-08-02 02:03:00,130.527,20.362,1.415,0.5482
2026-08-02 02:04:00,134.294,20.957,1.382,0.4231
2026-08-02 02:05:00,126.202,12.397,1.043,0.3298
2026-08-02 02:06:00,131.235,11.582,1.608,0.3710
2026-08-02 02:07:00,129.561,11.177,1.786,0.3813
2026-08-02 02:08:00,134.268,12.993,1.191,0.1906
2026-08-02 02:09:00,133.565,23.438,1.461,0.4132
2026-08-02 02:10:00,128.167,13.562,1.913,0.5664
2026-08-02 02:11:00,133.339,12.161,1.900,0.4237
2026-08-02 02:12:00,130.753,22.256,1.260,0.4518
2026-08-02 02:13:00,127.906,27.167,1.220,0.5031
2026-08-02 02:14:00,125.915,10.660,1.219,0.2979
2026-08-02 02:15:00,126.668,20.123,1.589,0.5806
2026-08-02 02:16:00,131.290,13.834,1.840,0.5283
2026-08-02 02:17:00,129.979,28.288,1.244,0.6163
2026-08-02 02:18:00,126.338,18.370,1.643,0.6080
2026-08-02 02:19:00,133.935,22.945,1.710,0.7051
2026-08-02 02:20:00,130.782,18.695,1.134,0.3543
2026-08-02 02:21:00,134.655,26.356,1.089,0.3208
2026-08-02 02:22:00,127.753,19.854,1.089,0.5104
2026-08-02 02:23:00,126.839,28.918,1.451,0.5950
2026-08-02 02:24:00,133.721,17.179,1.257,0.3571
2026-08-02 02:25:00,132.509,24.429,1.357,0.5915
2026-08-02 02:26:00,127.119,11.772,1.975,0.6332
2026-08-02 02:27:00,128.513,13.242,1.324,0.3826
2026-08-02 02:28:00,128.182,20.592,1.329,0.4954
2026-08-02 02:29:00,132.050,15.186,1.740,0.6440
2026-08-02 02:30:00,127.154,11.179,1.941,0.5837
2026-08-02 02:31:00,125.770,14.954,1.645,0.6325
2026-08-02 02:32:00,133.182,15.418,1.769,0.5455
2026-08-02 02:33:00,125.115,22.463,1.228,0.5865
2026-08-02 02:34:00,131.082,13.324,1.187,0.3457
2026-08-02 02:35:00,128.086,28.567,1.998,0.9510
2026-08-02 02:36:00,129.232,15.740,1.966,0.5329
2026-08-02 02:37:00,125.674,29.272,1.344,0.6034
2026-08-02 02:38:00,126.656,18.471,1.804,0.7378
2026-08-02 02:39:00,130.012,24.645,1.282,0.6179
2026-08-02 02:40:00,128.834,23.566,1.054,0.4592
2026-08-02 02:41:00,129.505,15.621,1.694,0.4823
2026-08-02 02:42:00,125.052,18.872,1.538,0.6367
2026-08-02 02:43:00,134.280,14.586,1.053,0.3099
2026-08-02 02:44:00,130.199,27.691,1.423,0.5301
2026-08-02 02:45:00,129.352,27.727,1.586,0.8209
2026-08-02 02:46:00,133.678,17.196,1.395,0.4860
2026-08-02 02:47:00,125.626,18.174,1.044,0.3451
2026-08-02 02:48:00,129.467,16.055,1.937,0.6343
2026-08-02 02:49:00,130.762,15.980,1.928,0.5943
2026-08-02 02:50:00,127.775,11.750,1.887,0.6009
2026-08-02 02:51:00,127.596,22.797,1.697,0.6936
2026-08-02 02:52:00,126.616,25.362,1.905,0.8122
2026-08-02 02:53:00,132.060,16.815,1.856,0.5853
2026-08-02 02:54:00,131.685,20.035,1.544,0.4959
2026-08-02 02:55:00,129.093,10.440,1.512,0.4286
2026-08-02 02:56:00,126.001,22.599,1.618,0.7081
2026-08-02 02:57:00,126.854,16.499,1.284,0.3884
2026-08-02 02:58:00,129.035,12.955,1.119,0.2777
2026-08-02 02:59:00,127.482,10.223,1.929,0.4589
2026-08-02 03:00:00,132.366,18.539,1.492,0.4852
2026-08-02 03:01:00,125.793,23.396,1.086,0.3912
2026-08-02 03:02:00,128.907,14.800,1.946,0.5457
2026-08-02 03:03:00,133.876,13.358,1.808,0.4828
2026-08-02 03:04:00,128.381,22.260,1.646,0.7602
2026-08-02 03:05:00,132.614,21.871,1.991,0.7130
2026-08-02 03:06:00,128.005,16.099,1.821,0.6289
2026-08-02 03:07:00,131.457,27.014,1.080,0.6087
2026-08-02 03:08:00,130.580,21.941,1.720,0.6887
2026-08-02 03:09:00,130.220,26.305,1.120,0.3744
2026-08-02 03:10:00,126.477,28.477,1.775,0.9098
2026-08-02 03:11:00,125.512,23.503,1.270,0.5902
2026-08-02 03:12:00,126.332,15.846,1.349,0.4496
2026-08-02 03:13:00,132.547,23.547,1.832,0.6494
2026-08-02 03:14:00,134.979,18.420,1.131,0.4057
2026-08-02 03:15:00,127.596,13.628,1.944,0.4377
2026-08-02 03:16:00,127.646,13.486,1.127,0.3191
2026-08-02 03:17:00,128.842,13.073,1.025,0.2759
2026-08-02 03:18:00,128.605,19.300,1.026,0.3457
2026-08-02 03:19:00,131.378,21.889,1.810,0.6892
2026-08-02 03:20:00,129.475,29.491,1.480,0.6270
2026-08-02 03:21:00,131.250,23.465,1.508,0.6395
2026-08-02 03:22:00,125.973,14.641,1.835,0.7955
2026-08-02 03:23:00,132.418,26.705,1.513,0.5859
2026-08-02 03:24:00,132.709,29.678,1.957,0.8988
2026-08-02 03:25:00,134.500,18.258,1.004,0.3279
2026-08-02 03:26:00,131.548,27.603,1.163,0.5229
2026-08-02 03:27:00,130.759,24.884,1.788,0.7250
2026-08-02 03:28:00,130.813,16.322,1.915,0.6185
2026-08-02 03:29:00,125.918,10.135,1.706,0.4597
2026-08-02 03:30:00,128.296,23.965,1.298,0.6119
2026-08-02 03:31:00,133.905,29.307,1.841,0.8411
2026-08-02 03:32:00,133.842,12.712,1.220,0.3811
2026-08-02 03:33:00,134.546,28.303,1.439,0.5585
2026-08-02 03:34:00,131.714,14.140,1.784,0.5202
2026-08-02 03:35:00,127.233,20.830,1.404,0.5663
2026-08-02 03:36:00,133.308,21.052,1.825,0.7071
2026-08-02 03:37:00,130.788,14.416,1.603,0.3814
2026-08-02 03:38:00,125.962,10.479,1.862,0.5651
2026-08-02 03:39:00,125.587,13.474,1.235,0.4185
2026-08-02 03:40:00,131.235,17.810,1.636,0.6259
2026-08-02 03:41:00,131.587,13.784,1.662,0.4703
2026-08-02 03:42:00,128.089,23.419,1.415,0.5984
2026-08-02 03:43:00,134.361,19.761,1.433,0.4424
2026-08-02 03:44:00,126.766,17.081,1.917,0.6794
2026-08-02 03:45:00,126.547,14.657,1.222,0.2864
2026-08-02 03:46:00,128.695,23.246,1.096,0.4541
2026-08-02 03:47:00,129.984,27.838,1.516,0.6595
2026-08-02 03:48:00,129.659,23.015,1.880,0.7806
2026-08-02 03:49:00,131.917,18.179,1.977,0.6251
2026-08-02 03:50:00,126.989,10.559,1.898,0.5186
2026-08-02 03:51:00,130.191,25.805,1.771,0.7630
2026-08-02 03:52:00,130.023,20.494,1.109,0.3129
2026-08-02 03:53:00,134.050,11.309,1.621,0.3704
2026-08-02 03:54:00,133.052,24.546,1.651,0.7058
2026-08-02 03:55:00,133.795,14.601,1.495,0.4670
2026-08-02 03:56:00,133.753,15.978,1.842,0.4903
2026-08-02 03:57:00,126.006,23.022,1.983,0.7932
2026-08-02 03:58:00,130.044,13.775,1.972,0.6426
2026-08-02 03:59:00,133.709,16.437,1.020,0.3323
2026-08-02 04:00:00,133.252,23.953,1.036,0.3458
2026-08-02 04:01:00,134.155,16.305,1.053,0.2620
2026-08-02 04:02:00,125.424,11.834,1.312,0.3915
2026-08-02 04:03:00,129.200,12.001,1.746,0.5247
2026-08-02 04:04:00,126.158,20.825,1.575,0.6407
2026-08-02 04:05:00,126.225,29.968,1.486,0.6673
2026-08-02 04:06:00,130.586,20.464,1.735,0.5377
2026-08-02 04:07:00,134.858,29.548,1.257,0.4870
2026-08-02 04:08:00,132.561,28.131,1.991,0.8163
2026-08-02 04:09:00,130.376,27.548,1.247,0.4938
2026-08-02 04:10:00,133.361,18.944,1.372,0.5443
2026-08-02 04:11:00,131.313,21.305,1.852,0.6081
2026-08-02 04:12:00,125.854,22.700,1.788,0.7488
2026-08-02 04:13:00,131.269,10.171,1.153,0.3891
2026-08-02 04:14:00,125.774,10.874,1.062,0.2459
2026-08-02 04:15:00,128.728,29.190,1.654,0.7919
2026-08-02 04:16:00,128.674,18.795,1.696,0.7166
2026-08-02 04:17:00,134.861,26.713,1.893,0.7541
2026-08-02 04:18:00,126.274,12.451,1.030,0.3331
2026-08-02 04:19:00,133.474,15.154,1.869,0.4951
2026-08-02 04:20:00,128.036,11.048,1.337,0.3001
2026-08-02 04:21:00,129.805,25.249,1.362,0.4938
2026-08-02 04:22:00,133.869,15.173,1.645,0.4538
2026-08-02 04:23:00,129.204,25.819,1.860,0.8494
2026-08-02 04:24:00,131.765,25.580,1.413,0.7084
2026-08-02 04:25:00,133.839,12.057,1.007,0.2088
2026-08-02 04:26:00,126.988,15.715,1.648,0.6420
2026-08-02 04:27:00,128.304,20.714,1.554,0.6760
2026-08-02 04:28:00,131.077,26.134,1.971,0.8043
2026-08-02 04:29:00,128.731,25.958,1.528,0.6897
2026-08-02 04:30:00,129.422,20.782,1.630,0.6381
2026-08-02 04:31:00,132.147,23.905,1.874,0.6651
2026-08-02 04:32:00,133.679,28.784,1.270,0.5321
2026-08-02 04:33:00,128.769,18.215,1.014,0.3192
2026-08-02 04:34:00,127.661,12.623,1.749,0.4987
2026-08-02 04:35:00,132.319,12.721,1.683,0.4279
2026-08-02 04:36:00,130.970,17.496,1.881,0.6305
2026-08-02 04:37:00,132.429,12.324,1.233,0.2761
2026-08-02 04:38:00,134.400,27.621,1.430,0.5288
2026-08-02 04:39:00,127.294,20.815,1.049,0.3229
2026-08-02 04:40:00,132.584,25.382,1.713,0.7579
2026-08-02 04:41:00,127.719,29.871,1.191,0.5902
2026-08-02 04:42:00,127.458,18.080,1.554,0.6429
2026-08-02 04:43:00,132.201,26.043,1.505,0.6218
2026-08-02 04:44:00,127.865,24.688,1.409,0.6267
2026-08-02 04:45:00,125.128,15.087,1.049,0.3533
2026-08-02 04:46:00,129.219,12.315,1.606,0.4212
2026-08-02 04:47:00,128.618,10.198,1.512,0.3831
2026-08-02 04:48:00,125.241,26.537,1.242,0.5882
2026-08-02 04:49:00,128.494,29.597,1.662,0.8637
2026-08-02 04:50:00,128.613,17.741,1.972,0.7926
2026-08-02 04:51:00,130.319,20.673,1.931,0.8131
2026-08-02 04:52:00,129.923,13.920,1.889,0.6512
2026-08-02 04:53:00,126.640,25.542,1.752,0.7468
2026-08-02 04:54:00,131.969,10.419,1.801,0.4786
2026-08-02 04:55:00,134.134,12.698,1.713,0.4288
2026-08-02 04:56:00,132.946,28.787,1.410,0.6226
2026-08-02 04:57:00,126.587,16.100,1.188,0.3787
2026-08-02 04:58:00,130.526,20.809,1.757,0.6460
2026-08-02 04:59:00,126.886,18.906,1.616,0.4979
2026-08-02 05:00:00,128.989,13.550,1.808,0.5710
2026-08-02 05:01:00,133.770,24.127,1.954,0.7446
2026-08-02 05:02:00,126.169,28.072,1.394,0.6568
2026-08-02 05:03:00,134.409,21.337,1.904,0.7529
2026-08-02 05:04:00,128.371,15.306,1.069,0.3518
2026-08-02 05:05:00,131.191,26.989,1.256,0.4937
2026-08-02 05:06:00,129.938,15.895,1.467,0.4745
2026-08-02 05:07:00,130.535,26.327,1.939,0.9507
2026-08-02 05:08:00,131.270,27.147,1.973,0.8564
2026-08-02 05:09:00,125.888,27.016,1.511,0.7838
2026-08-02 05:10:00,127.002,24.425,1.583,0.6709
2026-08-02 05:11:00,132.532,29.184,1.449,0.6740
2026-08-02 05:12:00,132.502,27.894,1.893,0.8332
2026-08-02 05:13:00,130.552,28.673,1.854,0.8493
2026-08-02 05:14:00,134.459,18.579,1.253,0.3743
2026-08-02 05:15:00,125.439,14.850,1.067,0.3528
2026-08-02 05:16:00,134.024,29.949,1.073,0.3564
2026-08-02 05:17:00,129.333,12.791,1.901,0.4410
2026-08-02 05:18:00,134.124,21.654,1.728,0.5270
2026-08-02 05:19:00,129.662,23.827,1.172,0.4015
2026-08-02 05:20:00,132.702,17.134,1.703,0.5249
2026-08-02 05:21:00,134.840,15.588,1.409,0.3674
2026-08-02 05:22:00,133.741,12.964,1.584,0.3387
2026-08-02 05:23:00,125.893,10.813,1.599,0.5116
2026-08-02 05:24:00,132.848,29.543,1.682,0.7315
2026-08-02 05:25:00,129.632,18.763,1.283,0.5203
2026-08-02 05:26:00,127.891,15.802,1.925,0.5651
2026-08-02 05:27:00,132.121,13.699,1.878,0.5434
2026-08-02 05:28:00,129.340,14.638,1.012,0.3737
2026-08-02 05:29:00,130.880,20.518,1.686,0.6546
2026-08-02 05:30:00,132.823,14.893,1.540,0.4162
2026-08-02 05:31:00,133.226,15.438,1.507,0.4230
2026-08-02 05:32:00,129.672,29.742,1.113,0.5489
2026-08-02 05:33:00,129.404,21.854,1.538,0.6216
2026-08-02 05:34:00,129.131,12.047,1.737,0.5385
2026-08-02 05:35:00,131.767,25.083,1.015,0.3635
2026-08-02 05:36:00,134.477,11.574,1.424,0.3824
2026-08-02 05:37:00,127.680,16.372,1.621,0.5839
2026-08-02 05:38:00,127.858,16.785,1.149,0.4178
2026-08-02 05:39:00,131.479,23.867,1.988,0.7938
2026-08-02 05:40:00,129.480,11.509,1.688,0.5040
2026-08-02 05:41:00,125.472,21.571,1.684,0.6788
2026-08-02 05:42:00,125.724,20.562,1.452,0.5414
2026-08-02 05:43:00,131.045,16.713,1.085,0.3550
2026-08-02 05:44:00,128.778,19.629,1.902,0.6852
2026-08-02 05:45:00,131.243,19.319,1.056,0.3945
2026-08-02 05:46:00,132.528,29.487,1.778,0.9087
2026-08-02 05:47:00,128.415,23.422,1.169,0.5044
2026-08-02 05:48:00,130.817,15.917,1.719,0.5570
2026-08-02 05:49:00,129.225,25.921,1.489,0.7576
2026-08-02 05:50:00,134.228,18.997,1.454,0.5007
2026-08-02 05:51:00,134.651,11.926,1.999,0.5278
2026-08-02 05:52:00,131.757,12.820,1.997,0.5139
2026-08-02 05:53:00,128.815,21.332,1.055,0.4197
2026-08-02 05:54:00,134.491,13.270,1.897,0.4395
2026-08-02 05:55:00,128.355,26.663,1.006,0.4899
2026-08-02 05:56:00,130.295,13.240,1.601,0.4811
2026-08-02 05:57:00,134.404,17.410,1.820,0.6039
2026-08-02 05:58:00,131.084,21.125,1.322,0.5266
2026-08-02 05:59:00,129.010,29.944,1.702,0.8135
2026-08-02 06:00:00,125.321,10.942,1.605,0.4850
2026-08-02 06:01:00,132.903,22.653,1.459,0.6426
2026-08-02 06:02:00,125.866,19.954,1.851,0.7702
2026-08-02 06:03:00,125.902,19.045,1.683,0.5942
2026-08-02 06:04:00,127.273,14.761,1.795,0.5325
2026-08-02 06:05:00,131.306,10.159,1.076,0.2571
2026-08-02 06:06:00,133.933,26.155,1.207,0.4375
2026-08-02 06:07:00,125.083,25.072,1.600,0.7308
2026-08-02 06:08:00,131.780,12.226,1.825,0.4358
2026-08-02 06:09:00,130.216,20.933,1.771,0.7049
2026-08-02 06:10:00,131.211,16.723,1.468,0.5722
2026-08-02 06:11:00,131.901,12.158,1.821,0.3737
2026-08-02 06:12:00,131.590,19.189,1.886,0.7266
2026-08-02 06:13:00,133.305,10.088,1.593,0.3964
2026-08-02 06:14:00,126.090,19.394,1.150,0.4795
2026-08-02 06:15:00,127.234,12.840,1.606,0.4691
2026-08-02 06:16:00,133.446,17.059,1.314,0.4549
2026-08-02 06:17:00,125.712,17.529,1.358,0.5227
2026-08-02 06:18:00,134.805,11.450,1.894,0.4150
2026-08-02 06:19:00,129.547,22.358,1.985,0.6980
2026-08-02 06:20:00,128.534,20.225,1.710,0.6965
2026-08-02 06:21:00,129.436,23.201,1.313,0.6304
2026-08-02 06:22:00,127.852,26.484,1.280,0.5093
2026-08-02 06:23:00,133.257,16.480,1.042,0.2654
2026-08-02 06:24:00,131.161,20.122,1.060,0.3609
2026-08-02 06:25:00,127.880,25.523,1.075,0.4710
2026-08-02 06:26:00,132.799,17.080,1.676,0.4881
2026-08-02 06:27:00,132.086,21.108,1.190,0.5169
2026-08-02 06:28:00,130.871,21.220,1.082,0.5330
2026-08-02 06:29:00,129.435,15.168,1.991,0.6460
2026-08-02 06:30:00,133.477,20.661,1.714,0.5664
2026-08-02 06:31:00,127.075,14.854,1.602,0.5426
2026-08-02 06:32:00,134.064,12.972,1.547,0.3221
2026-08-02 06:33:00,130.965,25.955,1.957,0.8285
2026-08-02 06:34:00,134.448,27.240,1.615,0.6959
2026-08-02 06:35:00,134.355,26.053,1.036,0.4542
2026-08-02 06:36:00,125.836,22.361,1.589,0.7329
2026-08-02 06:37:00,128.345,11.493,1.431,0.3564
2026-08-02 06:38:00,131.553,20.616,1.999,0.7463
2026-08-02 06:39:00,126.289,29.034,1.485,0.7227
2026-08-02 06:40:00,130.469,28.123,1.783,0.8622
2026-08-02 06:41:00,128.414,26.134,1.818,0.8519
2026-08-02 06:42:00,134.994,23.887,1.052,0.4933
2026-08-02 06:43:00,127.004,20.109,1.964,0.8120
2026-08-02 06:44:00,126.106,18.777,1.520,0.5492
2026-08-02 06:45:00,129.555,21.826,1.830,0.6598
2026-08-02 06:46:00,127.439,19.466,1.641,0.6525
2026-08-02 06:47:00,133.089,18.255,1.451,0.3375
2026-08-02 06:48:00,125.174,21.963,1.274,0.5385
2026-08-02 06:49:00,131.523,28.342,1.188,0.4951
2026-08-02 06:50:00,129.076,14.372,1.712,0.4811
2026-08-02 06:51:00,134.316,12.712,1.078,0.2735
2026-08-02 06:52:00,134.137,13.149,1.243,0.2532
2026-08-02 06:53:00,133.007,23.984,1.525,0.5038
2026-08-02 06:54:00,129.296,27.401,1.220,0.5883
2026-08-02 06:55:00,129.263,25.334,1.550,0.6586
2026-08-02 06:56:00,125.213,18.079,1.361,0.5564
2026-08-02 06:57:00,134.276,21.305,1.269,0.4596
2026-08-02 06:58:00,134.772,10.928,1.716,0.4028
2026-08-02 06:59:00,127.108,19.293,1.243,0.5004
2026-08-02 07:00:00,129.728,24.911,1.197,0.5505
2026-08-02 07:01:00,130.785,25.840,1.170,0.6047
2026-08-02 07:02:00,130.398,22.236,1.203,0.4975
2026-08-02 07:03:00,129.796,26.641,1.013,0.4857
2026-08-02 07:04:00,131.063,16.905,1.715,0.5699
2026-08-02 07:05:00,132.894,11.756,1.565,0.2640
2026-08-02 07:06:00,129.142,20.322,1.048,0.3971
2026-08-02 07:07:00,125.745,29.854,1.483,0.8410
2026-08-02 07:08:00,127.757,27.810,1.835,0.9031
2026-08-02 07:09:00,126.195,27.524,1.479,0.6934
2026-08-02 07:10:00,131.040,22.117,2.000,0.8030
2026-08-02 07:11:00,130.091,29.080,1.102,0.4467
2026-08-02 07:12:00,126.498,21.187,1.614,0.7205
2026-08-02 07:13:00,128.398,18.718,1.526,0.5418
2026-08-02 07:14:00,134.130,23.173,1.586,0.6045
2026-08-02 07:15:00,133.716,21.079,1.518,0.4798
2026-08-02 07:16:00,130.867,23.961,1.562,0.6553
2026-08-02 07:17:00,125.171,17.553,1.910,0.5961
2026-08-02 07:18:00,132.890,29.468,1.364,0.5793
2026-08-02 07:19:00,125.517,28.848,1.660,0.7950
2026-08-02 07:20:00,134.154,26.060,1.222,0.4480
2026-08-02 07:21:00,130.825,10.690,1.355,0.1158
2026-08-02 07:22:00,127.544,15.267,1.538,0.4734
2026-08-02 07:23:00,125.953,28.706,1.709,0.8720
2026-08-02 07:24:00,132.369,26.227,1.913,0.7494
2026-08-02 07:25:00,126.331,15.060,1.704,0.6102
2026-08-02 07:26:00,129.658,21.444,1.689,0.7214
2026-08-02 07:27:00,125.215,10.538,1.428,0.4100
2026-08-02 07:28:00,134.134,26.576,1.237,0.5266
2026-08-02 07:29:00,132.725,19.884,1.710,0.6163
2026-08-02 07:30:00,126.580,19.809,1.374,0.5871
2026-08-02 07:31:00,131.386,12.795,1.875,0.4614
2026-08-02 07:32:00,129.775,10.681,1.862,0.4038
2026-08-02 07:33:00,125.868,28.881,1.078,0.4927
2026-08-02 07:34:00,129.659,24.619,1.038,0.4850
2026-08-02 07:35:00,128.707,15.240,1.461,0.4233
2026-08-02 07:36:00,127.307,10.492,1.224,0.2985
2026-08-02 07:37:00,134.361,22.719,1.239,0.4300
2026-08-02 07:38:00,127.271,27.378,1.411,0.6828
2026-08-02 07:39:00,131.652,19.406,1.781,0.6685
2026-08-02 07:40:00,134.734,23.321,1.165,0.4693
2026-08-02 07:41:00,125.204,29.069,1.952,0.8904
2026-08-02 07:42:00,126.397,19.673,1.606,0.6685
2026-08-02 07:43:00,132.020,26.248,1.765,0.7434
2026-08-02 07:44:00,130.491,16.942,1.158,0.3960
2026-08-02 07:45:00,133.147,10.247,1.150,0.2269
2026-08-02 07:46:00,129.789,27.057,1.316,0.5446
2026-08-02 07:47:00,134.158,28.985,1.895,0.8688
2026-08-02 07:48:00,127.120,11.157,1.837,0.4868
2026-08-02 07:49:00,129.867,22.987,1.266,0.5916
2026-08-02 07:50:00,133.590,24.156,1.416,0.5485
2026-08-02 07:51:00,126.358,27.323,1.500,0.7264
2026-08-02 07:52:00,130.783,23.489,1.325,0.4970
2026-08-02 07:53:00,129.073,26.432,1.950,0.8789
2026-08-02 07:54:00,130.893,24.678,1.679,0.7570
2026-08-02 07:55:00,126.524,17.642,1.431,0.5309
2026-08-02 07:56:00,130.789,12.674,1.008,0.2843
2026-08-02 07:57:00,130.859,27.891,1.058,0.5715
2026-08-02 07:58:00,130.870,29.033,1.548,0.6371
2026-08-02 07:59:00,126.783,10.475,1.756,0.4040
2026-08-02 08:00:00,128.900,24.089,1.617,0.7135
2026-08-02 08:01:00,129.540,11.958,1.811,0.3825
2026-08-02 08:02:00,131.569,24.165,1.774,0.7527
2026-08-02 08:03:00,134.492,14.280,1.803,0.4337
2026-08-02 08:04:00,125.820,29.551,1.609,0.7931
2026-08-02 08:05:00,134.484,24.868,1.863,0.7743
2026-08-02 08:06:00,133.587,24.045,1.337,0.4436
2026-08-02 08:07:00,128.888,14.374,1.154,0.2389
2026-08-02 08:08:00,130.596,14.767,1.801,0.4184
2026-08-02 08:09:00,127.634,21.112,1.298,0.5487
2026-08-02 08:10:00,129.956,13.212,1.230,0.4007
2026-08-02 08:11:00,133.163,16.350,1.557,0.4097
2026-08-02 08:12:00,125.075,28.310,1.562,0.8540
2026-08-02 08:13:00,133.915,19.095,1.075,0.3532
2026-08-02 08:14:00,130.312,16.828,1.624,0.5439
2026-08-02 08:15:00,131.137,27.150,1.228,0.5944
2026-08-02 08:16:00,129.761,23.366,1.133,0.3629
2026-08-02 08:17:00,127.436,19.021,1.965,0.7974
2026-08-02 08:18:00,128.778,25.405,1.292,0.4627
2026-08-02 08:19:00,130.023,14.245,1.412,0.3248
2026-08-02 08:20:00,129.271,12.119,1.143,0.2226
2026-08-02 08:21:00,130.847,15.787,1.947,0.6475
2026-08-02 08:22:00,125.315,16.322,1.016,0.4122
2026-08-02 08:23:00,132.135,28.005,1.009,0.4920
2026-08-02 08:24:00,130.474,29.377,1.406,0.6479
2026-08-02 08:25:00,134.125,11.086,1.121,0.2239
2026-08-02 08:26:00,129.940,27.829,1.195,0.5716
2026-08-02 08:27:00,125.369,26.541,1.288,0.6147
2026-08-02 08:28:00,133.121,13.783,1.469,0.4052
2026-08-02 08:29:00,134.416,19.476,1.890,0.6205
2026-08-02 08:30:00,131.136,19.695,1.422,0.5080
2026-08-02 08:31:00,128.824,14.127,1.789,0.6681
2026-08-02 08:32:00,130.488,17.641,1.961,0.7221
2026-08-02 08:33:00,133.685,13.224,1.844,0.5004
2026-08-02 08:34:00,125.840,21.204,1.853,0.7645
2026-08-02 08:35:00,125.558,16.789,1.799,0.6719
2026-08-02 08:36:00,133.336,19.239,1.115,0.4324
2026-08-02 08:37:00,126.681,19.908,1.171,0.4801
2026-08-02 08:38:00,132.042,20.506,1.274,0.4358
2026-08-02 08:39:00,134.143,13.680,1.675,0.3336
2026-08-02 08:40:00,127.409,10.260,1.419,0.3340
2026-08-02 08:41:00,134.360,21.462,1.503,0.5706
2026-08-02 08:42:00,133.095,16.076,1.813,0.4671
2026-08-02 08:43:00,131.846,11.292,1.033,0.3328
2026-08-02 08:44:00,130.334,17.512,1.866,0.6495
2026-08-02 08:45:00,127.227,29.773,1.564,0.8597
2026-08-02 08:46:00,130.825,22.361,1.591,0.6198
2026-08-02 08:47:00,125.459,24.461,1.280,0.4605
2026-08-02 08:48:00,129.110,26.874,1.165,0.5024
2026-08-02 08:49:00,131.421,23.535,1.572,0.5876
2026-08-02 08:50:00,133.882,18.807,1.842,0.5506
2026-08-02 08:51:00,126.950,27.360,1.756,0.8666
2026-08-02 08:52:00,125.418,16.103,1.800,0.5980
2026-08-02 08:53:00,125.036,15.088,1.337,0.3815
2026-08-02 08:54:00,133.156,15.196,1.629,0.4284
2026-08-02 08:55:00,128.618,16.982,1.565,0.5923
2026-08-02 08:56:00,126.164,25.547,1.089,0.4906
2026-08-02 08:57:00,133.043,12.158,1.539,0.3196
2026-08-02 08:58:00,125.998,20.468,1.002,0.3876
2026-08-02 08:59:00,130.575,22.007,1.735,0.7423
2026-08-02 09:00:00,131.472,28.607,1.889,0.8716
2026-08-02 09:01:00,134.017,17.681,1.888,0.6201
2026-08-02 09:02:00,129.332,19.550,1.324,0.5203
2026-08-02 09:03:00,131.791,23.764,1.611,0.5407
2026-08-02 09:04:00,125.146,13.310,1.746,0.5531
2026-08-02 09:05:00,130.200,18.150,1.640,0.6309
2026-08-02 09:06:00,129.436,10.635,1.014,0.1121
2026-08-02 09:07:00,127.972,10.036,1.525,0.2516
2026-08-02 09:08:00,134.197,18.490,1.515,0.4182
2026-08-02 09:09:00,131.592,26.323,1.809,0.7224
2026-08-02 09:10:00,130.654,17.679,1.804,0.6125
2026-08-02 09:11:00,126.311,21.062,1.659,0.6142
2026-08-02 09:12:00,131.807,19.425,1.155,0.4319
2026-08-02 09:13:00,129.573,18.597,1.560,0.6926
2026-08-02 09:14:00,132.005,22.244,1.886,0.6823
2026-08-02 09:15:00,132.364,28.992,1.163,0.4256
2026-08-02 09:16:00,133.235,21.018,1.857,0.6357
2026-08-02 09:17:00,129.453,26.974,1.083,0.5166
2026-08-02 09:18:00,133.768,16.701,1.963,0.6003
2026-08-02 09:19:00,128.654,15.575,1.965,0.6863
2026-08-02 09:20:00,131.633,11.586,1.984,0.4671
2026-08-02 09:21:00,128.583,21.675,1.341,0.5593
2026-08-02 09:22:00,133.925,24.735,1.854,0.8740
2026-08-02 09:23:00,129.240,22.574,1.343,0.5221
2026-08-02 09:24:00,127.100,27.007,1.101,0.5160
2026-08-02 09:25:00,134.838,14.218,1.431,0.3982
2026-08-02 09:26:00,128.010,23.301,1.802,0.9187
2026-08-02 09:27:00,134.088,19.916,1.024,0.3936
2026-08-02 09:28:00,133.393,16.320,1.441,0.4357
2026-08-02 09:29:00,130.376,19.747,1.603,0.5582
2026-08-02 09:30:00,127.847,24.430,1.816,0.8794
2026-08-02 09:31:00,125.694,27.815,1.249,0.6078
2026-08-02 09:32:00,127.532,22.010,1.110,0.5519
2026-08-02 09:33:00,133.873,23.259,1.203,0.4322
2026-08-02 09:34:00,127.834,28.684,1.612,0.7371
2026-08-02 09:35:00,127.333,24.806,1.618,0.6374
2026-08-02 09:36:00,125.570,14.421,1.360,0.4850
2026-08-02 09:37:00,130.175,25.335,1.517,0.5388
2026-08-02 09:38:00,130.448,12.567,1.373,0.4410
2026-08-02 09:39:00,131.878,12.683,1.091,0.1937
2026-08-02 09:40:00,133.672,29.018,1.090,0.3560
2026-08-02 09:41:00,126.050,12.242,1.508,0.4421
2026-08-02 09:42:00,128.728,26.570,1.930,0.9308
2026-08-02 09:43:00,131.152,23.517,1.438,0.5674
2026-08-02 09:44:00,126.912,25.102,1.522,0.7375
2026-08-02 09:45:00,127.710,21.220,1.809,0.7546
2026-08-02 09:46:00,132.952,25.163,1.545,0.6596
2026-08-02 09:47:00,125.344,29.093,1.054,0.6263
2026-08-02 09:48:00,133.934,24.841,1.376,0.4919
2026-08-02 09:49:00,132.845,16.398,1.022,0.3174
2026-08-02 09:50:00,128.246,27.883,1.920,0.7834
2026-08-02 09:51:00,128.469,19.572,1.980,0.8360
2026-08-02 09:52:00,127.434,13.182,1.223,0.3449
2026-08-02 09:53:00,125.074,28.104,1.545,0.7759
2026-08-02 09:54:00,132.066,18.270,1.076,0.3374
2026-08-02 09:55:00,132.956,14.975,1.221,0.3044
2026-08-02 09:56:00,126.834,22.796,1.088,0.5127
2026-08-02 09:57:00,128.984,29.910,1.004,0.5127
2026-08-02 09:58:00,129.544,26.873,1.653,0.7065
2026-08-02 09:59:00,125.894,15.019,1.436,0.5933
2026-08-02 10:00:00,127.900,24.255,1.695,0.7927
2026-08-02 10:01:00,127.895,15.090,1.970,0.7391
2026-08-02 10:02:00,133.569,20.246,1.896,0.5420
2026-08-02 10:03:00,126.062,12.811,1.036,0.2758
2026-08-02 10:04:00,127.366,15.774,1.409,0.5362
2026-08-02 10:05:00,129.542,29.810,1.936,0.8438
2026-08-02 10:06:00,126.386,19.102,1.962,0.7477
2026-08-02 10:07:00,127.024,24.839,1.724,0.7166
2026-08-02 10:08:00,134.548,18.767,1.253,0.4232
2026-08-02 10:09:00,133.685,10.035,1.431,0.2722
2026-08-02 10:10:00,126.278,23.085,1.282,0.5026
2026-08-02 10:11:00,127.719,18.383,1.254,0.5695
2026-08-02 10:12:00,133.701,15.229,1.259,0.3930
2026-08-02 10:13:00,128.510,13.914,1.689,0.5503
2026-08-02 10:14:00,129.418,19.721,1.704,0.6496
2026-08-02 10:15:00,126.825,27.952,1.570,0.8092
2026-08-02 10:16:00,130.469,16.822,1.941,0.6725
2026-08-02 10:17:00,126.452,21.308,1.761,0.6297
2026-08-02 10:18:00,130.238,11.027,1.420,0.4635
2026-08-02 10:19:00,134.187,24.446,1.823,0.8075
2026-08-02 10:20:00,129.772,25.657,1.242,0.5136
2026-08-02 10:21:00,133.213,17.549,1.415,0.3495
2026-08-02 10:22:00,130.741,18.789,1.053,0.3056
2026-08-02 10:23:00,128.672,11.387,1.915,0.4409
2026-08-02 10:24:00,134.421,28.411,1.276,0.5526
2026-08-02 10:25:00,134.969,21.019,1.103,0.3538
2026-08-02 10:26:00,128.253,12.794,1.773,0.4773
2026-08-02 10:27:00,134.888,24.880,1.945,0.7843
2026-08-02 10:28:00,134.841,25.571,1.839,0.7121
2026-08-02 10:29:00,128.188,14.026,1.323,0.4671
2026-08-02 10:30:00,129.557,19.069,1.998,0.7311
2026-08-02 10:31:00,125.409,18.867,1.276,0.6138
2026-08-02 10:32:00,125.160,17.454,1.230,0.6084
2026-08-02 10:33:00,126.582,27.296,1.201,0.5925
2026-08-02 10:34:00,127.684,24.142,1.015,0.4282
2026-08-02 10:35:00,133.917,27.673,1.581,0.6574
2026-08-02 10:36:00,128.274,20.599,1.735,0.7529
2026-08-02 10:37:00,132.170,26.188,1.608,0.7285
2026-08-02 10:38:00,134.467,14.736,1.533,0.3037
2026-08-02 10:39:00,130.263,15.591,1.641,0.5529
2026-08-02 10:40:00,133.394,19.873,1.871,0.6221
2026-08-02 10:41:00,129.157,19.823,1.309,0.5140
2026-08-02 10:42:00,127.552,10.870,1.476,0.3880
2026-08-02 10:43:00,132.724,21.713,1.903,0.6817
2026-08-02 10:44:00,131.435,10.312,1.271,0.1878
2026-08-02 10:45:00,131.612,13.860,1.047,0.1990
2026-08-02 10:46:00,128.300,16.282,1.333,0.4391
2026-08-02 10:47:00,129.964,26.755,1.664,0.7333
2026-08-02 10:48:00,128.899,13.919,1.063,0.3178
2026-08-02 10:49:00,134.035,17.815,1.196,0.3928
2026-08-02 10:50:00,134.315,22.927,1.431,0.4801
2026-08-02 10:51:00,126.132,12.993,1.375,0.3428
2026-08-02 10:52:00,132.084,11.480,1.922,0.5240
2026-08-02 10:53:00,127.625,10.140,1.530,0.4148
2026-08-02 10:54:00,132.150,29.253,1.888,0.8037
2026-08-02 10:55:00,127.557,10.791,1.400,0.4184
2026-08-02 10:56:00,129.450,23.051,1.583,0.5947
2026-08-02 10:57:00,129.101,10.085,1.565,0.3862
2026-08-02 10:58:00,133.167,26.533,1.161,0.4955
2026-08-02 10:59:00,128.521,23.394,1.015,0.3937
2026-08-02 11:00:00,134.134,29.596,1.269,0.5789
2026-08-02 11:01:00,126.039,28.723,1.052,0.4475
2026-08-02 11:02:00,127.348,29.304,1.746,0.8586
2026-08-02 11:03:00,127.362,11.534,1.845,0.5087
2026-08-02 11:04:00,127.557,21.708,1.341,0.4920
2026-08-02 11:05:00,130.982,24.932,1.175,0.5308
2026-08-02 11:06:00,128.895,12.473,1.150,0.3899
2026-08-02 11:07:00,129.577,14.188,1.509,0.4522
2026-08-02 11:08:00,134.888,18.163,1.443,0.4568
2026-08-02 11:09:00,133.251,26.987,1.944,0.7967
2026-08-02 11:10:00,129.326,26.322,1.908,0.8486
2026-08-02 11:11:00,132.483,26.326,1.949,0.7865
2026-08-02 11:12:00,126.292,15.502,1.653,0.5763
2026-08-02 11:13:00,128.223,25.312,1.849,0.8131
2026-08-02 11:14:00,134.329,11.893,1.807,0.5199
2026-08-02 11:15:00,134.790,28.968,1.298,0.5337
2026-08-02 11:16:00,133.605,19.924,1.616,0.4979
2026-08-02 11:17:00,131.445,24.339,1.506,0.5120
2026-08-02 11:18:00,133.117,29.474,1.569,0.7519
2026-08-02 11:19:00,126.422,18.297,1.439,0.6408
2026-08-02 11:20:00,129.028,16.071,1.249,0.3451
2026-08-02 11:21:00,130.971,16.309,1.795,0.6119
2026-08-02 11:22:00,130.948,11.853,1.154,0.3255
2026-08-02 11:23:00,127.724,23.532,1.270,0.5518
2026-08-02 11:24:00,131.314,29.921,1.816,0.7695
2026-08-02 11:25:00,127.841,27.460,1.898,0.9250
2026-08-02 11:26:00,132.527,29.338,1.935,0.9401
2026-08-02 11:27:00,129.788,14.217,1.954,0.6713
2026-08-02 11:28:00,130.406,11.389,1.145,0.3183
2026-08-02 11:29:00,134.442,15.520,1.540,0.4880
2026-08-02 11:30:00,134.764,22.186,1.179,0.3131
2026-08-02 11:31:00,133.058,24.644,1.486,0.6272
2026-08-02 11:32:00,129.347,25.650,1.738,0.8033
2026-08-02 11:33:00,129.509,10.932,1.975,0.4746
2026-08-02 11:34:00,130.163,22.140,1.969,0.7884
2026-08-02 11:35:00,132.688,15.301,1.578,0.4314
2026-08-02 11:36:00,132.305,15.252,1.392,0.3184
2026-08-02 11:37:00,127.782,25.674,1.359,0.6558
2026-08-02 11:38:00,129.544,27.885,1.547,0.8244
2026-08-02 11:39:00,131.771,21.958,1.117,0.3737
2026-08-02 11:40:00,125.750,10.376,1.377,0.3725
2026-08-02 11:41:00,126.071,16.552,1.134,0.3340
2026-08-02 11:42:00,133.242,28.801,1.062,0.4744
2026-08-02 11:43:00,134.294,22.424,1.961,0.6780
2026-08-02 11:44:00,126.789,26.685,1.318,0.6166
2026-08-02 11:45:00,134.167,19.555,1.473,0.5530
2026-08-02 11:46:00,133.555,18.935,1.696,0.5823
2026-08-02 11:47:00,126.468,21.079,1.510,0.6261
2026-08-02 11:48:00,126.464,26.870,1.899,0.8551
2026-08-02 11:49:00,129.909,28.946,1.910,0.9317
2026-08-02 11:50:00,132.870,20.688,1.278,0.3915
2026-08-02 11:51:00,129.913,29.148,1.428,0.7479
2026-08-02 11:52:00,133.219,25.674,1.200,0.4949
2026-08-02 11:53:00,126.328,25.524,1.931,0.8424
2026-08-02 11:54:00,127.473,28.893,1.060,0.4270
2026-08-02 11:55:00,132.286,12.808,1.806,0.4528
2026-08-02 11:56:00,130.091,10.976,1.831,0.4319
2026-08-02 11:57:00,129.097,12.389,1.879,0.5501
2026-08-02 11:58:00,133.357,21.328,1.650,0.5357
2026-08-02 11:59:00,126.399,27.180,1.516,0.7799
2026-08-02 12:00:00,129.082,11.038,1.604,0.2582
2026-08-02 12:01:00,134.033,20.182,1.191,0.4145
2026-08-02 12:02:00,134.103,22.529,1.176,0.3897
2026-08-02 12:03:00,128.671,22.186,1.792,0.7445
2026-08-02 12:04:00,129.266,15.816,1.545,0.5798
2026-08-02 12:05:00,125.762,14.834,1.932,0.7179
2026-08-02 12:06:00,127.141,10.452,1.268,0.3486
2026-08-02 12:07:00,125.177,13.188,1.283,0.4930
2026-08-02 12:08:00,130.334,10.259,1.510,0.4351
2026-08-02 12:09:00,134.883,19.762,1.079,0.4506
2026-08-02 12:10:00,126.464,23.258,1.743,0.7373
2026-08-02 12:11:00,134.501,22.218,1.167,0.4670
2026-08-02 12:12:00,129.071,24.362,1.562,0.7201
2026-08-02 12:13:00,125.503,11.651,1.099,0.3227
2026-08-02 12:14:00,126.603,21.326,1.409,0.6559
2026-08-02 12:15:00,129.531,14.075,1.559,0.4716
2026-08-02 12:16:00,127.048,22.910,1.530,0.5762
2026-08-02 12:17:00,131.686,26.155,1.975,0.9161
2026-08-02 12:18:00,127.366,22.755,1.670,0.6821
2026-08-02 12:19:00,132.749,17.904,1.533,0.3969
2026-08-02 12:20:00,127.095,17.729,1.653,0.8080
2026-08-02 12:21:00,130.873,21.173,1.740,0.5989
2026-08-02 12:22:00,130.225,27.846,1.955,0.9256
2026-08-02 12:23:00,133.035,23.129,1.147,0.3767
2026-08-02 12:24:00,131.081,11.963,1.714,0.4152
2026-08-02 12:25:00,130.151,25.696,1.013,0.3984
2026-08-02 12:26:00,134.055,11.060,1.006,0.1646
2026-08-02 12:27:00,133.813,17.466,1.714,0.5897
2026-08-02 12:28:00,133.823,17.552,1.554,0.6254
2026-08-02 12:29:00,127.369,22.479,1.800,0.7694
2026-08-02 12:30:00,132.185,26.722,1.378,0.4803
2026-08-02 12:31:00,131.402,15.525,1.153,0.2916
2026-08-02 12:32:00,133.490,22.694,1.643,0.5668
2026-08-02 12:33:00,131.319,21.568,1.521,0.5871
2026-08-02 12:34:00,126.920,22.200,1.298,0.5313
2026-08-02 12:35:00,127.872,10.378,1.466,0.4973
2026-08-02 12:36:00,129.848,20.238,1.548,0.5824
2026-08-02 12:37:00,130.536,28.722,1.206,0.6017
2026-08-02 12:38:00,129.269,14.931,1.734,0.5374
2026-08-02 12:39:00,133.618,25.708,1.607,0.6468
2026-08-02 12:40:00,133.522,24.423,1.066,0.3968
2026-08-02 12:41:00,132.492,29.719,1.501,0.6740
2026-08-02 12:42:00,129.454,16.356,1.270,0.3948
2026-08-02 12:43:00,132.623,27.044,1.889,0.8050
2026-08-02 12:44:00,133.588,15.522,1.451,0.3881
2026-08-02 12:45:00,131.060,19.166,1.144,0.5442
2026-08-02 12:46:00,131.058,19.643,1.666,0.6274
2026-08-02 12:47:00,127.347,24.044,1.264,0.5962
2026-08-02 12:48:00,128.551,14.953,1.959,0.6208
2026-08-02 12:49:00,131.852,16.733,1.035,0.2427
2026-08-02 12:50:00,134.021,29.513,1.131,0.4099
2026-08-02 12:51:00,131.874,23.064,1.993,0.7731
2026-08-02 12:52:00,128.421,21.004,1.948,0.7694
2026-08-02 12:53:00,132.865,11.108,1.061,0.2689
2026-08-02 12:54:00,129.809,29.955,1.379,0.6674
2026-08-02 12:55:00,128.600,25.311,1.941,0.8358
2026-08-02 12:56:00,128.519,29.543,1.271,0.7746
2026-08-02 12:57:00,132.997,16.724,1.859,0.5987
2026-08-02 12:58:00,133.557,12.530,1.521,0.3518
2026-08-02 12:59:00,128.269,24.920,1.808,0.7808
2026-08-02 13:00:00,127.054,24.744,1.664,0.7984
2026-08-02 13:01:00,130.365,27.407,1.804,0.7962
2026-08-02 13:02:00,133.437,10.144,1.344,0.3423
2026-08-02 13:03:00,126.062,21.742,1.985,0.8506
2026-08-02 13:04:00,129.876,12.849,1.396,0.3673
2026-08-02 13:05:00,125.005,19.578,1.038,0.3450
2026-08-02 13:06:00,130.923,29.986,1.768,0.8860
2026-08-02 13:07:00,127.588,24.907,1.218,0.4835
2026-08-02 13:08:00,128.723,15.286,1.093,0.4006
2026-08-02 13:09:00,128.211,22.498,1.685,0.6717
2026-08-02 13:10:00,129.917,19.628,1.780,0.7138
2026-08-02 13:11:00,131.805,19.065,1.633,0.6476
2026-08-02 13:12:00,125.998,11.307,1.245,0.3076
2026-08-02 13:13:00,131.543,22.899,1.210,0.4266
2026-08-02 13:14:00,127.786,22.252,1.313,0.6860
2026-08-02 13:15:00,132.501,11.812,1.688,0.4409
2026-08-02 13:16:00,126.066,12.581,1.059,0.3663
2026-08-02 13:17:00,132.965,19.214,1.861,0.5544
2026-08-02 13:18:00,131.910,20.766,1.963,0.6615
2026-08-02 13:19:00,125.981,13.826,1.885,0.6271
2026-08-02 13:20:00,133.874,26.635,1.423,0.5612
2026-08-02 13:21:00,125.751,24.175,1.527,0.6427
2026-08-02 13:22:00,126.369,14.506,1.514,0.5214
2026-08-02 13:23:00,126.874,26.082,1.597,0.6461
2026-08-02 13:24:00,126.910,21.714,1.855,0.8030
2026-08-02 13:25:00,134.156,16.342,1.866,0.5000
2026-08-02 13:26:00,129.095,26.569,1.311,0.6359
2026-08-02 13:27:00,126.613,20.243,1.111,0.4602
2026-08-02 13:28:00,130.480,18.745,1.556,0.5865
2026-08-02 13:29:00,132.433,10.318,1.039,0.3101
2026-08-02 13:30:00,134.784,26.425,1.678,0.6316
2026-08-02 13:31:00,130.981,15.524,1.713,0.4734
2026-08-02 13:32:00,126.184,15.809,1.671,0.6643
2026-08-02 13:33:00,126.264,26.710,1.259,0.7061
2026-08-02 13:34:00,134.260,11.726,1.742,0.4810
2026-08-02 13:35:00,132.661,29.090,1.293,0.4323
2026-08-02 13:36:00,126.479,16.624,1.424,0.5536
2026-08-02 13:37:00,132.919,16.670,1.699,0.4719
2026-08-02 13:38:00,125.974,23.982,1.310,0.6516
2026-08-02 13:39:00,128.745,17.219,1.887,0.6489
2026-08-02 13:40:00,125.211,15.417,1.326,0.4532
2026-08-02 13:41:00,134.749,13.187,1.860,0.4418
2026-08-02 13:42:00,128.399,16.639,1.940,0.6373
2026-08-02 13:43:00,126.247,29.450,1.375,0.6172
2026-08-02 13:44:00,133.114,12.622,1.052,0.2432
2026-08-02 13:45:00,129.173,28.722,1.254,0.5988
2026-08-02 13:46:00,131.206,21.486,1.770,0.7662
2026-08-02 13:47:00,133.620,23.495,1.095,0.4496
2026-08-02 13:48:00,127.607,25.914,1.875,0.8458
2026-08-02 13:49:00,130.383,10.884,1.599,0.3684
2026-08-02 13:50:00,126.659,29.487,1.797,0.7217
2026-08-02 13:51:00,133.509,25.194,1.759,0.6802
2026-08-02 13:52:00,128.204,26.040,1.753,0.8072
2026-08-02 13:53:00,129.871,18.514,1.024,0.3310
2026-08-02 13:54:00,132.241,21.943,1.739,0.6260
2026-08-02 13:55:00,134.037,21.227,1.678,0.4471
2026-08-02 13:56:00,128.479,11.962,1.602,0.3584
2026-08-02 13:57:00,125.849,13.873,1.857,0.5427
2026-08-02 13:58:00,130.237,25.374,1.529,0.6154
2026-08-02 13:59:00,125.132,19.884,1.570,0.4740
2026-08-02 14:00:00,128.926,13.712,1.518,0.4446
2026-08-02 14:01:00,129.082,27.148,1.744,0.7938
2026-08-02 14:02:00,129.660,13.410,1.931,0.5848
2026-08-02 14:03:00,129.084,28.467,1.599,0.7257
2026-08-02 14:04:00,132.381,25.096,1.353,0.6030
2026-08-02 14:05:00,127.369,26.311,1.512,0.8118
2026-08-02 14:06:00,130.194,20.108,1.946,0.6459
2026-08-02 14:07:00,128.250,20.043,1.183,0.3886
2026-08-02 14:08:00,131.213,12.399,1.906,0.5215
2026-08-02 14:09:00,129.220,28.678,1.832,0.8969
2026-08-02 14:10:00,127.063,17.790,1.369,0.4387
2026-08-02 14:11:00,130.938,21.410,1.878,0.8216
2026-08-02 14:12:00,127.478,11.452,1.749,0.4238
2026-08-02 14:13:00,128.965,13.968,1.948,0.5777
2026-08-02 14:14:00,129.158,27.398,1.509,0.7335
2026-08-02 14:15:00,133.984,18.728,1.717,0.6484
2026-08-02 14:16:00,132.394,17.683,1.353,0.3837
2026-08-02 14:17:00,131.293,15.258,1.383,0.4655
2026-08-02 14:18:00,126.124,29.190,1.180,0.5880
2026-08-02 14:19:00,128.091,23.508,1.575,0.5920
2026-08-02 14:20:00,125.498,19.875,1.004,0.3793
2026-08-02 14:21:00,130.391,29.099,1.919,0.8167
2026-08-02 14:22:00,126.178,21.504,1.331,0.6101
2026-08-02 14:23:00,125.291,28.610,1.622,0.7366
2026-08-02 14:24:00,128.568,13.192,1.974,0.6088
2026-08-02 14:25:00,132.441,18.211,1.419,0.4726
2026-08-02 14:26:00,129.258,20.940,1.071,0.4411
2026-08-02 14:27:00,125.866,13.574,1.375,0.4437
2026-08-02 14:28:00,130.400,22.696,1.980,0.7438
2026-08-02 14:29:00,129.495,24.742,1.958,0.8672
2026-08-02 14:30:00,134.609,14.782,1.682,0.4670
2026-08-02 14:31:00,126.372,17.859,1.680,0.6087
2026-08-02 14:32:00,131.828,28.561,1.483,0.8142
2026-08-02 14:33:00,132.206,21.782,1.505,0.4956
2026-08-02 14:34:00,133.485,23.917,1.553,0.6323
2026-08-02 14:35:00,133.466,25.912,1.396,0.6038
2026-08-02 14:36:00,129.043,14.406,1.817,0.5457
2026-08-02 14:37:00,132.475,24.373,1.908,0.7801
2026-08-02 14:38:00,128.916,27.724,1.863,0.8924
2026-08-02 14:39:00,133.947,29.061,1.283,0.5479
2026-08-02 14:40:00,132.049,11.978,1.201,0.2672
2026-08-02 14:41:00,125.423,14.173,1.976,0.6590
2026-08-02 14:42:00,126.885,10.124,1.157,0.2584
2026-08-02 14:43:00,134.042,17.924,1.373,0.5181
2026-08-02 14:44:00,130.633,16.019,1.050,0.3886
2026-08-02 14:45:00,132.771,21.751,1.210,0.4539
2026-08-02 14:46:00,133.510,14.885,1.427,0.3584
2026-08-02 14:47:00,125.478,24.002,1.061,0.4700
2026-08-02 14:48:00,126.091,29.196,1.574,0.7580
2026-08-02 14:49:00,134.376,12.023,1.430,0.3310
2026-08-02 14:50:00,131.087,14.293,1.431,0.3218
2026-08-02 14:51:00,132.194,13.886,1.763,0.4567
2026-08-02 14:52:00,128.946,29.579,1.395,0.6047
2026-08-02 14:53:00,127.419,21.620,1.068,0.4035
2026-08-02 14:54:00,125.999,16.241,1.683,0.7190
2026-08-02 14:55:00,127.141,17.614,1.697,0.6099
2026-08-02 14:56:00,126.027,26.262,1.514,0.7355
2026-08-02 14:57:00,134.276,25.050,1.005,0.3804
2026-08-02 14:58:00,133.713,18.373,1.949,0.6718
2026-08-02 14:59:00,132.547,15.696,1.304,0.3686
2026-08-02 15:00:00,125.221,29.150,1.306,0.6355
2026-08-02 15:01:00,130.215,26.727,1.185,0.4845
2026-08-02 15:02:00,127.397,10.129,1.637,0.3669
2026-08-02 15:03:00,125.754,20.186,1.595,0.7536
2026-08-02 15:04:00,125.209,10.854,1.888,0.5536
2026-08-02 15:05:00,132.168,20.957,1.625,0.5612
2026-08-02 15:06:00,128.790,28.864,1.272,0.6557
2026-08-02 15:07:00,130.888,10.399,1.785,0.4838
2026-08-02 15:08:00,132.744,16.122,1.290,0.3504
2026-08-02 15:09:00,129.483,20.051,1.896,0.7046
2026-08-02 15:10:00,126.292,15.120,1.106,0.3802
2026-08-02 15:11:00,134.434,12.421,1.424,0.2973
2026-08-02 15:12:00,131.468,15.418,1.980,0.5749
2026-08-02 15:13:00,126.990,17.739,1.756,0.6269
2026-08-02 15:14:00,131.828,16.227,1.344,0.4126
2026-08-02 15:15:00,129.283,29.880,1.745,1.0215
2026-08-02 15:16:00,132.925,29.233,1.015,0.3939
2026-08-02 15:17:00,132.200,22.667,1.018,0.3048
2026-08-02 15:18:00,127.611,11.091,1.405,0.4343
2026-08-02 15:19:00,132.406,11.569,1.958,0.4843
